Predicted_Moisture(%),Status,Recommendation,Urgency,Agronomic_Rationale,Current_Timestamp,Forecast_Target_Time
80.23,SATURATION / EXCESS,Irrigation Prohibited (Risk of Waterlogging),None,Forecasted moisture (80.2%) indicates near-saturated conditions (> 65.0%).,2025-07-18 10:00:00,2025-07-19 10:00:00
80.02,SATURATION / EXCESS,Irrigation Prohibited (Risk of Waterlogging),None,Forecasted moisture (80.0%) indicates near-saturated conditions (> 65.0%).,2025-07-18 11:00:00,2025-07-19 11:00:00
79.93,SATURATION / EXCESS,Irrigation Prohibited (Risk of Waterlogging),None,Forecasted moisture (79.9%) indicates near-saturated conditions (> 65.0%).,2025-07-18 12:00:00,2025-07-19 12:00:00
79.82,SATURATION / EXCESS,Irrigation Prohibited (Risk of Waterlogging),None,Forecasted moisture (79.8%) indicates near-saturated conditions (> 65.0%).,2025-07-18 13:00:00,2025-07-19 13:00:00
79.87,SATURATION / EXCESS,Irrigation Prohibited (Risk of Waterlogging),None,Forecasted moisture (79.9%) indicates near-saturated conditions (> 65.0%).,2025-07-18 14:00:00,2025-07-19 14:00:00
78.55,SATURATION / EXCESS,Irrigation Prohibited (Risk of Waterlogging),None,Forecasted moisture (78.5%) indicates near-saturated conditions (> 65.0%).,2025-07-18 15:00:00,2025-07-19 15:00:00
79.17,SATURATION / EXCESS,Irrigation Prohibited (Risk of Waterlogging),None,Forecasted moisture (79.2%) indicates near-saturated conditions (> 65.0%).,2025-07-18 16:00:00,2025-07-19 16:00:00
79.24,SATURATION / EXCESS,Irrigation Prohibited (Risk of Waterlogging),None,Forecasted moisture (79.2%) indicates near-saturated conditions (> 65.0%).,2025-07-18 17:00:00,2025-07-19 17:00:00
79.24,SATURATION / EXCESS,Irrigation Prohibited (Risk of Waterlogging),None,Forecasted moisture (79.2%) indicates near-saturated conditions (> 65.0%).,2025-07-18 18:00:00,2025-07-19 18:00:00
79.22,SATURATION / EXCESS,Irrigation Prohibited (Risk of Waterlogging),None,Forecasted moisture (79.2%) indicates near-saturated conditions (> 65.0%).,2025-07-18 19:00:00,2025-07-19 19:00:00
79.26,SATURATION / EXCESS,Irrigation Prohibited (Risk of Waterlogging),None,Forecasted moisture (79.3%) indicates near-saturated conditions (> 65.0%).,2025-07-18 20:00:00,2025-07-19 20:00:00
79.23,SATURATION / EXCESS,Irrigation Prohibited (Risk of Waterlogging),None,Forecasted moisture (79.2%) indicates near-saturated conditions (> 65.0%).,2025-07-18 21:00:00,2025-07-19 21:00:00
79.25,SATURATION / EXCESS,Irrigation Prohibited (Risk of Waterlogging),None,Forecasted moisture (79.3%) indicates near-saturated conditions (> 65.0%).,2025-07-18 22:00:00,2025-07-19 22:00:00
79.22,SATURATION / EXCESS,Irrigation Prohibited (Risk of Waterlogging),None,Forecasted moisture (79.2%) indicates near-saturated conditions (> 65.0%).,2025-07-18 23:00:00,2025-07-19 23:00:00
79.18,SATURATION / EXCESS,Irrigation Prohibited (Risk of Waterlogging),None,Forecasted moisture (79.2%) indicates near-saturated conditions (> 65.0%).,2025-07-19 00:00:00,2025-07-20 00:00:00
79.43,SATURATION / EXCESS,Irrigation Prohibited (Risk of Waterlogging),None,Forecasted moisture (79.4%) indicates near-saturated conditions (> 65.0%).,2025-07-19 01:00:00,2025-07-20 01:00:00
79.28,SATURATION / EXCESS,Irrigation Prohibited (Risk of Waterlogging),None,Forecasted moisture (79.3%) indicates near-saturated conditions (> 65.0%).,2025-07-19 02:00:00,2025-07-20 02:00:00
78.98,SATURATION / EXCESS,Irrigation Prohibited (Risk of Waterlogging),None,Forecasted moisture (79.0%) indicates near-saturated conditions (> 65.0%).,2025-07-19 03:00:00,2025-07-20 03:00:00
79.01,SATURATION / EXCESS,Irrigation Prohibited (Risk of Waterlogging),None,Forecasted moisture (79.0%) indicates near-saturated conditions (> 65.0%).,2025-07-19 04:00:00,2025-07-20 04:00:00
80.88,SATURATION / EXCESS,Irrigation Prohibited (Risk of Waterlogging),None,Forecasted moisture (80.9%) indicates near-saturated conditions (> 65.0%).,2025-07-19 05:00:00,2025-07-20 05:00:00
80.88,SATURATION / EXCESS,Irrigation Prohibited (Risk of Waterlogging),None,Forecasted moisture (80.9%) indicates near-saturated conditions (> 65.0%).,2025-07-19 06:00:00,2025-07-20 06:00:00
80.9,SATURATION / EXCESS,Irrigation Prohibited (Risk of Waterlogging),None,Forecasted moisture (80.9%) indicates near-saturated conditions (> 65.0%).,2025-07-19 07:00:00,2025-07-20 07:00:00
80.94,SATURATION / EXCESS,Irrigation Prohibited (Risk of Waterlogging),None,Forecasted moisture (80.9%) indicates near-saturated conditions (> 65.0%).,2025-07-19 08:00:00,2025-07-20 08:00:00
80.9,SATURATION / EXCESS,Irrigation Prohibited (Risk of Waterlogging),None,Forecasted moisture (80.9%) indicates near-saturated conditions (> 65.0%).,2025-07-19 09:00:00,2025-07-20 09:00:00
82.8,SATURATION / EXCESS,Irrigation Prohibited (Risk of Waterlogging),None,Forecasted moisture (82.8%) indicates near-saturated conditions (> 65.0%).,2025-07-19 10:00:00,2025-07-20 10:00:00
82.72,SATURATION / EXCESS,Irrigation Prohibited (Risk of Waterlogging),None,Forecasted moisture (82.7%) indicates near-saturated conditions (> 65.0%).,2025-07-19 11:00:00,2025-07-20 11:00:00
81.01,SATURATION / EXCESS,Irrigation Prohibited (Risk of Waterlogging),None,Forecasted moisture (81.0%) indicates near-saturated conditions (> 65.0%).,2025-07-19 12:00:00,2025-07-20 12:00:00
80.72,SATURATION / EXCESS,Irrigation Prohibited (Risk of Waterlogging),None,Forecasted moisture (80.7%) indicates near-saturated conditions (> 65.0%).,2025-07-19 13:00:00,2025-07-20 13:00:00
78.86,SATURATION / EXCESS,Irrigation Prohibited (Risk of Waterlogging),None,Forecasted moisture (78.9%) indicates near-saturated conditions (> 65.0%).,2025-07-19 14:00:00,2025-07-20 14:00:00
79.22,SATURATION / EXCESS,Irrigation Prohibited (Risk of Waterlogging),None,Forecasted moisture (79.2%) indicates near-saturated conditions (> 65.0%).,2025-07-19 15:00:00,2025-07-20 15:00:00
78.9,SATURATION / EXCESS,Irrigation Prohibited (Risk of Waterlogging),None,Forecasted moisture (78.9%) indicates near-saturated conditions (> 65.0%).,2025-07-19 16:00:00,2025-07-20 16:00:00
79.05,SATURATION / EXCESS,Irrigation Prohibited (Risk of Waterlogging),None,Forecasted moisture (79.1%) indicates near-saturated conditions (> 65.0%).,2025-07-19 17:00:00,2025-07-20 17:00:00
79.46,SATURATION / EXCESS,Irrigation Prohibited (Risk of Waterlogging),None,Forecasted moisture (79.5%) indicates near-saturated conditions (> 65.0%).,2025-07-19 18:00:00,2025-07-20 18:00:00
79.02,SATURATION / EXCESS,Irrigation Prohibited (Risk of Waterlogging),None,Forecasted moisture (79.0%) indicates near-saturated conditions (> 65.0%).,2025-07-19 19:00:00,2025-07-20 19:00:00
79.02,SATURATION / EXCESS,Irrigation Prohibited (Risk of Waterlogging),None,Forecasted moisture (79.0%) indicates near-saturated conditions (> 65.0%).,2025-07-19 20:00:00,2025-07-20 20:00:00
79.06,SATURATION / EXCESS,Irrigation Prohibited (Risk of Waterlogging),None,Forecasted moisture (79.1%) indicates near-saturated conditions (> 65.0%).,2025-07-19 21:00:00,2025-07-20 21:00:00
79.05,SATURATION / EXCESS,Irrigation Prohibited (Risk of Waterlogging),None,Forecasted moisture (79.0%) indicates near-saturated conditions (> 65.0%).,2025-07-19 22:00:00,2025-07-20 22:00:00
78.99,SATURATION / EXCESS,Irrigation Prohibited (Risk of Waterlogging),None,Forecasted moisture (79.0%) indicates near-saturated conditions (> 65.0%).,2025-07-19 23:00:00,2025-07-20 23:00:00
78.98,SATURATION / EXCESS,Irrigation Prohibited (Risk of Waterlogging),None,Forecasted moisture (79.0%) indicates near-saturated conditions (> 65.0%).,2025-07-20 00:00:00,2025-07-21 00:00:00
78.95,SATURATION / EXCESS,Irrigation Prohibited (Risk of Waterlogging),None,Forecasted moisture (78.9%) indicates near-saturated conditions (> 65.0%).,2025-07-20 01:00:00,2025-07-21 01:00:00
78.96,SATURATION / EXCESS,Irrigation Prohibited (Risk of Waterlogging),None,Forecasted moisture (79.0%) indicates near-saturated conditions (> 65.0%).,2025-07-20 02:00:00,2025-07-21 02:00:00
79.02,SATURATION / EXCESS,Irrigation Prohibited (Risk of Waterlogging),None,Forecasted moisture (79.0%) indicates near-saturated conditions (> 65.0%).,2025-07-20 03:00:00,2025-07-21 03:00:00
79.01,SATURATION / EXCESS,Irrigation Prohibited (Risk of Waterlogging),None,Forecasted moisture (79.0%) indicates near-saturated conditions (> 65.0%).,2025-07-20 04:00:00,2025-07-21 04:00:00
79.05,SATURATION / EXCESS,Irrigation Prohibited (Risk of Waterlogging),None,Forecasted moisture (79.1%) indicates near-saturated conditions (> 65.0%).,2025-07-20 05:00:00,2025-07-21 05:00:00
78.96,SATURATION / EXCESS,Irrigation Prohibited (Risk of Waterlogging),None,Forecasted moisture (79.0%) indicates near-saturated conditions (> 65.0%).,2025-07-20 06:00:00,2025-07-21 06:00:00
79.25,SATURATION / EXCESS,Irrigation Prohibited (Risk of Waterlogging),None,Forecasted moisture (79.3%) indicates near-saturated conditions (> 65.0%).,2025-07-20 07:00:00,2025-07-21 07:00:00
79.23,SATURATION / EXCESS,Irrigation Prohibited (Risk of Waterlogging),None,Forecasted moisture (79.2%) indicates near-saturated conditions (> 65.0%).,2025-07-20 08:00:00,2025-07-21 08:00:00
79.18,SATURATION / EXCESS,Irrigation Prohibited (Risk of Waterlogging),None,Forecasted moisture (79.2%) indicates near-saturated conditions (> 65.0%).,2025-07-20 09:00:00,2025-07-21 09:00:00
80.62,SATURATION / EXCESS,Irrigation Prohibited (Risk of Waterlogging),None,Forecasted moisture (80.6%) indicates near-saturated conditions (> 65.0%).,2025-07-20 10:00:00,2025-07-21 10:00:00
82.11,SATURATION / EXCESS,Irrigation Prohibited (Risk of Waterlogging),None,Forecasted moisture (82.1%) indicates near-saturated conditions (> 65.0%).,2025-07-20 11:00:00,2025-07-21 11:00:00
82.02,SATURATION / EXCESS,Irrigation Prohibited (Risk of Waterlogging),None,Forecasted moisture (82.0%) indicates near-saturated conditions (> 65.0%).,2025-07-20 12:00:00,2025-07-21 12:00:00
81.32,SATURATION / EXCESS,Irrigation Prohibited (Risk of Waterlogging),None,Forecasted moisture (81.3%) indicates near-saturated conditions (> 65.0%).,2025-07-20 13:00:00,2025-07-21 13:00:00
79.66,SATURATION / EXCESS,Irrigation Prohibited (Risk of Waterlogging),None,Forecasted moisture (79.7%) indicates near-saturated conditions (> 65.0%).,2025-07-20 14:00:00,2025-07-21 14:00:00
79.98,SATURATION / EXCESS,Irrigation Prohibited (Risk of Waterlogging),None,Forecasted moisture (80.0%) indicates near-saturated conditions (> 65.0%).,2025-07-20 15:00:00,2025-07-21 15:00:00
78.58,SATURATION / EXCESS,Irrigation Prohibited (Risk of Waterlogging),None,Forecasted moisture (78.6%) indicates near-saturated conditions (> 65.0%).,2025-07-20 16:00:00,2025-07-21 16:00:00
78.4,SATURATION / EXCESS,Irrigation Prohibited (Risk of Waterlogging),None,Forecasted moisture (78.4%) indicates near-saturated conditions (> 65.0%).,2025-07-20 17:00:00,2025-07-21 17:00:00
78.4,SATURATION / EXCESS,Irrigation Prohibited (Risk of Waterlogging),None,Forecasted moisture (78.4%) indicates near-saturated conditions (> 65.0%).,2025-07-20 18:00:00,2025-07-21 18:00:00
78.43,SATURATION / EXCESS,Irrigation Prohibited (Risk of Waterlogging),None,Forecasted moisture (78.4%) indicates near-saturated conditions (> 65.0%).,2025-07-20 19:00:00,2025-07-21 19:00:00
78.93,SATURATION / EXCESS,Irrigation Prohibited (Risk of Waterlogging),None,Forecasted moisture (78.9%) indicates near-saturated conditions (> 65.0%).,2025-07-20 20:00:00,2025-07-21 20:00:00
78.65,SATURATION / EXCESS,Irrigation Prohibited (Risk of Waterlogging),None,Forecasted moisture (78.7%) indicates near-saturated conditions (> 65.0%).,2025-07-20 21:00:00,2025-07-21 21:00:00
78.56,SATURATION / EXCESS,Irrigation Prohibited (Risk of Waterlogging),None,Forecasted moisture (78.6%) indicates near-saturated conditions (> 65.0%).,2025-07-20 22:00:00,2025-07-21 22:00:00
78.56,SATURATION / EXCESS,Irrigation Prohibited (Risk of Waterlogging),None,Forecasted moisture (78.6%) indicates near-saturated conditions (> 65.0%).,2025-07-20 23:00:00,2025-07-21 23:00:00
78.49,SATURATION / EXCESS,Irrigation Prohibited (Risk of Waterlogging),None,Forecasted moisture (78.5%) indicates near-saturated conditions (> 65.0%).,2025-07-21 00:00:00,2025-07-22 00:00:00
78.51,SATURATION / EXCESS,Irrigation Prohibited (Risk of Waterlogging),None,Forecasted moisture (78.5%) indicates near-saturated conditions (> 65.0%).,2025-07-21 01:00:00,2025-07-22 01:00:00
71.91,SATURATION / EXCESS,Irrigation Prohibited (Risk of Waterlogging),None,Forecasted moisture (71.9%) indicates near-saturated conditions (> 65.0%).,2025-07-21 02:00:00,2025-07-22 02:00:00
71.86,SATURATION / EXCESS,Irrigation Prohibited (Risk of Waterlogging),None,Forecasted moisture (71.9%) indicates near-saturated conditions (> 65.0%).,2025-07-21 03:00:00,2025-07-22 03:00:00
70.39,SATURATION / EXCESS,Irrigation Prohibited (Risk of Waterlogging),None,Forecasted moisture (70.4%) indicates near-saturated conditions (> 65.0%).,2025-07-21 04:00:00,2025-07-22 04:00:00
70.47,SATURATION / EXCESS,Irrigation Prohibited (Risk of Waterlogging),None,Forecasted moisture (70.5%) indicates near-saturated conditions (> 65.0%).,2025-07-21 05:00:00,2025-07-22 05:00:00
72.11,SATURATION / EXCESS,Irrigation Prohibited (Risk of Waterlogging),None,Forecasted moisture (72.1%) indicates near-saturated conditions (> 65.0%).,2025-07-21 06:00:00,2025-07-22 06:00:00
69.45,SATURATION / EXCESS,Irrigation Prohibited (Risk of Waterlogging),None,Forecasted moisture (69.4%) indicates near-saturated conditions (> 65.0%).,2025-07-21 07:00:00,2025-07-22 07:00:00
70.11,SATURATION / EXCESS,Irrigation Prohibited (Risk of Waterlogging),None,Forecasted moisture (70.1%) indicates near-saturated conditions (> 65.0%).,2025-07-21 08:00:00,2025-07-22 08:00:00
69.86,SATURATION / EXCESS,Irrigation Prohibited (Risk of Waterlogging),None,Forecasted moisture (69.9%) indicates near-saturated conditions (> 65.0%).,2025-07-21 09:00:00,2025-07-22 09:00:00
69.56,SATURATION / EXCESS,Irrigation Prohibited (Risk of Waterlogging),None,Forecasted moisture (69.6%) indicates near-saturated conditions (> 65.0%).,2025-07-21 10:00:00,2025-07-22 10:00:00
71.55,SATURATION / EXCESS,Irrigation Prohibited (Risk of Waterlogging),None,Forecasted moisture (71.5%) indicates near-saturated conditions (> 65.0%).,2025-07-21 11:00:00,2025-07-22 11:00:00
71.51,SATURATION / EXCESS,Irrigation Prohibited (Risk of Waterlogging),None,Forecasted moisture (71.5%) indicates near-saturated conditions (> 65.0%).,2025-07-21 12:00:00,2025-07-22 12:00:00
71.22,SATURATION / EXCESS,Irrigation Prohibited (Risk of Waterlogging),None,Forecasted moisture (71.2%) indicates near-saturated conditions (> 65.0%).,2025-07-21 13:00:00,2025-07-22 13:00:00
70.27,SATURATION / EXCESS,Irrigation Prohibited (Risk of Waterlogging),None,Forecasted moisture (70.3%) indicates near-saturated conditions (> 65.0%).,2025-07-21 14:00:00,2025-07-22 14:00:00
68.55,SATURATION / EXCESS,Irrigation Prohibited (Risk of Waterlogging),None,Forecasted moisture (68.5%) indicates near-saturated conditions (> 65.0%).,2025-07-21 15:00:00,2025-07-22 15:00:00
68.69,SATURATION / EXCESS,Irrigation Prohibited (Risk of Waterlogging),None,Forecasted moisture (68.7%) indicates near-saturated conditions (> 65.0%).,2025-07-21 16:00:00,2025-07-22 16:00:00
69.05,SATURATION / EXCESS,Irrigation Prohibited (Risk of Waterlogging),None,Forecasted moisture (69.0%) indicates near-saturated conditions (> 65.0%).,2025-07-21 17:00:00,2025-07-22 17:00:00
69.13,SATURATION / EXCESS,Irrigation Prohibited (Risk of Waterlogging),None,Forecasted moisture (69.1%) indicates near-saturated conditions (> 65.0%).,2025-07-21 18:00:00,2025-07-22 18:00:00
69.12,SATURATION / EXCESS,Irrigation Prohibited (Risk of Waterlogging),None,Forecasted moisture (69.1%) indicates near-saturated conditions (> 65.0%).,2025-07-21 19:00:00,2025-07-22 19:00:00
68.97,SATURATION / EXCESS,Irrigation Prohibited (Risk of Waterlogging),None,Forecasted moisture (69.0%) indicates near-saturated conditions (> 65.0%).,2025-07-21 20:00:00,2025-07-22 20:00:00
67.48,SATURATION / EXCESS,Irrigation Prohibited (Risk of Waterlogging),None,Forecasted moisture (67.5%) indicates near-saturated conditions (> 65.0%).,2025-07-21 21:00:00,2025-07-22 21:00:00
67.48,SATURATION / EXCESS,Irrigation Prohibited (Risk of Waterlogging),None,Forecasted moisture (67.5%) indicates near-saturated conditions (> 65.0%).,2025-07-21 22:00:00,2025-07-22 22:00:00
67.56,SATURATION / EXCESS,Irrigation Prohibited (Risk of Waterlogging),None,Forecasted moisture (67.6%) indicates near-saturated conditions (> 65.0%).,2025-07-21 23:00:00,2025-07-22 23:00:00
67.5,SATURATION / EXCESS,Irrigation Prohibited (Risk of Waterlogging),None,Forecasted moisture (67.5%) indicates near-saturated conditions (> 65.0%).,2025-07-22 00:00:00,2025-07-23 00:00:00
67.49,SATURATION / EXCESS,Irrigation Prohibited (Risk of Waterlogging),None,Forecasted moisture (67.5%) indicates near-saturated conditions (> 65.0%).,2025-07-22 01:00:00,2025-07-23 01:00:00
67.4,SATURATION / EXCESS,Irrigation Prohibited (Risk of Waterlogging),None,Forecasted moisture (67.4%) indicates near-saturated conditions (> 65.0%).,2025-07-22 02:00:00,2025-07-23 02:00:00
67.38,SATURATION / EXCESS,Irrigation Prohibited (Risk of Waterlogging),None,Forecasted moisture (67.4%) indicates near-saturated conditions (> 65.0%).,2025-07-22 03:00:00,2025-07-23 03:00:00
67.39,SATURATION / EXCESS,Irrigation Prohibited (Risk of Waterlogging),None,Forecasted moisture (67.4%) indicates near-saturated conditions (> 65.0%).,2025-07-22 04:00:00,2025-07-23 04:00:00
67.95,SATURATION / EXCESS,Irrigation Prohibited (Risk of Waterlogging),None,Forecasted moisture (68.0%) indicates near-saturated conditions (> 65.0%).,2025-07-22 05:00:00,2025-07-23 05:00:00
67.8,SATURATION / EXCESS,Irrigation Prohibited (Risk of Waterlogging),None,Forecasted moisture (67.8%) indicates near-saturated conditions (> 65.0%).,2025-07-22 06:00:00,2025-07-23 06:00:00
66.34,SATURATION / EXCESS,Irrigation Prohibited (Risk of Waterlogging),None,Forecasted moisture (66.3%) indicates near-saturated conditions (> 65.0%).,2025-07-22 07:00:00,2025-07-23 07:00:00
66.2,SATURATION / EXCESS,Irrigation Prohibited (Risk of Waterlogging),None,Forecasted moisture (66.2%) indicates near-saturated conditions (> 65.0%).,2025-07-22 08:00:00,2025-07-23 08:00:00
66.32,SATURATION / EXCESS,Irrigation Prohibited (Risk of Waterlogging),None,Forecasted moisture (66.3%) indicates near-saturated conditions (> 65.0%).,2025-07-22 09:00:00,2025-07-23 09:00:00
66.39,SATURATION / EXCESS,Irrigation Prohibited (Risk of Waterlogging),None,Forecasted moisture (66.4%) indicates near-saturated conditions (> 65.0%).,2025-07-22 10:00:00,2025-07-23 10:00:00
66.29,SATURATION / EXCESS,Irrigation Prohibited (Risk of Waterlogging),None,Forecasted moisture (66.3%) indicates near-saturated conditions (> 65.0%).,2025-07-22 11:00:00,2025-07-23 11:00:00
66.27,SATURATION / EXCESS,Irrigation Prohibited (Risk of Waterlogging),None,Forecasted moisture (66.3%) indicates near-saturated conditions (> 65.0%).,2025-07-22 12:00:00,2025-07-23 12:00:00
65.39,SATURATION / EXCESS,Irrigation Prohibited (Risk of Waterlogging),None,Forecasted moisture (65.4%) indicates near-saturated conditions (> 65.0%).,2025-07-22 13:00:00,2025-07-23 13:00:00
65.44,SATURATION / EXCESS,Irrigation Prohibited (Risk of Waterlogging),None,Forecasted moisture (65.4%) indicates near-saturated conditions (> 65.0%).,2025-07-22 14:00:00,2025-07-23 14:00:00
65.35,SATURATION / EXCESS,Irrigation Prohibited (Risk of Waterlogging),None,Forecasted moisture (65.4%) indicates near-saturated conditions (> 65.0%).,2025-07-22 15:00:00,2025-07-23 15:00:00
65.37,SATURATION / EXCESS,Irrigation Prohibited (Risk of Waterlogging),None,Forecasted moisture (65.4%) indicates near-saturated conditions (> 65.0%).,2025-07-22 16:00:00,2025-07-23 16:00:00
65.37,SATURATION / EXCESS,Irrigation Prohibited (Risk of Waterlogging),None,Forecasted moisture (65.4%) indicates near-saturated conditions (> 65.0%).,2025-07-22 17:00:00,2025-07-23 17:00:00
65.42,SATURATION / EXCESS,Irrigation Prohibited (Risk of Waterlogging),None,Forecasted moisture (65.4%) indicates near-saturated conditions (> 65.0%).,2025-07-22 18:00:00,2025-07-23 18:00:00
65.38,SATURATION / EXCESS,Irrigation Prohibited (Risk of Waterlogging),None,Forecasted moisture (65.4%) indicates near-saturated conditions (> 65.0%).,2025-07-22 19:00:00,2025-07-23 19:00:00
64.83,OPTIMAL MOISTURE,No Irrigation Required,None,Forecasted moisture (64.8%) is within optimal agronomic field capacity (35.0% - 65.0%).,2025-07-22 20:00:00,2025-07-23 20:00:00
64.34,OPTIMAL MOISTURE,No Irrigation Required,None,Forecasted moisture (64.3%) is within optimal agronomic field capacity (35.0% - 65.0%).,2025-07-22 21:00:00,2025-07-23 21:00:00
64.41,OPTIMAL MOISTURE,No Irrigation Required,None,Forecasted moisture (64.4%) is within optimal agronomic field capacity (35.0% - 65.0%).,2025-07-22 22:00:00,2025-07-23 22:00:00
65.31,SATURATION / EXCESS,Irrigation Prohibited (Risk of Waterlogging),None,Forecasted moisture (65.3%) indicates near-saturated conditions (> 65.0%).,2025-07-22 23:00:00,2025-07-23 23:00:00
66.69,SATURATION / EXCESS,Irrigation Prohibited (Risk of Waterlogging),None,Forecasted moisture (66.7%) indicates near-saturated conditions (> 65.0%).,2025-07-23 00:00:00,2025-07-24 00:00:00
66.63,SATURATION / EXCESS,Irrigation Prohibited (Risk of Waterlogging),None,Forecasted moisture (66.6%) indicates near-saturated conditions (> 65.0%).,2025-07-23 01:00:00,2025-07-24 01:00:00
66.9,SATURATION / EXCESS,Irrigation Prohibited (Risk of Waterlogging),None,Forecasted moisture (66.9%) indicates near-saturated conditions (> 65.0%).,2025-07-23 02:00:00,2025-07-24 02:00:00
66.96,SATURATION / EXCESS,Irrigation Prohibited (Risk of Waterlogging),None,Forecasted moisture (67.0%) indicates near-saturated conditions (> 65.0%).,2025-07-23 03:00:00,2025-07-24 03:00:00
65.77,SATURATION / EXCESS,Irrigation Prohibited (Risk of Waterlogging),None,Forecasted moisture (65.8%) indicates near-saturated conditions (> 65.0%).,2025-07-23 04:00:00,2025-07-24 04:00:00
66.27,SATURATION / EXCESS,Irrigation Prohibited (Risk of Waterlogging),None,Forecasted moisture (66.3%) indicates near-saturated conditions (> 65.0%).,2025-07-23 05:00:00,2025-07-24 05:00:00
66.25,SATURATION / EXCESS,Irrigation Prohibited (Risk of Waterlogging),None,Forecasted moisture (66.2%) indicates near-saturated conditions (> 65.0%).,2025-07-23 06:00:00,2025-07-24 06:00:00
64.68,OPTIMAL MOISTURE,No Irrigation Required,None,Forecasted moisture (64.7%) is within optimal agronomic field capacity (35.0% - 65.0%).,2025-07-23 07:00:00,2025-07-24 07:00:00
64.6,OPTIMAL MOISTURE,No Irrigation Required,None,Forecasted moisture (64.6%) is within optimal agronomic field capacity (35.0% - 65.0%).,2025-07-23 08:00:00,2025-07-24 08:00:00
64.62,OPTIMAL MOISTURE,No Irrigation Required,None,Forecasted moisture (64.6%) is within optimal agronomic field capacity (35.0% - 65.0%).,2025-07-23 09:00:00,2025-07-24 09:00:00
64.61,OPTIMAL MOISTURE,No Irrigation Required,None,Forecasted moisture (64.6%) is within optimal agronomic field capacity (35.0% - 65.0%).,2025-07-23 10:00:00,2025-07-24 10:00:00
64.6,OPTIMAL MOISTURE,No Irrigation Required,None,Forecasted moisture (64.6%) is within optimal agronomic field capacity (35.0% - 65.0%).,2025-07-23 11:00:00,2025-07-24 11:00:00
64.25,OPTIMAL MOISTURE,No Irrigation Required,None,Forecasted moisture (64.3%) is within optimal agronomic field capacity (35.0% - 65.0%).,2025-07-23 12:00:00,2025-07-24 12:00:00
63.74,OPTIMAL MOISTURE,No Irrigation Required,None,Forecasted moisture (63.7%) is within optimal agronomic field capacity (35.0% - 65.0%).,2025-07-23 13:00:00,2025-07-24 13:00:00
63.83,OPTIMAL MOISTURE,No Irrigation Required,None,Forecasted moisture (63.8%) is within optimal agronomic field capacity (35.0% - 65.0%).,2025-07-23 14:00:00,2025-07-24 14:00:00
62.57,OPTIMAL MOISTURE,No Irrigation Required,None,Forecasted moisture (62.6%) is within optimal agronomic field capacity (35.0% - 65.0%).,2025-07-23 15:00:00,2025-07-24 15:00:00
62.56,OPTIMAL MOISTURE,No Irrigation Required,None,Forecasted moisture (62.6%) is within optimal agronomic field capacity (35.0% - 65.0%).,2025-07-23 16:00:00,2025-07-24 16:00:00
62.62,OPTIMAL MOISTURE,No Irrigation Required,None,Forecasted moisture (62.6%) is within optimal agronomic field capacity (35.0% - 65.0%).,2025-07-23 17:00:00,2025-07-24 17:00:00
63.98,OPTIMAL MOISTURE,No Irrigation Required,None,Forecasted moisture (64.0%) is within optimal agronomic field capacity (35.0% - 65.0%).,2025-07-23 18:00:00,2025-07-24 18:00:00
63.92,OPTIMAL MOISTURE,No Irrigation Required,None,Forecasted moisture (63.9%) is within optimal agronomic field capacity (35.0% - 65.0%).,2025-07-23 19:00:00,2025-07-24 19:00:00
63.68,OPTIMAL MOISTURE,No Irrigation Required,None,Forecasted moisture (63.7%) is within optimal agronomic field capacity (35.0% - 65.0%).,2025-07-23 20:00:00,2025-07-24 20:00:00
63.5,OPTIMAL MOISTURE,No Irrigation Required,None,Forecasted moisture (63.5%) is within optimal agronomic field capacity (35.0% - 65.0%).,2025-07-23 21:00:00,2025-07-24 21:00:00
63.41,OPTIMAL MOISTURE,No Irrigation Required,None,Forecasted moisture (63.4%) is within optimal agronomic field capacity (35.0% - 65.0%).,2025-07-23 22:00:00,2025-07-24 22:00:00
63.41,OPTIMAL MOISTURE,No Irrigation Required,None,Forecasted moisture (63.4%) is within optimal agronomic field capacity (35.0% - 65.0%).,2025-07-23 23:00:00,2025-07-24 23:00:00
63.37,OPTIMAL MOISTURE,No Irrigation Required,None,Forecasted moisture (63.4%) is within optimal agronomic field capacity (35.0% - 65.0%).,2025-07-24 00:00:00,2025-07-25 00:00:00
62.02,OPTIMAL MOISTURE,No Irrigation Required,None,Forecasted moisture (62.0%) is within optimal agronomic field capacity (35.0% - 65.0%).,2025-07-24 01:00:00,2025-07-25 01:00:00
63.27,OPTIMAL MOISTURE,No Irrigation Required,None,Forecasted moisture (63.3%) is within optimal agronomic field capacity (35.0% - 65.0%).,2025-07-24 02:00:00,2025-07-25 02:00:00
63.04,OPTIMAL MOISTURE,No Irrigation Required,None,Forecasted moisture (63.0%) is within optimal agronomic field capacity (35.0% - 65.0%).,2025-07-24 03:00:00,2025-07-25 03:00:00
64.21,OPTIMAL MOISTURE,No Irrigation Required,None,Forecasted moisture (64.2%) is within optimal agronomic field capacity (35.0% - 65.0%).,2025-07-24 04:00:00,2025-07-25 04:00:00
64.18,OPTIMAL MOISTURE,No Irrigation Required,None,Forecasted moisture (64.2%) is within optimal agronomic field capacity (35.0% - 65.0%).,2025-07-24 05:00:00,2025-07-25 05:00:00
64.38,OPTIMAL MOISTURE,No Irrigation Required,None,Forecasted moisture (64.4%) is within optimal agronomic field capacity (35.0% - 65.0%).,2025-07-24 06:00:00,2025-07-25 06:00:00
63.31,OPTIMAL MOISTURE,No Irrigation Required,None,Forecasted moisture (63.3%) is within optimal agronomic field capacity (35.0% - 65.0%).,2025-07-24 07:00:00,2025-07-25 07:00:00
63.48,OPTIMAL MOISTURE,No Irrigation Required,None,Forecasted moisture (63.5%) is within optimal agronomic field capacity (35.0% - 65.0%).,2025-07-24 08:00:00,2025-07-25 08:00:00
64.04,OPTIMAL MOISTURE,No Irrigation Required,None,Forecasted moisture (64.0%) is within optimal agronomic field capacity (35.0% - 65.0%).,2025-07-24 09:00:00,2025-07-25 09:00:00
63.36,OPTIMAL MOISTURE,No Irrigation Required,None,Forecasted moisture (63.4%) is within optimal agronomic field capacity (35.0% - 65.0%).,2025-07-24 10:00:00,2025-07-25 10:00:00
63.38,OPTIMAL MOISTURE,No Irrigation Required,None,Forecasted moisture (63.4%) is within optimal agronomic field capacity (35.0% - 65.0%).,2025-07-24 11:00:00,2025-07-25 11:00:00
63.29,OPTIMAL MOISTURE,No Irrigation Required,None,Forecasted moisture (63.3%) is within optimal agronomic field capacity (35.0% - 65.0%).,2025-07-24 12:00:00,2025-07-25 12:00:00
63.35,OPTIMAL MOISTURE,No Irrigation Required,None,Forecasted moisture (63.4%) is within optimal agronomic field capacity (35.0% - 65.0%).,2025-07-24 13:00:00,2025-07-25 13:00:00
63.31,OPTIMAL MOISTURE,No Irrigation Required,None,Forecasted moisture (63.3%) is within optimal agronomic field capacity (35.0% - 65.0%).,2025-07-24 14:00:00,2025-07-25 14:00:00
61.73,OPTIMAL MOISTURE,No Irrigation Required,None,Forecasted moisture (61.7%) is within optimal agronomic field capacity (35.0% - 65.0%).,2025-07-24 15:00:00,2025-07-25 15:00:00
61.91,OPTIMAL MOISTURE,No Irrigation Required,None,Forecasted moisture (61.9%) is within optimal agronomic field capacity (35.0% - 65.0%).,2025-07-24 16:00:00,2025-07-25 16:00:00
61.98,OPTIMAL MOISTURE,No Irrigation Required,None,Forecasted moisture (62.0%) is within optimal agronomic field capacity (35.0% - 65.0%).,2025-07-24 17:00:00,2025-07-25 17:00:00
63.35,OPTIMAL MOISTURE,No Irrigation Required,None,Forecasted moisture (63.4%) is within optimal agronomic field capacity (35.0% - 65.0%).,2025-07-24 18:00:00,2025-07-25 18:00:00
63.44,OPTIMAL MOISTURE,No Irrigation Required,None,Forecasted moisture (63.4%) is within optimal agronomic field capacity (35.0% - 65.0%).,2025-07-24 19:00:00,2025-07-25 19:00:00
63.2,OPTIMAL MOISTURE,No Irrigation Required,None,Forecasted moisture (63.2%) is within optimal agronomic field capacity (35.0% - 65.0%).,2025-07-24 20:00:00,2025-07-25 20:00:00
63.57,OPTIMAL MOISTURE,No Irrigation Required,None,Forecasted moisture (63.6%) is within optimal agronomic field capacity (35.0% - 65.0%).,2025-07-24 21:00:00,2025-07-25 21:00:00
62.99,OPTIMAL MOISTURE,No Irrigation Required,None,Forecasted moisture (63.0%) is within optimal agronomic field capacity (35.0% - 65.0%).,2025-07-24 22:00:00,2025-07-25 22:00:00
62.59,OPTIMAL MOISTURE,No Irrigation Required,None,Forecasted moisture (62.6%) is within optimal agronomic field capacity (35.0% - 65.0%).,2025-07-24 23:00:00,2025-07-25 23:00:00
62.52,OPTIMAL MOISTURE,No Irrigation Required,None,Forecasted moisture (62.5%) is within optimal agronomic field capacity (35.0% - 65.0%).,2025-07-25 00:00:00,2025-07-26 00:00:00
61.12,OPTIMAL MOISTURE,No Irrigation Required,None,Forecasted moisture (61.1%) is within optimal agronomic field capacity (35.0% - 65.0%).,2025-07-25 01:00:00,2025-07-26 01:00:00
61.16,OPTIMAL MOISTURE,No Irrigation Required,None,Forecasted moisture (61.2%) is within optimal agronomic field capacity (35.0% - 65.0%).,2025-07-25 02:00:00,2025-07-26 02:00:00
62.54,OPTIMAL MOISTURE,No Irrigation Required,None,Forecasted moisture (62.5%) is within optimal agronomic field capacity (35.0% - 65.0%).,2025-07-25 03:00:00,2025-07-26 03:00:00
62.47,OPTIMAL MOISTURE,No Irrigation Required,None,Forecasted moisture (62.5%) is within optimal agronomic field capacity (35.0% - 65.0%).,2025-07-25 04:00:00,2025-07-26 04:00:00
62.41,OPTIMAL MOISTURE,No Irrigation Required,None,Forecasted moisture (62.4%) is within optimal agronomic field capacity (35.0% - 65.0%).,2025-07-25 05:00:00,2025-07-26 05:00:00
62.6,OPTIMAL MOISTURE,No Irrigation Required,None,Forecasted moisture (62.6%) is within optimal agronomic field capacity (35.0% - 65.0%).,2025-07-25 06:00:00,2025-07-26 06:00:00
63.11,OPTIMAL MOISTURE,No Irrigation Required,None,Forecasted moisture (63.1%) is within optimal agronomic field capacity (35.0% - 65.0%).,2025-07-25 07:00:00,2025-07-26 07:00:00
62.54,OPTIMAL MOISTURE,No Irrigation Required,None,Forecasted moisture (62.5%) is within optimal agronomic field capacity (35.0% - 65.0%).,2025-07-25 08:00:00,2025-07-26 08:00:00
62.13,OPTIMAL MOISTURE,No Irrigation Required,None,Forecasted moisture (62.1%) is within optimal agronomic field capacity (35.0% - 65.0%).,2025-07-25 09:00:00,2025-07-26 09:00:00
62.07,OPTIMAL MOISTURE,No Irrigation Required,None,Forecasted moisture (62.1%) is within optimal agronomic field capacity (35.0% - 65.0%).,2025-07-25 10:00:00,2025-07-26 10:00:00
62.03,OPTIMAL MOISTURE,No Irrigation Required,None,Forecasted moisture (62.0%) is within optimal agronomic field capacity (35.0% - 65.0%).,2025-07-25 11:00:00,2025-07-26 11:00:00
61.57,OPTIMAL MOISTURE,No Irrigation Required,None,Forecasted moisture (61.6%) is within optimal agronomic field capacity (35.0% - 65.0%).,2025-07-25 12:00:00,2025-07-26 12:00:00
61.88,OPTIMAL MOISTURE,No Irrigation Required,None,Forecasted moisture (61.9%) is within optimal agronomic field capacity (35.0% - 65.0%).,2025-07-25 13:00:00,2025-07-26 13:00:00
61.96,OPTIMAL MOISTURE,No Irrigation Required,None,Forecasted moisture (62.0%) is within optimal agronomic field capacity (35.0% - 65.0%).,2025-07-25 14:00:00,2025-07-26 14:00:00
62.07,OPTIMAL MOISTURE,No Irrigation Required,None,Forecasted moisture (62.1%) is within optimal agronomic field capacity (35.0% - 65.0%).,2025-07-25 15:00:00,2025-07-26 15:00:00
60.43,OPTIMAL MOISTURE,No Irrigation Required,None,Forecasted moisture (60.4%) is within optimal agronomic field capacity (35.0% - 65.0%).,2025-07-25 16:00:00,2025-07-26 16:00:00
60.77,OPTIMAL MOISTURE,No Irrigation Required,None,Forecasted moisture (60.8%) is within optimal agronomic field capacity (35.0% - 65.0%).,2025-07-25 17:00:00,2025-07-26 17:00:00
60.68,OPTIMAL MOISTURE,No Irrigation Required,None,Forecasted moisture (60.7%) is within optimal agronomic field capacity (35.0% - 65.0%).,2025-07-25 18:00:00,2025-07-26 18:00:00
60.48,OPTIMAL MOISTURE,No Irrigation Required,None,Forecasted moisture (60.5%) is within optimal agronomic field capacity (35.0% - 65.0%).,2025-07-25 19:00:00,2025-07-26 19:00:00
61.82,OPTIMAL MOISTURE,No Irrigation Required,None,Forecasted moisture (61.8%) is within optimal agronomic field capacity (35.0% - 65.0%).,2025-07-25 20:00:00,2025-07-26 20:00:00
62.13,OPTIMAL MOISTURE,No Irrigation Required,None,Forecasted moisture (62.1%) is within optimal agronomic field capacity (35.0% - 65.0%).,2025-07-25 21:00:00,2025-07-26 21:00:00
62.54,OPTIMAL MOISTURE,No Irrigation Required,None,Forecasted moisture (62.5%) is within optimal agronomic field capacity (35.0% - 65.0%).,2025-07-25 22:00:00,2025-07-26 22:00:00
62.57,OPTIMAL MOISTURE,No Irrigation Required,None,Forecasted moisture (62.6%) is within optimal agronomic field capacity (35.0% - 65.0%).,2025-07-25 23:00:00,2025-07-26 23:00:00
61.9,OPTIMAL MOISTURE,No Irrigation Required,None,Forecasted moisture (61.9%) is within optimal agronomic field capacity (35.0% - 65.0%).,2025-07-26 00:00:00,2025-07-27 00:00:00
60.5,OPTIMAL MOISTURE,No Irrigation Required,None,Forecasted moisture (60.5%) is within optimal agronomic field capacity (35.0% - 65.0%).,2025-07-26 01:00:00,2025-07-27 01:00:00
60.32,OPTIMAL MOISTURE,No Irrigation Required,None,Forecasted moisture (60.3%) is within optimal agronomic field capacity (35.0% - 65.0%).,2025-07-26 02:00:00,2025-07-27 02:00:00
61.67,OPTIMAL MOISTURE,No Irrigation Required,None,Forecasted moisture (61.7%) is within optimal agronomic field capacity (35.0% - 65.0%).,2025-07-26 03:00:00,2025-07-27 03:00:00
61.48,OPTIMAL MOISTURE,No Irrigation Required,None,Forecasted moisture (61.5%) is within optimal agronomic field capacity (35.0% - 65.0%).,2025-07-26 04:00:00,2025-07-27 04:00:00
61.43,OPTIMAL MOISTURE,No Irrigation Required,None,Forecasted moisture (61.4%) is within optimal agronomic field capacity (35.0% - 65.0%).,2025-07-26 05:00:00,2025-07-27 05:00:00
61.63,OPTIMAL MOISTURE,No Irrigation Required,None,Forecasted moisture (61.6%) is within optimal agronomic field capacity (35.0% - 65.0%).,2025-07-26 06:00:00,2025-07-27 06:00:00
62.16,OPTIMAL MOISTURE,No Irrigation Required,None,Forecasted moisture (62.2%) is within optimal agronomic field capacity (35.0% - 65.0%).,2025-07-26 07:00:00,2025-07-27 07:00:00
62.19,OPTIMAL MOISTURE,No Irrigation Required,None,Forecasted moisture (62.2%) is within optimal agronomic field capacity (35.0% - 65.0%).,2025-07-26 08:00:00,2025-07-27 08:00:00
62.19,OPTIMAL MOISTURE,No Irrigation Required,None,Forecasted moisture (62.2%) is within optimal agronomic field capacity (35.0% - 65.0%).,2025-07-26 09:00:00,2025-07-27 09:00:00
62.23,OPTIMAL MOISTURE,No Irrigation Required,None,Forecasted moisture (62.2%) is within optimal agronomic field capacity (35.0% - 65.0%).,2025-07-26 10:00:00,2025-07-27 10:00:00
61.39,OPTIMAL MOISTURE,No Irrigation Required,None,Forecasted moisture (61.4%) is within optimal agronomic field capacity (35.0% - 65.0%).,2025-07-26 11:00:00,2025-07-27 11:00:00
61.28,OPTIMAL MOISTURE,No Irrigation Required,None,Forecasted moisture (61.3%) is within optimal agronomic field capacity (35.0% - 65.0%).,2025-07-26 12:00:00,2025-07-27 12:00:00
61.23,OPTIMAL MOISTURE,No Irrigation Required,None,Forecasted moisture (61.2%) is within optimal agronomic field capacity (35.0% - 65.0%).,2025-07-26 13:00:00,2025-07-27 13:00:00
61.2,OPTIMAL MOISTURE,No Irrigation Required,None,Forecasted moisture (61.2%) is within optimal agronomic field capacity (35.0% - 65.0%).,2025-07-26 14:00:00,2025-07-27 14:00:00
61.3,OPTIMAL MOISTURE,No Irrigation Required,None,Forecasted moisture (61.3%) is within optimal agronomic field capacity (35.0% - 65.0%).,2025-07-26 15:00:00,2025-07-27 15:00:00
61.48,OPTIMAL MOISTURE,No Irrigation Required,None,Forecasted moisture (61.5%) is within optimal agronomic field capacity (35.0% - 65.0%).,2025-07-26 16:00:00,2025-07-27 16:00:00
61.24,OPTIMAL MOISTURE,No Irrigation Required,None,Forecasted moisture (61.2%) is within optimal agronomic field capacity (35.0% - 65.0%).,2025-07-26 17:00:00,2025-07-27 17:00:00
61.66,OPTIMAL MOISTURE,No Irrigation Required,None,Forecasted moisture (61.7%) is within optimal agronomic field capacity (35.0% - 65.0%).,2025-07-26 18:00:00,2025-07-27 18:00:00
61.91,OPTIMAL MOISTURE,No Irrigation Required,None,Forecasted moisture (61.9%) is within optimal agronomic field capacity (35.0% - 65.0%).,2025-07-26 19:00:00,2025-07-27 19:00:00
61.47,OPTIMAL MOISTURE,No Irrigation Required,None,Forecasted moisture (61.5%) is within optimal agronomic field capacity (35.0% - 65.0%).,2025-07-26 20:00:00,2025-07-27 20:00:00
62.12,OPTIMAL MOISTURE,No Irrigation Required,None,Forecasted moisture (62.1%) is within optimal agronomic field capacity (35.0% - 65.0%).,2025-07-26 21:00:00,2025-07-27 21:00:00
62.19,OPTIMAL MOISTURE,No Irrigation Required,None,Forecasted moisture (62.2%) is within optimal agronomic field capacity (35.0% - 65.0%).,2025-07-26 22:00:00,2025-07-27 22:00:00
62.1,OPTIMAL MOISTURE,No Irrigation Required,None,Forecasted moisture (62.1%) is within optimal agronomic field capacity (35.0% - 65.0%).,2025-07-26 23:00:00,2025-07-27 23:00:00
62.07,OPTIMAL MOISTURE,No Irrigation Required,None,Forecasted moisture (62.1%) is within optimal agronomic field capacity (35.0% - 65.0%).,2025-07-27 00:00:00,2025-07-28 00:00:00
61.47,OPTIMAL MOISTURE,No Irrigation Required,None,Forecasted moisture (61.5%) is within optimal agronomic field capacity (35.0% - 65.0%).,2025-07-27 01:00:00,2025-07-28 01:00:00
61.48,OPTIMAL MOISTURE,No Irrigation Required,None,Forecasted moisture (61.5%) is within optimal agronomic field capacity (35.0% - 65.0%).,2025-07-27 02:00:00,2025-07-28 02:00:00
61.73,OPTIMAL MOISTURE,No Irrigation Required,None,Forecasted moisture (61.7%) is within optimal agronomic field capacity (35.0% - 65.0%).,2025-07-27 03:00:00,2025-07-28 03:00:00
61.69,OPTIMAL MOISTURE,No Irrigation Required,None,Forecasted moisture (61.7%) is within optimal agronomic field capacity (35.0% - 65.0%).,2025-07-27 04:00:00,2025-07-28 04:00:00
62.0,OPTIMAL MOISTURE,No Irrigation Required,None,Forecasted moisture (62.0%) is within optimal agronomic field capacity (35.0% - 65.0%).,2025-07-27 05:00:00,2025-07-28 05:00:00
62.08,OPTIMAL MOISTURE,No Irrigation Required,None,Forecasted moisture (62.1%) is within optimal agronomic field capacity (35.0% - 65.0%).,2025-07-27 06:00:00,2025-07-28 06:00:00
62.27,OPTIMAL MOISTURE,No Irrigation Required,None,Forecasted moisture (62.3%) is within optimal agronomic field capacity (35.0% - 65.0%).,2025-07-27 07:00:00,2025-07-28 07:00:00
62.19,OPTIMAL MOISTURE,No Irrigation Required,None,Forecasted moisture (62.2%) is within optimal agronomic field capacity (35.0% - 65.0%).,2025-07-27 08:00:00,2025-07-28 08:00:00
62.1,OPTIMAL MOISTURE,No Irrigation Required,None,Forecasted moisture (62.1%) is within optimal agronomic field capacity (35.0% - 65.0%).,2025-07-27 09:00:00,2025-07-28 09:00:00
62.32,OPTIMAL MOISTURE,No Irrigation Required,None,Forecasted moisture (62.3%) is within optimal agronomic field capacity (35.0% - 65.0%).,2025-07-27 10:00:00,2025-07-28 10:00:00
62.32,OPTIMAL MOISTURE,No Irrigation Required,None,Forecasted moisture (62.3%) is within optimal agronomic field capacity (35.0% - 65.0%).,2025-07-27 11:00:00,2025-07-28 11:00:00
62.14,OPTIMAL MOISTURE,No Irrigation Required,None,Forecasted moisture (62.1%) is within optimal agronomic field capacity (35.0% - 65.0%).,2025-07-27 12:00:00,2025-07-28 12:00:00
62.47,OPTIMAL MOISTURE,No Irrigation Required,None,Forecasted moisture (62.5%) is within optimal agronomic field capacity (35.0% - 65.0%).,2025-07-27 13:00:00,2025-07-28 13:00:00
62.15,OPTIMAL MOISTURE,No Irrigation Required,None,Forecasted moisture (62.2%) is within optimal agronomic field capacity (35.0% - 65.0%).,2025-07-27 14:00:00,2025-07-28 14:00:00
62.45,OPTIMAL MOISTURE,No Irrigation Required,None,Forecasted moisture (62.4%) is within optimal agronomic field capacity (35.0% - 65.0%).,2025-07-27 15:00:00,2025-07-28 15:00:00
62.48,OPTIMAL MOISTURE,No Irrigation Required,None,Forecasted moisture (62.5%) is within optimal agronomic field capacity (35.0% - 65.0%).,2025-07-27 16:00:00,2025-07-28 16:00:00
62.6,OPTIMAL MOISTURE,No Irrigation Required,None,Forecasted moisture (62.6%) is within optimal agronomic field capacity (35.0% - 65.0%).,2025-07-27 17:00:00,2025-07-28 17:00:00
62.64,OPTIMAL MOISTURE,No Irrigation Required,None,Forecasted moisture (62.6%) is within optimal agronomic field capacity (35.0% - 65.0%).,2025-07-27 18:00:00,2025-07-28 18:00:00
62.37,OPTIMAL MOISTURE,No Irrigation Required,None,Forecasted moisture (62.4%) is within optimal agronomic field capacity (35.0% - 65.0%).,2025-07-27 19:00:00,2025-07-28 19:00:00
62.74,OPTIMAL MOISTURE,No Irrigation Required,None,Forecasted moisture (62.7%) is within optimal agronomic field capacity (35.0% - 65.0%).,2025-07-27 20:00:00,2025-07-28 20:00:00
62.75,OPTIMAL MOISTURE,No Irrigation Required,None,Forecasted moisture (62.8%) is within optimal agronomic field capacity (35.0% - 65.0%).,2025-07-27 21:00:00,2025-07-28 21:00:00
62.46,OPTIMAL MOISTURE,No Irrigation Required,None,Forecasted moisture (62.5%) is within optimal agronomic field capacity (35.0% - 65.0%).,2025-07-27 22:00:00,2025-07-28 22:00:00
61.39,OPTIMAL MOISTURE,No Irrigation Required,None,Forecasted moisture (61.4%) is within optimal agronomic field capacity (35.0% - 65.0%).,2025-07-27 23:00:00,2025-07-28 23:00:00
61.36,OPTIMAL MOISTURE,No Irrigation Required,None,Forecasted moisture (61.4%) is within optimal agronomic field capacity (35.0% - 65.0%).,2025-07-28 00:00:00,2025-07-29 00:00:00
62.41,OPTIMAL MOISTURE,No Irrigation Required,None,Forecasted moisture (62.4%) is within optimal agronomic field capacity (35.0% - 65.0%).,2025-07-28 01:00:00,2025-07-29 01:00:00
63.6,OPTIMAL MOISTURE,No Irrigation Required,None,Forecasted moisture (63.6%) is within optimal agronomic field capacity (35.0% - 65.0%).,2025-07-28 02:00:00,2025-07-29 02:00:00
63.34,OPTIMAL MOISTURE,No Irrigation Required,None,Forecasted moisture (63.3%) is within optimal agronomic field capacity (35.0% - 65.0%).,2025-07-28 03:00:00,2025-07-29 03:00:00
63.35,OPTIMAL MOISTURE,No Irrigation Required,None,Forecasted moisture (63.4%) is within optimal agronomic field capacity (35.0% - 65.0%).,2025-07-28 04:00:00,2025-07-29 04:00:00
63.71,OPTIMAL MOISTURE,No Irrigation Required,None,Forecasted moisture (63.7%) is within optimal agronomic field capacity (35.0% - 65.0%).,2025-07-28 05:00:00,2025-07-29 05:00:00
63.69,OPTIMAL MOISTURE,No Irrigation Required,None,Forecasted moisture (63.7%) is within optimal agronomic field capacity (35.0% - 65.0%).,2025-07-28 06:00:00,2025-07-29 06:00:00
62.04,OPTIMAL MOISTURE,No Irrigation Required,None,Forecasted moisture (62.0%) is within optimal agronomic field capacity (35.0% - 65.0%).,2025-07-28 07:00:00,2025-07-29 07:00:00
62.12,OPTIMAL MOISTURE,No Irrigation Required,None,Forecasted moisture (62.1%) is within optimal agronomic field capacity (35.0% - 65.0%).,2025-07-28 08:00:00,2025-07-29 08:00:00
62.04,OPTIMAL MOISTURE,No Irrigation Required,None,Forecasted moisture (62.0%) is within optimal agronomic field capacity (35.0% - 65.0%).,2025-07-28 09:00:00,2025-07-29 09:00:00
61.96,OPTIMAL MOISTURE,No Irrigation Required,None,Forecasted moisture (62.0%) is within optimal agronomic field capacity (35.0% - 65.0%).,2025-07-28 10:00:00,2025-07-29 10:00:00
61.43,OPTIMAL MOISTURE,No Irrigation Required,None,Forecasted moisture (61.4%) is within optimal agronomic field capacity (35.0% - 65.0%).,2025-07-28 11:00:00,2025-07-29 11:00:00
61.48,OPTIMAL MOISTURE,No Irrigation Required,None,Forecasted moisture (61.5%) is within optimal agronomic field capacity (35.0% - 65.0%).,2025-07-28 12:00:00,2025-07-29 12:00:00
61.41,OPTIMAL MOISTURE,No Irrigation Required,None,Forecasted moisture (61.4%) is within optimal agronomic field capacity (35.0% - 65.0%).,2025-07-28 13:00:00,2025-07-29 13:00:00
61.4,OPTIMAL MOISTURE,No Irrigation Required,None,Forecasted moisture (61.4%) is within optimal agronomic field capacity (35.0% - 65.0%).,2025-07-28 14:00:00,2025-07-29 14:00:00
61.35,OPTIMAL MOISTURE,No Irrigation Required,None,Forecasted moisture (61.3%) is within optimal agronomic field capacity (35.0% - 65.0%).,2025-07-28 15:00:00,2025-07-29 15:00:00
61.29,OPTIMAL MOISTURE,No Irrigation Required,None,Forecasted moisture (61.3%) is within optimal agronomic field capacity (35.0% - 65.0%).,2025-07-28 16:00:00,2025-07-29 16:00:00
59.9,OPTIMAL MOISTURE,No Irrigation Required,None,Forecasted moisture (59.9%) is within optimal agronomic field capacity (35.0% - 65.0%).,2025-07-28 17:00:00,2025-07-29 17:00:00
59.87,OPTIMAL MOISTURE,No Irrigation Required,None,Forecasted moisture (59.9%) is within optimal agronomic field capacity (35.0% - 65.0%).,2025-07-28 18:00:00,2025-07-29 18:00:00
60.51,OPTIMAL MOISTURE,No Irrigation Required,None,Forecasted moisture (60.5%) is within optimal agronomic field capacity (35.0% - 65.0%).,2025-07-28 19:00:00,2025-07-29 19:00:00
60.52,OPTIMAL MOISTURE,No Irrigation Required,None,Forecasted moisture (60.5%) is within optimal agronomic field capacity (35.0% - 65.0%).,2025-07-28 20:00:00,2025-07-29 20:00:00
60.6,OPTIMAL MOISTURE,No Irrigation Required,None,Forecasted moisture (60.6%) is within optimal agronomic field capacity (35.0% - 65.0%).,2025-07-28 21:00:00,2025-07-29 21:00:00
60.59,OPTIMAL MOISTURE,No Irrigation Required,None,Forecasted moisture (60.6%) is within optimal agronomic field capacity (35.0% - 65.0%).,2025-07-28 22:00:00,2025-07-29 22:00:00
60.58,OPTIMAL MOISTURE,No Irrigation Required,None,Forecasted moisture (60.6%) is within optimal agronomic field capacity (35.0% - 65.0%).,2025-07-28 23:00:00,2025-07-29 23:00:00
60.61,OPTIMAL MOISTURE,No Irrigation Required,None,Forecasted moisture (60.6%) is within optimal agronomic field capacity (35.0% - 65.0%).,2025-07-29 00:00:00,2025-07-30 00:00:00
58.71,OPTIMAL MOISTURE,No Irrigation Required,None,Forecasted moisture (58.7%) is within optimal agronomic field capacity (35.0% - 65.0%).,2025-07-29 01:00:00,2025-07-30 01:00:00
58.4,OPTIMAL MOISTURE,No Irrigation Required,None,Forecasted moisture (58.4%) is within optimal agronomic field capacity (35.0% - 65.0%).,2025-07-29 02:00:00,2025-07-30 02:00:00
60.19,OPTIMAL MOISTURE,No Irrigation Required,None,Forecasted moisture (60.2%) is within optimal agronomic field capacity (35.0% - 65.0%).,2025-07-29 03:00:00,2025-07-30 03:00:00
60.32,OPTIMAL MOISTURE,No Irrigation Required,None,Forecasted moisture (60.3%) is within optimal agronomic field capacity (35.0% - 65.0%).,2025-07-29 04:00:00,2025-07-30 04:00:00
60.45,OPTIMAL MOISTURE,No Irrigation Required,None,Forecasted moisture (60.5%) is within optimal agronomic field capacity (35.0% - 65.0%).,2025-07-29 05:00:00,2025-07-30 05:00:00
60.15,OPTIMAL MOISTURE,No Irrigation Required,None,Forecasted moisture (60.1%) is within optimal agronomic field capacity (35.0% - 65.0%).,2025-07-29 06:00:00,2025-07-30 06:00:00
59.19,OPTIMAL MOISTURE,No Irrigation Required,None,Forecasted moisture (59.2%) is within optimal agronomic field capacity (35.0% - 65.0%).,2025-07-29 07:00:00,2025-07-30 07:00:00
59.04,OPTIMAL MOISTURE,No Irrigation Required,None,Forecasted moisture (59.0%) is within optimal agronomic field capacity (35.0% - 65.0%).,2025-07-29 08:00:00,2025-07-30 08:00:00
58.74,OPTIMAL MOISTURE,No Irrigation Required,None,Forecasted moisture (58.7%) is within optimal agronomic field capacity (35.0% - 65.0%).,2025-07-29 09:00:00,2025-07-30 09:00:00
58.63,OPTIMAL MOISTURE,No Irrigation Required,None,Forecasted moisture (58.6%) is within optimal agronomic field capacity (35.0% - 65.0%).,2025-07-29 10:00:00,2025-07-30 10:00:00
58.63,OPTIMAL MOISTURE,No Irrigation Required,None,Forecasted moisture (58.6%) is within optimal agronomic field capacity (35.0% - 65.0%).,2025-07-29 11:00:00,2025-07-30 11:00:00
58.62,OPTIMAL MOISTURE,No Irrigation Required,None,Forecasted moisture (58.6%) is within optimal agronomic field capacity (35.0% - 65.0%).,2025-07-29 12:00:00,2025-07-30 12:00:00
58.61,OPTIMAL MOISTURE,No Irrigation Required,None,Forecasted moisture (58.6%) is within optimal agronomic field capacity (35.0% - 65.0%).,2025-07-29 13:00:00,2025-07-30 13:00:00
58.62,OPTIMAL MOISTURE,No Irrigation Required,None,Forecasted moisture (58.6%) is within optimal agronomic field capacity (35.0% - 65.0%).,2025-07-29 14:00:00,2025-07-30 14:00:00
58.61,OPTIMAL MOISTURE,No Irrigation Required,None,Forecasted moisture (58.6%) is within optimal agronomic field capacity (35.0% - 65.0%).,2025-07-29 15:00:00,2025-07-30 15:00:00
58.68,OPTIMAL MOISTURE,No Irrigation Required,None,Forecasted moisture (58.7%) is within optimal agronomic field capacity (35.0% - 65.0%).,2025-07-29 16:00:00,2025-07-30 16:00:00
58.73,OPTIMAL MOISTURE,No Irrigation Required,None,Forecasted moisture (58.7%) is within optimal agronomic field capacity (35.0% - 65.0%).,2025-07-29 17:00:00,2025-07-30 17:00:00
58.84,OPTIMAL MOISTURE,No Irrigation Required,None,Forecasted moisture (58.8%) is within optimal agronomic field capacity (35.0% - 65.0%).,2025-07-29 18:00:00,2025-07-30 18:00:00
58.87,OPTIMAL MOISTURE,No Irrigation Required,None,Forecasted moisture (58.9%) is within optimal agronomic field capacity (35.0% - 65.0%).,2025-07-29 19:00:00,2025-07-30 19:00:00
58.87,OPTIMAL MOISTURE,No Irrigation Required,None,Forecasted moisture (58.9%) is within optimal agronomic field capacity (35.0% - 65.0%).,2025-07-29 20:00:00,2025-07-30 20:00:00
58.97,OPTIMAL MOISTURE,No Irrigation Required,None,Forecasted moisture (59.0%) is within optimal agronomic field capacity (35.0% - 65.0%).,2025-07-29 21:00:00,2025-07-30 21:00:00
58.99,OPTIMAL MOISTURE,No Irrigation Required,None,Forecasted moisture (59.0%) is within optimal agronomic field capacity (35.0% - 65.0%).,2025-07-29 22:00:00,2025-07-30 22:00:00
58.87,OPTIMAL MOISTURE,No Irrigation Required,None,Forecasted moisture (58.9%) is within optimal agronomic field capacity (35.0% - 65.0%).,2025-07-29 23:00:00,2025-07-30 23:00:00
58.83,OPTIMAL MOISTURE,No Irrigation Required,None,Forecasted moisture (58.8%) is within optimal agronomic field capacity (35.0% - 65.0%).,2025-07-30 00:00:00,2025-07-31 00:00:00
58.8,OPTIMAL MOISTURE,No Irrigation Required,None,Forecasted moisture (58.8%) is within optimal agronomic field capacity (35.0% - 65.0%).,2025-07-30 01:00:00,2025-07-31 01:00:00
58.73,OPTIMAL MOISTURE,No Irrigation Required,None,Forecasted moisture (58.7%) is within optimal agronomic field capacity (35.0% - 65.0%).,2025-07-30 02:00:00,2025-07-31 02:00:00
58.49,OPTIMAL MOISTURE,No Irrigation Required,None,Forecasted moisture (58.5%) is within optimal agronomic field capacity (35.0% - 65.0%).,2025-07-30 03:00:00,2025-07-31 03:00:00
58.16,OPTIMAL MOISTURE,No Irrigation Required,None,Forecasted moisture (58.2%) is within optimal agronomic field capacity (35.0% - 65.0%).,2025-07-30 04:00:00,2025-07-31 04:00:00
58.2,OPTIMAL MOISTURE,No Irrigation Required,None,Forecasted moisture (58.2%) is within optimal agronomic field capacity (35.0% - 65.0%).,2025-07-30 05:00:00,2025-07-31 05:00:00
57.89,OPTIMAL MOISTURE,No Irrigation Required,None,Forecasted moisture (57.9%) is within optimal agronomic field capacity (35.0% - 65.0%).,2025-07-30 06:00:00,2025-07-31 06:00:00
57.73,OPTIMAL MOISTURE,No Irrigation Required,None,Forecasted moisture (57.7%) is within optimal agronomic field capacity (35.0% - 65.0%).,2025-07-30 07:00:00,2025-07-31 07:00:00
57.71,OPTIMAL MOISTURE,No Irrigation Required,None,Forecasted moisture (57.7%) is within optimal agronomic field capacity (35.0% - 65.0%).,2025-07-30 08:00:00,2025-07-31 08:00:00
57.23,OPTIMAL MOISTURE,No Irrigation Required,None,Forecasted moisture (57.2%) is within optimal agronomic field capacity (35.0% - 65.0%).,2025-07-30 09:00:00,2025-07-31 09:00:00
57.18,OPTIMAL MOISTURE,No Irrigation Required,None,Forecasted moisture (57.2%) is within optimal agronomic field capacity (35.0% - 65.0%).,2025-07-30 10:00:00,2025-07-31 10:00:00
57.57,OPTIMAL MOISTURE,No Irrigation Required,None,Forecasted moisture (57.6%) is within optimal agronomic field capacity (35.0% - 65.0%).,2025-07-30 11:00:00,2025-07-31 11:00:00
57.25,OPTIMAL MOISTURE,No Irrigation Required,None,Forecasted moisture (57.2%) is within optimal agronomic field capacity (35.0% - 65.0%).,2025-07-30 12:00:00,2025-07-31 12:00:00
57.21,OPTIMAL MOISTURE,No Irrigation Required,None,Forecasted moisture (57.2%) is within optimal agronomic field capacity (35.0% - 65.0%).,2025-07-30 13:00:00,2025-07-31 13:00:00
57.53,OPTIMAL MOISTURE,No Irrigation Required,None,Forecasted moisture (57.5%) is within optimal agronomic field capacity (35.0% - 65.0%).,2025-07-30 14:00:00,2025-07-31 14:00:00
58.0,OPTIMAL MOISTURE,No Irrigation Required,None,Forecasted moisture (58.0%) is within optimal agronomic field capacity (35.0% - 65.0%).,2025-07-30 15:00:00,2025-07-31 15:00:00
58.12,OPTIMAL MOISTURE,No Irrigation Required,None,Forecasted moisture (58.1%) is within optimal agronomic field capacity (35.0% - 65.0%).,2025-07-30 16:00:00,2025-07-31 16:00:00
58.17,OPTIMAL MOISTURE,No Irrigation Required,None,Forecasted moisture (58.2%) is within optimal agronomic field capacity (35.0% - 65.0%).,2025-07-30 17:00:00,2025-07-31 17:00:00
58.18,OPTIMAL MOISTURE,No Irrigation Required,None,Forecasted moisture (58.2%) is within optimal agronomic field capacity (35.0% - 65.0%).,2025-07-30 18:00:00,2025-07-31 18:00:00
58.14,OPTIMAL MOISTURE,No Irrigation Required,None,Forecasted moisture (58.1%) is within optimal agronomic field capacity (35.0% - 65.0%).,2025-07-30 19:00:00,2025-07-31 19:00:00
58.13,OPTIMAL MOISTURE,No Irrigation Required,None,Forecasted moisture (58.1%) is within optimal agronomic field capacity (35.0% - 65.0%).,2025-07-30 20:00:00,2025-07-31 20:00:00
57.89,OPTIMAL MOISTURE,No Irrigation Required,None,Forecasted moisture (57.9%) is within optimal agronomic field capacity (35.0% - 65.0%).,2025-07-30 21:00:00,2025-07-31 21:00:00
57.92,OPTIMAL MOISTURE,No Irrigation Required,None,Forecasted moisture (57.9%) is within optimal agronomic field capacity (35.0% - 65.0%).,2025-07-30 22:00:00,2025-07-31 22:00:00
57.83,OPTIMAL MOISTURE,No Irrigation Required,None,Forecasted moisture (57.8%) is within optimal agronomic field capacity (35.0% - 65.0%).,2025-07-30 23:00:00,2025-07-31 23:00:00
57.85,OPTIMAL MOISTURE,No Irrigation Required,None,Forecasted moisture (57.8%) is within optimal agronomic field capacity (35.0% - 65.0%).,2025-07-31 00:00:00,2025-08-01 00:00:00
57.49,OPTIMAL MOISTURE,No Irrigation Required,None,Forecasted moisture (57.5%) is within optimal agronomic field capacity (35.0% - 65.0%).,2025-07-31 01:00:00,2025-08-01 01:00:00
57.4,OPTIMAL MOISTURE,No Irrigation Required,None,Forecasted moisture (57.4%) is within optimal agronomic field capacity (35.0% - 65.0%).,2025-07-31 02:00:00,2025-08-01 02:00:00
57.16,OPTIMAL MOISTURE,No Irrigation Required,None,Forecasted moisture (57.2%) is within optimal agronomic field capacity (35.0% - 65.0%).,2025-07-31 03:00:00,2025-08-01 03:00:00
57.17,OPTIMAL MOISTURE,No Irrigation Required,None,Forecasted moisture (57.2%) is within optimal agronomic field capacity (35.0% - 65.0%).,2025-07-31 04:00:00,2025-08-01 04:00:00
56.5,OPTIMAL MOISTURE,No Irrigation Required,None,Forecasted moisture (56.5%) is within optimal agronomic field capacity (35.0% - 65.0%).,2025-07-31 05:00:00,2025-08-01 05:00:00
56.51,OPTIMAL MOISTURE,No Irrigation Required,None,Forecasted moisture (56.5%) is within optimal agronomic field capacity (35.0% - 65.0%).,2025-07-31 06:00:00,2025-08-01 06:00:00
56.42,OPTIMAL MOISTURE,No Irrigation Required,None,Forecasted moisture (56.4%) is within optimal agronomic field capacity (35.0% - 65.0%).,2025-07-31 07:00:00,2025-08-01 07:00:00
56.42,OPTIMAL MOISTURE,No Irrigation Required,None,Forecasted moisture (56.4%) is within optimal agronomic field capacity (35.0% - 65.0%).,2025-07-31 08:00:00,2025-08-01 08:00:00
56.39,OPTIMAL MOISTURE,No Irrigation Required,None,Forecasted moisture (56.4%) is within optimal agronomic field capacity (35.0% - 65.0%).,2025-07-31 09:00:00,2025-08-01 09:00:00
56.52,OPTIMAL MOISTURE,No Irrigation Required,None,Forecasted moisture (56.5%) is within optimal agronomic field capacity (35.0% - 65.0%).,2025-07-31 10:00:00,2025-08-01 10:00:00
56.58,OPTIMAL MOISTURE,No Irrigation Required,None,Forecasted moisture (56.6%) is within optimal agronomic field capacity (35.0% - 65.0%).,2025-07-31 11:00:00,2025-08-01 11:00:00
56.66,OPTIMAL MOISTURE,No Irrigation Required,None,Forecasted moisture (56.7%) is within optimal agronomic field capacity (35.0% - 65.0%).,2025-07-31 12:00:00,2025-08-01 12:00:00
57.05,OPTIMAL MOISTURE,No Irrigation Required,None,Forecasted moisture (57.1%) is within optimal agronomic field capacity (35.0% - 65.0%).,2025-07-31 13:00:00,2025-08-01 13:00:00
57.12,OPTIMAL MOISTURE,No Irrigation Required,None,Forecasted moisture (57.1%) is within optimal agronomic field capacity (35.0% - 65.0%).,2025-07-31 14:00:00,2025-08-01 14:00:00
57.03,OPTIMAL MOISTURE,No Irrigation Required,None,Forecasted moisture (57.0%) is within optimal agronomic field capacity (35.0% - 65.0%).,2025-07-31 15:00:00,2025-08-01 15:00:00
57.45,OPTIMAL MOISTURE,No Irrigation Required,None,Forecasted moisture (57.5%) is within optimal agronomic field capacity (35.0% - 65.0%).,2025-07-31 16:00:00,2025-08-01 16:00:00
58.01,OPTIMAL MOISTURE,No Irrigation Required,None,Forecasted moisture (58.0%) is within optimal agronomic field capacity (35.0% - 65.0%).,2025-07-31 17:00:00,2025-08-01 17:00:00
58.22,OPTIMAL MOISTURE,No Irrigation Required,None,Forecasted moisture (58.2%) is within optimal agronomic field capacity (35.0% - 65.0%).,2025-07-31 18:00:00,2025-08-01 18:00:00
58.12,OPTIMAL MOISTURE,No Irrigation Required,None,Forecasted moisture (58.1%) is within optimal agronomic field capacity (35.0% - 65.0%).,2025-07-31 19:00:00,2025-08-01 19:00:00
57.87,OPTIMAL MOISTURE,No Irrigation Required,None,Forecasted moisture (57.9%) is within optimal agronomic field capacity (35.0% - 65.0%).,2025-07-31 20:00:00,2025-08-01 20:00:00
57.66,OPTIMAL MOISTURE,No Irrigation Required,None,Forecasted moisture (57.7%) is within optimal agronomic field capacity (35.0% - 65.0%).,2025-07-31 21:00:00,2025-08-01 21:00:00
57.31,OPTIMAL MOISTURE,No Irrigation Required,None,Forecasted moisture (57.3%) is within optimal agronomic field capacity (35.0% - 65.0%).,2025-07-31 22:00:00,2025-08-01 22:00:00
57.19,OPTIMAL MOISTURE,No Irrigation Required,None,Forecasted moisture (57.2%) is within optimal agronomic field capacity (35.0% - 65.0%).,2025-07-31 23:00:00,2025-08-01 23:00:00
53.92,OPTIMAL MOISTURE,No Irrigation Required,None,Forecasted moisture (53.9%) is within optimal agronomic field capacity (35.0% - 65.0%).,2025-08-01 00:00:00,2025-08-02 00:00:00
53.92,OPTIMAL MOISTURE,No Irrigation Required,None,Forecasted moisture (53.9%) is within optimal agronomic field capacity (35.0% - 65.0%).,2025-08-01 01:00:00,2025-08-02 01:00:00
53.67,OPTIMAL MOISTURE,No Irrigation Required,None,Forecasted moisture (53.7%) is within optimal agronomic field capacity (35.0% - 65.0%).,2025-08-01 02:00:00,2025-08-02 02:00:00
53.6,OPTIMAL MOISTURE,No Irrigation Required,None,Forecasted moisture (53.6%) is within optimal agronomic field capacity (35.0% - 65.0%).,2025-08-01 03:00:00,2025-08-02 03:00:00
53.6,OPTIMAL MOISTURE,No Irrigation Required,None,Forecasted moisture (53.6%) is within optimal agronomic field capacity (35.0% - 65.0%).,2025-08-01 04:00:00,2025-08-02 04:00:00
52.13,OPTIMAL MOISTURE,No Irrigation Required,None,Forecasted moisture (52.1%) is within optimal agronomic field capacity (35.0% - 65.0%).,2025-08-01 05:00:00,2025-08-02 05:00:00
51.14,OPTIMAL MOISTURE,No Irrigation Required,None,Forecasted moisture (51.1%) is within optimal agronomic field capacity (35.0% - 65.0%).,2025-08-01 06:00:00,2025-08-02 06:00:00
50.62,OPTIMAL MOISTURE,No Irrigation Required,None,Forecasted moisture (50.6%) is within optimal agronomic field capacity (35.0% - 65.0%).,2025-08-01 07:00:00,2025-08-02 07:00:00
50.47,OPTIMAL MOISTURE,No Irrigation Required,None,Forecasted moisture (50.5%) is within optimal agronomic field capacity (35.0% - 65.0%).,2025-08-01 08:00:00,2025-08-02 08:00:00
50.42,OPTIMAL MOISTURE,No Irrigation Required,None,Forecasted moisture (50.4%) is within optimal agronomic field capacity (35.0% - 65.0%).,2025-08-01 09:00:00,2025-08-02 09:00:00
50.43,OPTIMAL MOISTURE,No Irrigation Required,None,Forecasted moisture (50.4%) is within optimal agronomic field capacity (35.0% - 65.0%).,2025-08-01 10:00:00,2025-08-02 10:00:00
50.94,OPTIMAL MOISTURE,No Irrigation Required,None,Forecasted moisture (50.9%) is within optimal agronomic field capacity (35.0% - 65.0%).,2025-08-01 11:00:00,2025-08-02 11:00:00
50.98,OPTIMAL MOISTURE,No Irrigation Required,None,Forecasted moisture (51.0%) is within optimal agronomic field capacity (35.0% - 65.0%).,2025-08-01 12:00:00,2025-08-02 12:00:00
51.28,OPTIMAL MOISTURE,No Irrigation Required,None,Forecasted moisture (51.3%) is within optimal agronomic field capacity (35.0% - 65.0%).,2025-08-01 13:00:00,2025-08-02 13:00:00
51.3,OPTIMAL MOISTURE,No Irrigation Required,None,Forecasted moisture (51.3%) is within optimal agronomic field capacity (35.0% - 65.0%).,2025-08-01 14:00:00,2025-08-02 14:00:00
52.93,OPTIMAL MOISTURE,No Irrigation Required,None,Forecasted moisture (52.9%) is within optimal agronomic field capacity (35.0% - 65.0%).,2025-08-01 16:00:00,2025-08-02 16:00:00
53.78,OPTIMAL MOISTURE,No Irrigation Required,None,Forecasted moisture (53.8%) is within optimal agronomic field capacity (35.0% - 65.0%).,2025-08-01 17:00:00,2025-08-02 17:00:00
53.94,OPTIMAL MOISTURE,No Irrigation Required,None,Forecasted moisture (53.9%) is within optimal agronomic field capacity (35.0% - 65.0%).,2025-08-01 18:00:00,2025-08-02 18:00:00
53.95,OPTIMAL MOISTURE,No Irrigation Required,None,Forecasted moisture (53.9%) is within optimal agronomic field capacity (35.0% - 65.0%).,2025-08-01 19:00:00,2025-08-02 19:00:00
54.17,OPTIMAL MOISTURE,No Irrigation Required,None,Forecasted moisture (54.2%) is within optimal agronomic field capacity (35.0% - 65.0%).,2025-08-01 20:00:00,2025-08-02 20:00:00
53.61,OPTIMAL MOISTURE,No Irrigation Required,None,Forecasted moisture (53.6%) is within optimal agronomic field capacity (35.0% - 65.0%).,2025-08-01 21:00:00,2025-08-02 21:00:00
53.44,OPTIMAL MOISTURE,No Irrigation Required,None,Forecasted moisture (53.4%) is within optimal agronomic field capacity (35.0% - 65.0%).,2025-08-01 22:00:00,2025-08-02 22:00:00
53.5,OPTIMAL MOISTURE,No Irrigation Required,None,Forecasted moisture (53.5%) is within optimal agronomic field capacity (35.0% - 65.0%).,2025-08-01 23:00:00,2025-08-02 23:00:00
53.56,OPTIMAL MOISTURE,No Irrigation Required,None,Forecasted moisture (53.6%) is within optimal agronomic field capacity (35.0% - 65.0%).,2025-08-02 00:00:00,2025-08-03 00:00:00
52.11,OPTIMAL MOISTURE,No Irrigation Required,None,Forecasted moisture (52.1%) is within optimal agronomic field capacity (35.0% - 65.0%).,2025-08-02 01:00:00,2025-08-03 01:00:00
51.4,OPTIMAL MOISTURE,No Irrigation Required,None,Forecasted moisture (51.4%) is within optimal agronomic field capacity (35.0% - 65.0%).,2025-08-02 02:00:00,2025-08-03 02:00:00
51.11,OPTIMAL MOISTURE,No Irrigation Required,None,Forecasted moisture (51.1%) is within optimal agronomic field capacity (35.0% - 65.0%).,2025-08-02 03:00:00,2025-08-03 03:00:00
50.96,OPTIMAL MOISTURE,No Irrigation Required,None,Forecasted moisture (51.0%) is within optimal agronomic field capacity (35.0% - 65.0%).,2025-08-02 04:00:00,2025-08-03 04:00:00
50.9,OPTIMAL MOISTURE,No Irrigation Required,None,Forecasted moisture (50.9%) is within optimal agronomic field capacity (35.0% - 65.0%).,2025-08-02 05:00:00,2025-08-03 05:00:00
49.36,OPTIMAL MOISTURE,No Irrigation Required,None,Forecasted moisture (49.4%) is within optimal agronomic field capacity (35.0% - 65.0%).,2025-08-02 06:00:00,2025-08-03 06:00:00
48.75,OPTIMAL MOISTURE,No Irrigation Required,None,Forecasted moisture (48.7%) is within optimal agronomic field capacity (35.0% - 65.0%).,2025-08-02 07:00:00,2025-08-03 07:00:00
49.01,OPTIMAL MOISTURE,No Irrigation Required,None,Forecasted moisture (49.0%) is within optimal agronomic field capacity (35.0% - 65.0%).,2025-08-02 08:00:00,2025-08-03 08:00:00
48.46,OPTIMAL MOISTURE,No Irrigation Required,None,Forecasted moisture (48.5%) is within optimal agronomic field capacity (35.0% - 65.0%).,2025-08-02 09:00:00,2025-08-03 09:00:00
48.49,OPTIMAL MOISTURE,No Irrigation Required,None,Forecasted moisture (48.5%) is within optimal agronomic field capacity (35.0% - 65.0%).,2025-08-02 10:00:00,2025-08-03 10:00:00
48.51,OPTIMAL MOISTURE,No Irrigation Required,None,Forecasted moisture (48.5%) is within optimal agronomic field capacity (35.0% - 65.0%).,2025-08-02 11:00:00,2025-08-03 11:00:00
49.01,OPTIMAL MOISTURE,No Irrigation Required,None,Forecasted moisture (49.0%) is within optimal agronomic field capacity (35.0% - 65.0%).,2025-08-02 12:00:00,2025-08-03 12:00:00
50.4,OPTIMAL MOISTURE,No Irrigation Required,None,Forecasted moisture (50.4%) is within optimal agronomic field capacity (35.0% - 65.0%).,2025-08-02 13:00:00,2025-08-03 13:00:00
51.27,OPTIMAL MOISTURE,No Irrigation Required,None,Forecasted moisture (51.3%) is within optimal agronomic field capacity (35.0% - 65.0%).,2025-08-02 14:00:00,2025-08-03 14:00:00
51.12,OPTIMAL MOISTURE,No Irrigation Required,None,Forecasted moisture (51.1%) is within optimal agronomic field capacity (35.0% - 65.0%).,2025-08-02 15:00:00,2025-08-03 15:00:00
51.32,OPTIMAL MOISTURE,No Irrigation Required,None,Forecasted moisture (51.3%) is within optimal agronomic field capacity (35.0% - 65.0%).,2025-08-02 16:00:00,2025-08-03 16:00:00
52.92,OPTIMAL MOISTURE,No Irrigation Required,None,Forecasted moisture (52.9%) is within optimal agronomic field capacity (35.0% - 65.0%).,2025-08-02 17:00:00,2025-08-03 17:00:00
53.37,OPTIMAL MOISTURE,No Irrigation Required,None,Forecasted moisture (53.4%) is within optimal agronomic field capacity (35.0% - 65.0%).,2025-08-02 18:00:00,2025-08-03 18:00:00
53.36,OPTIMAL MOISTURE,No Irrigation Required,None,Forecasted moisture (53.4%) is within optimal agronomic field capacity (35.0% - 65.0%).,2025-08-02 19:00:00,2025-08-03 19:00:00
53.58,OPTIMAL MOISTURE,No Irrigation Required,None,Forecasted moisture (53.6%) is within optimal agronomic field capacity (35.0% - 65.0%).,2025-08-02 20:00:00,2025-08-03 20:00:00
53.49,OPTIMAL MOISTURE,No Irrigation Required,None,Forecasted moisture (53.5%) is within optimal agronomic field capacity (35.0% - 65.0%).,2025-08-02 21:00:00,2025-08-03 21:00:00
53.58,OPTIMAL MOISTURE,No Irrigation Required,None,Forecasted moisture (53.6%) is within optimal agronomic field capacity (35.0% - 65.0%).,2025-08-02 22:00:00,2025-08-03 22:00:00
53.67,OPTIMAL MOISTURE,No Irrigation Required,None,Forecasted moisture (53.7%) is within optimal agronomic field capacity (35.0% - 65.0%).,2025-08-02 23:00:00,2025-08-03 23:00:00
53.62,OPTIMAL MOISTURE,No Irrigation Required,None,Forecasted moisture (53.6%) is within optimal agronomic field capacity (35.0% - 65.0%).,2025-08-03 00:00:00,2025-08-04 00:00:00
51.95,OPTIMAL MOISTURE,No Irrigation Required,None,Forecasted moisture (52.0%) is within optimal agronomic field capacity (35.0% - 65.0%).,2025-08-03 01:00:00,2025-08-04 01:00:00
51.29,OPTIMAL MOISTURE,No Irrigation Required,None,Forecasted moisture (51.3%) is within optimal agronomic field capacity (35.0% - 65.0%).,2025-08-03 02:00:00,2025-08-04 02:00:00
51.04,OPTIMAL MOISTURE,No Irrigation Required,None,Forecasted moisture (51.0%) is within optimal agronomic field capacity (35.0% - 65.0%).,2025-08-03 03:00:00,2025-08-04 03:00:00
50.77,OPTIMAL MOISTURE,No Irrigation Required,None,Forecasted moisture (50.8%) is within optimal agronomic field capacity (35.0% - 65.0%).,2025-08-03 04:00:00,2025-08-04 04:00:00
50.9,OPTIMAL MOISTURE,No Irrigation Required,None,Forecasted moisture (50.9%) is within optimal agronomic field capacity (35.0% - 65.0%).,2025-08-03 05:00:00,2025-08-04 05:00:00
50.9,OPTIMAL MOISTURE,No Irrigation Required,None,Forecasted moisture (50.9%) is within optimal agronomic field capacity (35.0% - 65.0%).,2025-08-03 06:00:00,2025-08-04 06:00:00
49.56,OPTIMAL MOISTURE,No Irrigation Required,None,Forecasted moisture (49.6%) is within optimal agronomic field capacity (35.0% - 65.0%).,2025-08-03 07:00:00,2025-08-04 07:00:00
49.09,OPTIMAL MOISTURE,No Irrigation Required,None,Forecasted moisture (49.1%) is within optimal agronomic field capacity (35.0% - 65.0%).,2025-08-03 08:00:00,2025-08-04 08:00:00
49.08,OPTIMAL MOISTURE,No Irrigation Required,None,Forecasted moisture (49.1%) is within optimal agronomic field capacity (35.0% - 65.0%).,2025-08-03 09:00:00,2025-08-04 09:00:00
49.28,OPTIMAL MOISTURE,No Irrigation Required,None,Forecasted moisture (49.3%) is within optimal agronomic field capacity (35.0% - 65.0%).,2025-08-03 10:00:00,2025-08-04 10:00:00
49.15,OPTIMAL MOISTURE,No Irrigation Required,None,Forecasted moisture (49.1%) is within optimal agronomic field capacity (35.0% - 65.0%).,2025-08-03 11:00:00,2025-08-04 11:00:00
48.98,OPTIMAL MOISTURE,No Irrigation Required,None,Forecasted moisture (49.0%) is within optimal agronomic field capacity (35.0% - 65.0%).,2025-08-03 12:00:00,2025-08-04 12:00:00
48.89,OPTIMAL MOISTURE,No Irrigation Required,None,Forecasted moisture (48.9%) is within optimal agronomic field capacity (35.0% - 65.0%).,2025-08-03 13:00:00,2025-08-04 13:00:00
48.71,OPTIMAL MOISTURE,No Irrigation Required,None,Forecasted moisture (48.7%) is within optimal agronomic field capacity (35.0% - 65.0%).,2025-08-03 14:00:00,2025-08-04 14:00:00
50.29,OPTIMAL MOISTURE,No Irrigation Required,None,Forecasted moisture (50.3%) is within optimal agronomic field capacity (35.0% - 65.0%).,2025-08-03 15:00:00,2025-08-04 15:00:00
50.58,OPTIMAL MOISTURE,No Irrigation Required,None,Forecasted moisture (50.6%) is within optimal agronomic field capacity (35.0% - 65.0%).,2025-08-03 16:00:00,2025-08-04 16:00:00
50.63,OPTIMAL MOISTURE,No Irrigation Required,None,Forecasted moisture (50.6%) is within optimal agronomic field capacity (35.0% - 65.0%).,2025-08-03 17:00:00,2025-08-04 17:00:00
50.48,OPTIMAL MOISTURE,No Irrigation Required,None,Forecasted moisture (50.5%) is within optimal agronomic field capacity (35.0% - 65.0%).,2025-08-03 18:00:00,2025-08-04 18:00:00
50.48,OPTIMAL MOISTURE,No Irrigation Required,None,Forecasted moisture (50.5%) is within optimal agronomic field capacity (35.0% - 65.0%).,2025-08-03 19:00:00,2025-08-04 19:00:00
50.57,OPTIMAL MOISTURE,No Irrigation Required,None,Forecasted moisture (50.6%) is within optimal agronomic field capacity (35.0% - 65.0%).,2025-08-03 20:00:00,2025-08-04 20:00:00
50.57,OPTIMAL MOISTURE,No Irrigation Required,None,Forecasted moisture (50.6%) is within optimal agronomic field capacity (35.0% - 65.0%).,2025-08-03 21:00:00,2025-08-04 21:00:00
50.51,OPTIMAL MOISTURE,No Irrigation Required,None,Forecasted moisture (50.5%) is within optimal agronomic field capacity (35.0% - 65.0%).,2025-08-03 22:00:00,2025-08-04 22:00:00
50.48,OPTIMAL MOISTURE,No Irrigation Required,None,Forecasted moisture (50.5%) is within optimal agronomic field capacity (35.0% - 65.0%).,2025-08-03 23:00:00,2025-08-04 23:00:00
48.64,OPTIMAL MOISTURE,No Irrigation Required,None,Forecasted moisture (48.6%) is within optimal agronomic field capacity (35.0% - 65.0%).,2025-08-04 00:00:00,2025-08-05 00:00:00
47.98,OPTIMAL MOISTURE,No Irrigation Required,None,Forecasted moisture (48.0%) is within optimal agronomic field capacity (35.0% - 65.0%).,2025-08-04 01:00:00,2025-08-05 01:00:00
48.01,OPTIMAL MOISTURE,No Irrigation Required,None,Forecasted moisture (48.0%) is within optimal agronomic field capacity (35.0% - 65.0%).,2025-08-04 02:00:00,2025-08-05 02:00:00
47.54,OPTIMAL MOISTURE,No Irrigation Required,None,Forecasted moisture (47.5%) is within optimal agronomic field capacity (35.0% - 65.0%).,2025-08-04 03:00:00,2025-08-05 03:00:00
47.26,OPTIMAL MOISTURE,No Irrigation Required,None,Forecasted moisture (47.3%) is within optimal agronomic field capacity (35.0% - 65.0%).,2025-08-04 04:00:00,2025-08-05 04:00:00
45.18,OPTIMAL MOISTURE,No Irrigation Required,None,Forecasted moisture (45.2%) is within optimal agronomic field capacity (35.0% - 65.0%).,2025-08-04 05:00:00,2025-08-05 05:00:00
45.7,OPTIMAL MOISTURE,No Irrigation Required,None,Forecasted moisture (45.7%) is within optimal agronomic field capacity (35.0% - 65.0%).,2025-08-04 06:00:00,2025-08-05 06:00:00
45.89,OPTIMAL MOISTURE,No Irrigation Required,None,Forecasted moisture (45.9%) is within optimal agronomic field capacity (35.0% - 65.0%).,2025-08-04 07:00:00,2025-08-05 07:00:00
45.84,OPTIMAL MOISTURE,No Irrigation Required,None,Forecasted moisture (45.8%) is within optimal agronomic field capacity (35.0% - 65.0%).,2025-08-04 08:00:00,2025-08-05 08:00:00
45.47,OPTIMAL MOISTURE,No Irrigation Required,None,Forecasted moisture (45.5%) is within optimal agronomic field capacity (35.0% - 65.0%).,2025-08-04 09:00:00,2025-08-05 09:00:00
45.36,OPTIMAL MOISTURE,No Irrigation Required,None,Forecasted moisture (45.4%) is within optimal agronomic field capacity (35.0% - 65.0%).,2025-08-04 10:00:00,2025-08-05 10:00:00
45.49,OPTIMAL MOISTURE,No Irrigation Required,None,Forecasted moisture (45.5%) is within optimal agronomic field capacity (35.0% - 65.0%).,2025-08-04 11:00:00,2025-08-05 11:00:00
45.57,OPTIMAL MOISTURE,No Irrigation Required,None,Forecasted moisture (45.6%) is within optimal agronomic field capacity (35.0% - 65.0%).,2025-08-04 12:00:00,2025-08-05 12:00:00
45.63,OPTIMAL MOISTURE,No Irrigation Required,None,Forecasted moisture (45.6%) is within optimal agronomic field capacity (35.0% - 65.0%).,2025-08-04 13:00:00,2025-08-05 13:00:00
45.63,OPTIMAL MOISTURE,No Irrigation Required,None,Forecasted moisture (45.6%) is within optimal agronomic field capacity (35.0% - 65.0%).,2025-08-04 14:00:00,2025-08-05 14:00:00
45.53,OPTIMAL MOISTURE,No Irrigation Required,None,Forecasted moisture (45.5%) is within optimal agronomic field capacity (35.0% - 65.0%).,2025-08-04 15:00:00,2025-08-05 15:00:00
45.89,OPTIMAL MOISTURE,No Irrigation Required,None,Forecasted moisture (45.9%) is within optimal agronomic field capacity (35.0% - 65.0%).,2025-08-04 16:00:00,2025-08-05 16:00:00
45.9,OPTIMAL MOISTURE,No Irrigation Required,None,Forecasted moisture (45.9%) is within optimal agronomic field capacity (35.0% - 65.0%).,2025-08-04 17:00:00,2025-08-05 17:00:00
45.78,OPTIMAL MOISTURE,No Irrigation Required,None,Forecasted moisture (45.8%) is within optimal agronomic field capacity (35.0% - 65.0%).,2025-08-04 18:00:00,2025-08-05 18:00:00
45.62,OPTIMAL MOISTURE,No Irrigation Required,None,Forecasted moisture (45.6%) is within optimal agronomic field capacity (35.0% - 65.0%).,2025-08-04 19:00:00,2025-08-05 19:00:00
45.58,OPTIMAL MOISTURE,No Irrigation Required,None,Forecasted moisture (45.6%) is within optimal agronomic field capacity (35.0% - 65.0%).,2025-08-04 20:00:00,2025-08-05 20:00:00
45.38,OPTIMAL MOISTURE,No Irrigation Required,None,Forecasted moisture (45.4%) is within optimal agronomic field capacity (35.0% - 65.0%).,2025-08-04 21:00:00,2025-08-05 21:00:00
45.55,OPTIMAL MOISTURE,No Irrigation Required,None,Forecasted moisture (45.6%) is within optimal agronomic field capacity (35.0% - 65.0%).,2025-08-04 22:00:00,2025-08-05 22:00:00
45.46,OPTIMAL MOISTURE,No Irrigation Required,None,Forecasted moisture (45.5%) is within optimal agronomic field capacity (35.0% - 65.0%).,2025-08-04 23:00:00,2025-08-05 23:00:00
45.53,OPTIMAL MOISTURE,No Irrigation Required,None,Forecasted moisture (45.5%) is within optimal agronomic field capacity (35.0% - 65.0%).,2025-08-05 00:00:00,2025-08-06 00:00:00
45.72,OPTIMAL MOISTURE,No Irrigation Required,None,Forecasted moisture (45.7%) is within optimal agronomic field capacity (35.0% - 65.0%).,2025-08-05 01:00:00,2025-08-06 01:00:00
45.25,OPTIMAL MOISTURE,No Irrigation Required,None,Forecasted moisture (45.3%) is within optimal agronomic field capacity (35.0% - 65.0%).,2025-08-05 02:00:00,2025-08-06 02:00:00
45.81,OPTIMAL MOISTURE,No Irrigation Required,None,Forecasted moisture (45.8%) is within optimal agronomic field capacity (35.0% - 65.0%).,2025-08-05 03:00:00,2025-08-06 03:00:00
45.87,OPTIMAL MOISTURE,No Irrigation Required,None,Forecasted moisture (45.9%) is within optimal agronomic field capacity (35.0% - 65.0%).,2025-08-05 04:00:00,2025-08-06 04:00:00
46.18,OPTIMAL MOISTURE,No Irrigation Required,None,Forecasted moisture (46.2%) is within optimal agronomic field capacity (35.0% - 65.0%).,2025-08-05 05:00:00,2025-08-06 05:00:00
46.44,OPTIMAL MOISTURE,No Irrigation Required,None,Forecasted moisture (46.4%) is within optimal agronomic field capacity (35.0% - 65.0%).,2025-08-05 06:00:00,2025-08-06 06:00:00
46.07,OPTIMAL MOISTURE,No Irrigation Required,None,Forecasted moisture (46.1%) is within optimal agronomic field capacity (35.0% - 65.0%).,2025-08-05 07:00:00,2025-08-06 07:00:00
46.18,OPTIMAL MOISTURE,No Irrigation Required,None,Forecasted moisture (46.2%) is within optimal agronomic field capacity (35.0% - 65.0%).,2025-08-05 08:00:00,2025-08-06 08:00:00
45.65,OPTIMAL MOISTURE,No Irrigation Required,None,Forecasted moisture (45.6%) is within optimal agronomic field capacity (35.0% - 65.0%).,2025-08-05 09:00:00,2025-08-06 09:00:00
45.84,OPTIMAL MOISTURE,No Irrigation Required,None,Forecasted moisture (45.8%) is within optimal agronomic field capacity (35.0% - 65.0%).,2025-08-05 10:00:00,2025-08-06 10:00:00
45.83,OPTIMAL MOISTURE,No Irrigation Required,None,Forecasted moisture (45.8%) is within optimal agronomic field capacity (35.0% - 65.0%).,2025-08-05 11:00:00,2025-08-06 11:00:00
45.88,OPTIMAL MOISTURE,No Irrigation Required,None,Forecasted moisture (45.9%) is within optimal agronomic field capacity (35.0% - 65.0%).,2025-08-05 12:00:00,2025-08-06 12:00:00
46.73,OPTIMAL MOISTURE,No Irrigation Required,None,Forecasted moisture (46.7%) is within optimal agronomic field capacity (35.0% - 65.0%).,2025-08-05 13:00:00,2025-08-06 13:00:00
47.29,OPTIMAL MOISTURE,No Irrigation Required,None,Forecasted moisture (47.3%) is within optimal agronomic field capacity (35.0% - 65.0%).,2025-08-05 16:00:00,2025-08-06 16:00:00
47.65,OPTIMAL MOISTURE,No Irrigation Required,None,Forecasted moisture (47.6%) is within optimal agronomic field capacity (35.0% - 65.0%).,2025-08-05 17:00:00,2025-08-06 17:00:00
47.58,OPTIMAL MOISTURE,No Irrigation Required,None,Forecasted moisture (47.6%) is within optimal agronomic field capacity (35.0% - 65.0%).,2025-08-05 18:00:00,2025-08-06 18:00:00
47.58,OPTIMAL MOISTURE,No Irrigation Required,None,Forecasted moisture (47.6%) is within optimal agronomic field capacity (35.0% - 65.0%).,2025-08-05 19:00:00,2025-08-06 19:00:00
47.26,OPTIMAL MOISTURE,No Irrigation Required,None,Forecasted moisture (47.3%) is within optimal agronomic field capacity (35.0% - 65.0%).,2025-08-05 20:00:00,2025-08-06 20:00:00
47.52,OPTIMAL MOISTURE,No Irrigation Required,None,Forecasted moisture (47.5%) is within optimal agronomic field capacity (35.0% - 65.0%).,2025-08-05 21:00:00,2025-08-06 21:00:00
46.93,OPTIMAL MOISTURE,No Irrigation Required,None,Forecasted moisture (46.9%) is within optimal agronomic field capacity (35.0% - 65.0%).,2025-08-05 22:00:00,2025-08-06 22:00:00
42.6,OPTIMAL MOISTURE,No Irrigation Required,None,Forecasted moisture (42.6%) is within optimal agronomic field capacity (35.0% - 65.0%).,2025-08-05 23:00:00,2025-08-06 23:00:00
42.44,OPTIMAL MOISTURE,No Irrigation Required,None,Forecasted moisture (42.4%) is within optimal agronomic field capacity (35.0% - 65.0%).,2025-08-06 00:00:00,2025-08-07 00:00:00
42.42,OPTIMAL MOISTURE,No Irrigation Required,None,Forecasted moisture (42.4%) is within optimal agronomic field capacity (35.0% - 65.0%).,2025-08-06 01:00:00,2025-08-07 01:00:00
43.97,OPTIMAL MOISTURE,No Irrigation Required,None,Forecasted moisture (44.0%) is within optimal agronomic field capacity (35.0% - 65.0%).,2025-08-06 02:00:00,2025-08-07 02:00:00
43.27,OPTIMAL MOISTURE,No Irrigation Required,None,Forecasted moisture (43.3%) is within optimal agronomic field capacity (35.0% - 65.0%).,2025-08-06 03:00:00,2025-08-07 03:00:00
42.3,OPTIMAL MOISTURE,No Irrigation Required,None,Forecasted moisture (42.3%) is within optimal agronomic field capacity (35.0% - 65.0%).,2025-08-06 04:00:00,2025-08-07 04:00:00
42.36,OPTIMAL MOISTURE,No Irrigation Required,None,Forecasted moisture (42.4%) is within optimal agronomic field capacity (35.0% - 65.0%).,2025-08-06 05:00:00,2025-08-07 05:00:00
42.36,OPTIMAL MOISTURE,No Irrigation Required,None,Forecasted moisture (42.4%) is within optimal agronomic field capacity (35.0% - 65.0%).,2025-08-06 06:00:00,2025-08-07 06:00:00
41.97,OPTIMAL MOISTURE,No Irrigation Required,None,Forecasted moisture (42.0%) is within optimal agronomic field capacity (35.0% - 65.0%).,2025-08-06 07:00:00,2025-08-07 07:00:00
41.96,OPTIMAL MOISTURE,No Irrigation Required,None,Forecasted moisture (42.0%) is within optimal agronomic field capacity (35.0% - 65.0%).,2025-08-06 08:00:00,2025-08-07 08:00:00
42.47,OPTIMAL MOISTURE,No Irrigation Required,None,Forecasted moisture (42.5%) is within optimal agronomic field capacity (35.0% - 65.0%).,2025-08-06 09:00:00,2025-08-07 09:00:00
43.71,OPTIMAL MOISTURE,No Irrigation Required,None,Forecasted moisture (43.7%) is within optimal agronomic field capacity (35.0% - 65.0%).,2025-08-06 10:00:00,2025-08-07 10:00:00
43.72,OPTIMAL MOISTURE,No Irrigation Required,None,Forecasted moisture (43.7%) is within optimal agronomic field capacity (35.0% - 65.0%).,2025-08-06 11:00:00,2025-08-07 11:00:00
44.82,OPTIMAL MOISTURE,No Irrigation Required,None,Forecasted moisture (44.8%) is within optimal agronomic field capacity (35.0% - 65.0%).,2025-08-06 12:00:00,2025-08-07 12:00:00
45.16,OPTIMAL MOISTURE,No Irrigation Required,None,Forecasted moisture (45.2%) is within optimal agronomic field capacity (35.0% - 65.0%).,2025-08-06 13:00:00,2025-08-07 13:00:00
45.74,OPTIMAL MOISTURE,No Irrigation Required,None,Forecasted moisture (45.7%) is within optimal agronomic field capacity (35.0% - 65.0%).,2025-08-06 14:00:00,2025-08-07 14:00:00
45.75,OPTIMAL MOISTURE,No Irrigation Required,None,Forecasted moisture (45.8%) is within optimal agronomic field capacity (35.0% - 65.0%).,2025-08-06 15:00:00,2025-08-07 15:00:00
45.07,OPTIMAL MOISTURE,No Irrigation Required,None,Forecasted moisture (45.1%) is within optimal agronomic field capacity (35.0% - 65.0%).,2025-08-06 16:00:00,2025-08-07 16:00:00
45.02,OPTIMAL MOISTURE,No Irrigation Required,None,Forecasted moisture (45.0%) is within optimal agronomic field capacity (35.0% - 65.0%).,2025-08-06 17:00:00,2025-08-07 17:00:00
44.91,OPTIMAL MOISTURE,No Irrigation Required,None,Forecasted moisture (44.9%) is within optimal agronomic field capacity (35.0% - 65.0%).,2025-08-06 18:00:00,2025-08-07 18:00:00
45.91,OPTIMAL MOISTURE,No Irrigation Required,None,Forecasted moisture (45.9%) is within optimal agronomic field capacity (35.0% - 65.0%).,2025-08-06 19:00:00,2025-08-07 19:00:00
45.64,OPTIMAL MOISTURE,No Irrigation Required,None,Forecasted moisture (45.6%) is within optimal agronomic field capacity (35.0% - 65.0%).,2025-08-06 20:00:00,2025-08-07 20:00:00
45.09,OPTIMAL MOISTURE,No Irrigation Required,None,Forecasted moisture (45.1%) is within optimal agronomic field capacity (35.0% - 65.0%).,2025-08-06 21:00:00,2025-08-07 21:00:00
44.58,OPTIMAL MOISTURE,No Irrigation Required,None,Forecasted moisture (44.6%) is within optimal agronomic field capacity (35.0% - 65.0%).,2025-08-06 22:00:00,2025-08-07 22:00:00
43.1,OPTIMAL MOISTURE,No Irrigation Required,None,Forecasted moisture (43.1%) is within optimal agronomic field capacity (35.0% - 65.0%).,2025-08-06 23:00:00,2025-08-07 23:00:00
42.49,OPTIMAL MOISTURE,No Irrigation Required,None,Forecasted moisture (42.5%) is within optimal agronomic field capacity (35.0% - 65.0%).,2025-08-07 00:00:00,2025-08-08 00:00:00
42.12,OPTIMAL MOISTURE,No Irrigation Required,None,Forecasted moisture (42.1%) is within optimal agronomic field capacity (35.0% - 65.0%).,2025-08-07 01:00:00,2025-08-08 01:00:00
42.12,OPTIMAL MOISTURE,No Irrigation Required,None,Forecasted moisture (42.1%) is within optimal agronomic field capacity (35.0% - 65.0%).,2025-08-07 02:00:00,2025-08-08 02:00:00
42.27,OPTIMAL MOISTURE,No Irrigation Required,None,Forecasted moisture (42.3%) is within optimal agronomic field capacity (35.0% - 65.0%).,2025-08-07 03:00:00,2025-08-08 03:00:00
42.08,OPTIMAL MOISTURE,No Irrigation Required,None,Forecasted moisture (42.1%) is within optimal agronomic field capacity (35.0% - 65.0%).,2025-08-07 04:00:00,2025-08-08 04:00:00
41.01,OPTIMAL MOISTURE,No Irrigation Required,None,Forecasted moisture (41.0%) is within optimal agronomic field capacity (35.0% - 65.0%).,2025-08-07 05:00:00,2025-08-08 05:00:00
41.14,OPTIMAL MOISTURE,No Irrigation Required,None,Forecasted moisture (41.1%) is within optimal agronomic field capacity (35.0% - 65.0%).,2025-08-07 06:00:00,2025-08-08 06:00:00
42.01,OPTIMAL MOISTURE,No Irrigation Required,None,Forecasted moisture (42.0%) is within optimal agronomic field capacity (35.0% - 65.0%).,2025-08-07 07:00:00,2025-08-08 07:00:00
43.34,OPTIMAL MOISTURE,No Irrigation Required,None,Forecasted moisture (43.3%) is within optimal agronomic field capacity (35.0% - 65.0%).,2025-08-07 08:00:00,2025-08-08 08:00:00
42.74,OPTIMAL MOISTURE,No Irrigation Required,None,Forecasted moisture (42.7%) is within optimal agronomic field capacity (35.0% - 65.0%).,2025-08-07 09:00:00,2025-08-08 09:00:00
42.79,OPTIMAL MOISTURE,No Irrigation Required,None,Forecasted moisture (42.8%) is within optimal agronomic field capacity (35.0% - 65.0%).,2025-08-07 10:00:00,2025-08-08 10:00:00
43.13,OPTIMAL MOISTURE,No Irrigation Required,None,Forecasted moisture (43.1%) is within optimal agronomic field capacity (35.0% - 65.0%).,2025-08-07 11:00:00,2025-08-08 11:00:00
43.4,OPTIMAL MOISTURE,No Irrigation Required,None,Forecasted moisture (43.4%) is within optimal agronomic field capacity (35.0% - 65.0%).,2025-08-07 12:00:00,2025-08-08 12:00:00
43.9,OPTIMAL MOISTURE,No Irrigation Required,None,Forecasted moisture (43.9%) is within optimal agronomic field capacity (35.0% - 65.0%).,2025-08-07 13:00:00,2025-08-08 13:00:00
43.11,OPTIMAL MOISTURE,No Irrigation Required,None,Forecasted moisture (43.1%) is within optimal agronomic field capacity (35.0% - 65.0%).,2025-08-07 14:00:00,2025-08-08 14:00:00
42.98,OPTIMAL MOISTURE,No Irrigation Required,None,Forecasted moisture (43.0%) is within optimal agronomic field capacity (35.0% - 65.0%).,2025-08-07 15:00:00,2025-08-08 15:00:00
42.97,OPTIMAL MOISTURE,No Irrigation Required,None,Forecasted moisture (43.0%) is within optimal agronomic field capacity (35.0% - 65.0%).,2025-08-07 16:00:00,2025-08-08 16:00:00
42.82,OPTIMAL MOISTURE,No Irrigation Required,None,Forecasted moisture (42.8%) is within optimal agronomic field capacity (35.0% - 65.0%).,2025-08-07 17:00:00,2025-08-08 17:00:00
43.14,OPTIMAL MOISTURE,No Irrigation Required,None,Forecasted moisture (43.1%) is within optimal agronomic field capacity (35.0% - 65.0%).,2025-08-07 18:00:00,2025-08-08 18:00:00
43.24,OPTIMAL MOISTURE,No Irrigation Required,None,Forecasted moisture (43.2%) is within optimal agronomic field capacity (35.0% - 65.0%).,2025-08-07 19:00:00,2025-08-08 19:00:00
43.3,OPTIMAL MOISTURE,No Irrigation Required,None,Forecasted moisture (43.3%) is within optimal agronomic field capacity (35.0% - 65.0%).,2025-08-07 20:00:00,2025-08-08 20:00:00
43.72,OPTIMAL MOISTURE,No Irrigation Required,None,Forecasted moisture (43.7%) is within optimal agronomic field capacity (35.0% - 65.0%).,2025-08-07 21:00:00,2025-08-08 21:00:00
42.43,OPTIMAL MOISTURE,No Irrigation Required,None,Forecasted moisture (42.4%) is within optimal agronomic field capacity (35.0% - 65.0%).,2025-08-07 22:00:00,2025-08-08 22:00:00
43.14,OPTIMAL MOISTURE,No Irrigation Required,None,Forecasted moisture (43.1%) is within optimal agronomic field capacity (35.0% - 65.0%).,2025-08-07 23:00:00,2025-08-08 23:00:00
43.32,OPTIMAL MOISTURE,No Irrigation Required,None,Forecasted moisture (43.3%) is within optimal agronomic field capacity (35.0% - 65.0%).,2025-08-08 00:00:00,2025-08-09 00:00:00
43.26,OPTIMAL MOISTURE,No Irrigation Required,None,Forecasted moisture (43.3%) is within optimal agronomic field capacity (35.0% - 65.0%).,2025-08-08 01:00:00,2025-08-09 01:00:00
43.11,OPTIMAL MOISTURE,No Irrigation Required,None,Forecasted moisture (43.1%) is within optimal agronomic field capacity (35.0% - 65.0%).,2025-08-08 02:00:00,2025-08-09 02:00:00
42.79,OPTIMAL MOISTURE,No Irrigation Required,None,Forecasted moisture (42.8%) is within optimal agronomic field capacity (35.0% - 65.0%).,2025-08-08 03:00:00,2025-08-09 03:00:00
42.31,OPTIMAL MOISTURE,No Irrigation Required,None,Forecasted moisture (42.3%) is within optimal agronomic field capacity (35.0% - 65.0%).,2025-08-08 04:00:00,2025-08-09 04:00:00
42.68,OPTIMAL MOISTURE,No Irrigation Required,None,Forecasted moisture (42.7%) is within optimal agronomic field capacity (35.0% - 65.0%).,2025-08-08 05:00:00,2025-08-09 05:00:00
43.43,OPTIMAL MOISTURE,No Irrigation Required,None,Forecasted moisture (43.4%) is within optimal agronomic field capacity (35.0% - 65.0%).,2025-08-08 06:00:00,2025-08-09 06:00:00
43.36,OPTIMAL MOISTURE,No Irrigation Required,None,Forecasted moisture (43.4%) is within optimal agronomic field capacity (35.0% - 65.0%).,2025-08-08 07:00:00,2025-08-09 07:00:00
43.87,OPTIMAL MOISTURE,No Irrigation Required,None,Forecasted moisture (43.9%) is within optimal agronomic field capacity (35.0% - 65.0%).,2025-08-08 08:00:00,2025-08-09 08:00:00
43.29,OPTIMAL MOISTURE,No Irrigation Required,None,Forecasted moisture (43.3%) is within optimal agronomic field capacity (35.0% - 65.0%).,2025-08-08 09:00:00,2025-08-09 09:00:00
43.39,OPTIMAL MOISTURE,No Irrigation Required,None,Forecasted moisture (43.4%) is within optimal agronomic field capacity (35.0% - 65.0%).,2025-08-08 10:00:00,2025-08-09 10:00:00
43.56,OPTIMAL MOISTURE,No Irrigation Required,None,Forecasted moisture (43.6%) is within optimal agronomic field capacity (35.0% - 65.0%).,2025-08-08 11:00:00,2025-08-09 11:00:00
43.97,OPTIMAL MOISTURE,No Irrigation Required,None,Forecasted moisture (44.0%) is within optimal agronomic field capacity (35.0% - 65.0%).,2025-08-08 12:00:00,2025-08-09 12:00:00
43.84,OPTIMAL MOISTURE,No Irrigation Required,None,Forecasted moisture (43.8%) is within optimal agronomic field capacity (35.0% - 65.0%).,2025-08-08 13:00:00,2025-08-09 13:00:00
43.87,OPTIMAL MOISTURE,No Irrigation Required,None,Forecasted moisture (43.9%) is within optimal agronomic field capacity (35.0% - 65.0%).,2025-08-08 14:00:00,2025-08-09 14:00:00
43.31,OPTIMAL MOISTURE,No Irrigation Required,None,Forecasted moisture (43.3%) is within optimal agronomic field capacity (35.0% - 65.0%).,2025-08-08 15:00:00,2025-08-09 15:00:00
43.32,OPTIMAL MOISTURE,No Irrigation Required,None,Forecasted moisture (43.3%) is within optimal agronomic field capacity (35.0% - 65.0%).,2025-08-08 16:00:00,2025-08-09 16:00:00
43.52,OPTIMAL MOISTURE,No Irrigation Required,None,Forecasted moisture (43.5%) is within optimal agronomic field capacity (35.0% - 65.0%).,2025-08-08 17:00:00,2025-08-09 17:00:00
44.29,OPTIMAL MOISTURE,No Irrigation Required,None,Forecasted moisture (44.3%) is within optimal agronomic field capacity (35.0% - 65.0%).,2025-08-08 18:00:00,2025-08-09 18:00:00
44.54,OPTIMAL MOISTURE,No Irrigation Required,None,Forecasted moisture (44.5%) is within optimal agronomic field capacity (35.0% - 65.0%).,2025-08-08 19:00:00,2025-08-09 19:00:00
44.37,OPTIMAL MOISTURE,No Irrigation Required,None,Forecasted moisture (44.4%) is within optimal agronomic field capacity (35.0% - 65.0%).,2025-08-08 20:00:00,2025-08-09 20:00:00
43.81,OPTIMAL MOISTURE,No Irrigation Required,None,Forecasted moisture (43.8%) is within optimal agronomic field capacity (35.0% - 65.0%).,2025-08-08 21:00:00,2025-08-09 21:00:00
43.46,OPTIMAL MOISTURE,No Irrigation Required,None,Forecasted moisture (43.5%) is within optimal agronomic field capacity (35.0% - 65.0%).,2025-08-08 22:00:00,2025-08-09 22:00:00
43.57,OPTIMAL MOISTURE,No Irrigation Required,None,Forecasted moisture (43.6%) is within optimal agronomic field capacity (35.0% - 65.0%).,2025-08-08 23:00:00,2025-08-09 23:00:00
43.52,OPTIMAL MOISTURE,No Irrigation Required,None,Forecasted moisture (43.5%) is within optimal agronomic field capacity (35.0% - 65.0%).,2025-08-09 00:00:00,2025-08-10 00:00:00
43.31,OPTIMAL MOISTURE,No Irrigation Required,None,Forecasted moisture (43.3%) is within optimal agronomic field capacity (35.0% - 65.0%).,2025-08-09 01:00:00,2025-08-10 01:00:00
41.69,OPTIMAL MOISTURE,No Irrigation Required,None,Forecasted moisture (41.7%) is within optimal agronomic field capacity (35.0% - 65.0%).,2025-08-09 02:00:00,2025-08-10 02:00:00
41.3,OPTIMAL MOISTURE,No Irrigation Required,None,Forecasted moisture (41.3%) is within optimal agronomic field capacity (35.0% - 65.0%).,2025-08-09 03:00:00,2025-08-10 03:00:00
42.06,OPTIMAL MOISTURE,No Irrigation Required,None,Forecasted moisture (42.1%) is within optimal agronomic field capacity (35.0% - 65.0%).,2025-08-09 04:00:00,2025-08-10 04:00:00
42.87,OPTIMAL MOISTURE,No Irrigation Required,None,Forecasted moisture (42.9%) is within optimal agronomic field capacity (35.0% - 65.0%).,2025-08-09 05:00:00,2025-08-10 05:00:00
43.24,OPTIMAL MOISTURE,No Irrigation Required,None,Forecasted moisture (43.2%) is within optimal agronomic field capacity (35.0% - 65.0%).,2025-08-09 06:00:00,2025-08-10 06:00:00
43.63,OPTIMAL MOISTURE,No Irrigation Required,None,Forecasted moisture (43.6%) is within optimal agronomic field capacity (35.0% - 65.0%).,2025-08-09 07:00:00,2025-08-10 07:00:00
43.21,OPTIMAL MOISTURE,No Irrigation Required,None,Forecasted moisture (43.2%) is within optimal agronomic field capacity (35.0% - 65.0%).,2025-08-09 08:00:00,2025-08-10 08:00:00
43.3,OPTIMAL MOISTURE,No Irrigation Required,None,Forecasted moisture (43.3%) is within optimal agronomic field capacity (35.0% - 65.0%).,2025-08-09 09:00:00,2025-08-10 09:00:00
43.51,OPTIMAL MOISTURE,No Irrigation Required,None,Forecasted moisture (43.5%) is within optimal agronomic field capacity (35.0% - 65.0%).,2025-08-09 10:00:00,2025-08-10 10:00:00
43.7,OPTIMAL MOISTURE,No Irrigation Required,None,Forecasted moisture (43.7%) is within optimal agronomic field capacity (35.0% - 65.0%).,2025-08-09 11:00:00,2025-08-10 11:00:00
43.77,OPTIMAL MOISTURE,No Irrigation Required,None,Forecasted moisture (43.8%) is within optimal agronomic field capacity (35.0% - 65.0%).,2025-08-09 12:00:00,2025-08-10 12:00:00
43.43,OPTIMAL MOISTURE,No Irrigation Required,None,Forecasted moisture (43.4%) is within optimal agronomic field capacity (35.0% - 65.0%).,2025-08-09 13:00:00,2025-08-10 13:00:00
43.81,OPTIMAL MOISTURE,No Irrigation Required,None,Forecasted moisture (43.8%) is within optimal agronomic field capacity (35.0% - 65.0%).,2025-08-09 14:00:00,2025-08-10 14:00:00
42.81,OPTIMAL MOISTURE,No Irrigation Required,None,Forecasted moisture (42.8%) is within optimal agronomic field capacity (35.0% - 65.0%).,2025-08-09 15:00:00,2025-08-10 15:00:00
43.96,OPTIMAL MOISTURE,No Irrigation Required,None,Forecasted moisture (44.0%) is within optimal agronomic field capacity (35.0% - 65.0%).,2025-08-09 16:00:00,2025-08-10 16:00:00
43.48,OPTIMAL MOISTURE,No Irrigation Required,None,Forecasted moisture (43.5%) is within optimal agronomic field capacity (35.0% - 65.0%).,2025-08-09 17:00:00,2025-08-10 17:00:00
43.43,OPTIMAL MOISTURE,No Irrigation Required,None,Forecasted moisture (43.4%) is within optimal agronomic field capacity (35.0% - 65.0%).,2025-08-09 18:00:00,2025-08-10 18:00:00
43.38,OPTIMAL MOISTURE,No Irrigation Required,None,Forecasted moisture (43.4%) is within optimal agronomic field capacity (35.0% - 65.0%).,2025-08-09 19:00:00,2025-08-10 19:00:00
43.45,OPTIMAL MOISTURE,No Irrigation Required,None,Forecasted moisture (43.5%) is within optimal agronomic field capacity (35.0% - 65.0%).,2025-08-09 20:00:00,2025-08-10 20:00:00
43.84,OPTIMAL MOISTURE,No Irrigation Required,None,Forecasted moisture (43.8%) is within optimal agronomic field capacity (35.0% - 65.0%).,2025-08-09 21:00:00,2025-08-10 21:00:00
43.66,OPTIMAL MOISTURE,No Irrigation Required,None,Forecasted moisture (43.7%) is within optimal agronomic field capacity (35.0% - 65.0%).,2025-08-09 22:00:00,2025-08-10 22:00:00
43.55,OPTIMAL MOISTURE,No Irrigation Required,None,Forecasted moisture (43.6%) is within optimal agronomic field capacity (35.0% - 65.0%).,2025-08-10 00:00:00,2025-08-11 00:00:00
43.17,OPTIMAL MOISTURE,No Irrigation Required,None,Forecasted moisture (43.2%) is within optimal agronomic field capacity (35.0% - 65.0%).,2025-08-10 01:00:00,2025-08-11 01:00:00
43.27,OPTIMAL MOISTURE,No Irrigation Required,None,Forecasted moisture (43.3%) is within optimal agronomic field capacity (35.0% - 65.0%).,2025-08-10 02:00:00,2025-08-11 02:00:00
43.02,OPTIMAL MOISTURE,No Irrigation Required,None,Forecasted moisture (43.0%) is within optimal agronomic field capacity (35.0% - 65.0%).,2025-08-10 03:00:00,2025-08-11 03:00:00
42.77,OPTIMAL MOISTURE,No Irrigation Required,None,Forecasted moisture (42.8%) is within optimal agronomic field capacity (35.0% - 65.0%).,2025-08-10 04:00:00,2025-08-11 04:00:00
43.75,OPTIMAL MOISTURE,No Irrigation Required,None,Forecasted moisture (43.8%) is within optimal agronomic field capacity (35.0% - 65.0%).,2025-08-10 05:00:00,2025-08-11 05:00:00
43.19,OPTIMAL MOISTURE,No Irrigation Required,None,Forecasted moisture (43.2%) is within optimal agronomic field capacity (35.0% - 65.0%).,2025-08-10 06:00:00,2025-08-11 06:00:00
43.36,OPTIMAL MOISTURE,No Irrigation Required,None,Forecasted moisture (43.4%) is within optimal agronomic field capacity (35.0% - 65.0%).,2025-08-10 07:00:00,2025-08-11 07:00:00
42.49,OPTIMAL MOISTURE,No Irrigation Required,None,Forecasted moisture (42.5%) is within optimal agronomic field capacity (35.0% - 65.0%).,2025-08-10 08:00:00,2025-08-11 08:00:00
43.14,OPTIMAL MOISTURE,No Irrigation Required,None,Forecasted moisture (43.1%) is within optimal agronomic field capacity (35.0% - 65.0%).,2025-08-10 09:00:00,2025-08-11 09:00:00
43.54,OPTIMAL MOISTURE,No Irrigation Required,None,Forecasted moisture (43.5%) is within optimal agronomic field capacity (35.0% - 65.0%).,2025-08-10 10:00:00,2025-08-11 10:00:00
43.63,OPTIMAL MOISTURE,No Irrigation Required,None,Forecasted moisture (43.6%) is within optimal agronomic field capacity (35.0% - 65.0%).,2025-08-10 11:00:00,2025-08-11 11:00:00
43.58,OPTIMAL MOISTURE,No Irrigation Required,None,Forecasted moisture (43.6%) is within optimal agronomic field capacity (35.0% - 65.0%).,2025-08-10 12:00:00,2025-08-11 12:00:00
42.79,OPTIMAL MOISTURE,No Irrigation Required,None,Forecasted moisture (42.8%) is within optimal agronomic field capacity (35.0% - 65.0%).,2025-08-10 13:00:00,2025-08-11 13:00:00
43.69,OPTIMAL MOISTURE,No Irrigation Required,None,Forecasted moisture (43.7%) is within optimal agronomic field capacity (35.0% - 65.0%).,2025-08-10 14:00:00,2025-08-11 14:00:00
45.02,OPTIMAL MOISTURE,No Irrigation Required,None,Forecasted moisture (45.0%) is within optimal agronomic field capacity (35.0% - 65.0%).,2025-08-10 15:00:00,2025-08-11 15:00:00
44.82,OPTIMAL MOISTURE,No Irrigation Required,None,Forecasted moisture (44.8%) is within optimal agronomic field capacity (35.0% - 65.0%).,2025-08-10 16:00:00,2025-08-11 16:00:00
44.75,OPTIMAL MOISTURE,No Irrigation Required,None,Forecasted moisture (44.7%) is within optimal agronomic field capacity (35.0% - 65.0%).,2025-08-10 17:00:00,2025-08-11 17:00:00
44.76,OPTIMAL MOISTURE,No Irrigation Required,None,Forecasted moisture (44.8%) is within optimal agronomic field capacity (35.0% - 65.0%).,2025-08-10 18:00:00,2025-08-11 18:00:00
44.87,OPTIMAL MOISTURE,No Irrigation Required,None,Forecasted moisture (44.9%) is within optimal agronomic field capacity (35.0% - 65.0%).,2025-08-10 19:00:00,2025-08-11 19:00:00
44.88,OPTIMAL MOISTURE,No Irrigation Required,None,Forecasted moisture (44.9%) is within optimal agronomic field capacity (35.0% - 65.0%).,2025-08-10 20:00:00,2025-08-11 20:00:00
44.86,OPTIMAL MOISTURE,No Irrigation Required,None,Forecasted moisture (44.9%) is within optimal agronomic field capacity (35.0% - 65.0%).,2025-08-10 21:00:00,2025-08-11 21:00:00
44.84,OPTIMAL MOISTURE,No Irrigation Required,None,Forecasted moisture (44.8%) is within optimal agronomic field capacity (35.0% - 65.0%).,2025-08-10 22:00:00,2025-08-11 22:00:00
44.67,OPTIMAL MOISTURE,No Irrigation Required,None,Forecasted moisture (44.7%) is within optimal agronomic field capacity (35.0% - 65.0%).,2025-08-10 23:00:00,2025-08-11 23:00:00
44.51,OPTIMAL MOISTURE,No Irrigation Required,None,Forecasted moisture (44.5%) is within optimal agronomic field capacity (35.0% - 65.0%).,2025-08-11 00:00:00,2025-08-12 00:00:00
43.9,OPTIMAL MOISTURE,No Irrigation Required,None,Forecasted moisture (43.9%) is within optimal agronomic field capacity (35.0% - 65.0%).,2025-08-11 01:00:00,2025-08-12 01:00:00
44.52,OPTIMAL MOISTURE,No Irrigation Required,None,Forecasted moisture (44.5%) is within optimal agronomic field capacity (35.0% - 65.0%).,2025-08-11 02:00:00,2025-08-12 02:00:00
44.01,OPTIMAL MOISTURE,No Irrigation Required,None,Forecasted moisture (44.0%) is within optimal agronomic field capacity (35.0% - 65.0%).,2025-08-11 03:00:00,2025-08-12 03:00:00
43.76,OPTIMAL MOISTURE,No Irrigation Required,None,Forecasted moisture (43.8%) is within optimal agronomic field capacity (35.0% - 65.0%).,2025-08-11 04:00:00,2025-08-12 04:00:00
43.92,OPTIMAL MOISTURE,No Irrigation Required,None,Forecasted moisture (43.9%) is within optimal agronomic field capacity (35.0% - 65.0%).,2025-08-11 05:00:00,2025-08-12 05:00:00
43.52,OPTIMAL MOISTURE,No Irrigation Required,None,Forecasted moisture (43.5%) is within optimal agronomic field capacity (35.0% - 65.0%).,2025-08-11 06:00:00,2025-08-12 06:00:00
43.56,OPTIMAL MOISTURE,No Irrigation Required,None,Forecasted moisture (43.6%) is within optimal agronomic field capacity (35.0% - 65.0%).,2025-08-11 07:00:00,2025-08-12 07:00:00
44.33,OPTIMAL MOISTURE,No Irrigation Required,None,Forecasted moisture (44.3%) is within optimal agronomic field capacity (35.0% - 65.0%).,2025-08-11 08:00:00,2025-08-12 08:00:00
44.47,OPTIMAL MOISTURE,No Irrigation Required,None,Forecasted moisture (44.5%) is within optimal agronomic field capacity (35.0% - 65.0%).,2025-08-11 09:00:00,2025-08-12 09:00:00
44.48,OPTIMAL MOISTURE,No Irrigation Required,None,Forecasted moisture (44.5%) is within optimal agronomic field capacity (35.0% - 65.0%).,2025-08-11 10:00:00,2025-08-12 10:00:00
44.52,OPTIMAL MOISTURE,No Irrigation Required,None,Forecasted moisture (44.5%) is within optimal agronomic field capacity (35.0% - 65.0%).,2025-08-11 11:00:00,2025-08-12 11:00:00
44.57,OPTIMAL MOISTURE,No Irrigation Required,None,Forecasted moisture (44.6%) is within optimal agronomic field capacity (35.0% - 65.0%).,2025-08-11 12:00:00,2025-08-12 12:00:00
44.5,OPTIMAL MOISTURE,No Irrigation Required,None,Forecasted moisture (44.5%) is within optimal agronomic field capacity (35.0% - 65.0%).,2025-08-11 13:00:00,2025-08-12 13:00:00
44.08,OPTIMAL MOISTURE,No Irrigation Required,None,Forecasted moisture (44.1%) is within optimal agronomic field capacity (35.0% - 65.0%).,2025-08-11 14:00:00,2025-08-12 14:00:00
43.4,OPTIMAL MOISTURE,No Irrigation Required,None,Forecasted moisture (43.4%) is within optimal agronomic field capacity (35.0% - 65.0%).,2025-08-11 15:00:00,2025-08-12 15:00:00
43.42,OPTIMAL MOISTURE,No Irrigation Required,None,Forecasted moisture (43.4%) is within optimal agronomic field capacity (35.0% - 65.0%).,2025-08-11 16:00:00,2025-08-12 16:00:00
43.23,OPTIMAL MOISTURE,No Irrigation Required,None,Forecasted moisture (43.2%) is within optimal agronomic field capacity (35.0% - 65.0%).,2025-08-11 17:00:00,2025-08-12 17:00:00
43.2,OPTIMAL MOISTURE,No Irrigation Required,None,Forecasted moisture (43.2%) is within optimal agronomic field capacity (35.0% - 65.0%).,2025-08-11 18:00:00,2025-08-12 18:00:00
43.2,OPTIMAL MOISTURE,No Irrigation Required,None,Forecasted moisture (43.2%) is within optimal agronomic field capacity (35.0% - 65.0%).,2025-08-11 19:00:00,2025-08-12 19:00:00
43.3,OPTIMAL MOISTURE,No Irrigation Required,None,Forecasted moisture (43.3%) is within optimal agronomic field capacity (35.0% - 65.0%).,2025-08-11 20:00:00,2025-08-12 20:00:00
43.12,OPTIMAL MOISTURE,No Irrigation Required,None,Forecasted moisture (43.1%) is within optimal agronomic field capacity (35.0% - 65.0%).,2025-08-11 21:00:00,2025-08-12 21:00:00
43.88,OPTIMAL MOISTURE,No Irrigation Required,None,Forecasted moisture (43.9%) is within optimal agronomic field capacity (35.0% - 65.0%).,2025-08-11 22:00:00,2025-08-12 22:00:00
43.93,OPTIMAL MOISTURE,No Irrigation Required,None,Forecasted moisture (43.9%) is within optimal agronomic field capacity (35.0% - 65.0%).,2025-08-11 23:00:00,2025-08-12 23:00:00
44.4,OPTIMAL MOISTURE,No Irrigation Required,None,Forecasted moisture (44.4%) is within optimal agronomic field capacity (35.0% - 65.0%).,2025-08-12 00:00:00,2025-08-13 00:00:00
44.06,OPTIMAL MOISTURE,No Irrigation Required,None,Forecasted moisture (44.1%) is within optimal agronomic field capacity (35.0% - 65.0%).,2025-08-12 01:00:00,2025-08-13 01:00:00
43.58,OPTIMAL MOISTURE,No Irrigation Required,None,Forecasted moisture (43.6%) is within optimal agronomic field capacity (35.0% - 65.0%).,2025-08-12 02:00:00,2025-08-13 02:00:00
43.2,OPTIMAL MOISTURE,No Irrigation Required,None,Forecasted moisture (43.2%) is within optimal agronomic field capacity (35.0% - 65.0%).,2025-08-12 03:00:00,2025-08-13 03:00:00
41.42,OPTIMAL MOISTURE,No Irrigation Required,None,Forecasted moisture (41.4%) is within optimal agronomic field capacity (35.0% - 65.0%).,2025-08-12 04:00:00,2025-08-13 04:00:00
41.19,OPTIMAL MOISTURE,No Irrigation Required,None,Forecasted moisture (41.2%) is within optimal agronomic field capacity (35.0% - 65.0%).,2025-08-12 05:00:00,2025-08-13 05:00:00
41.7,OPTIMAL MOISTURE,No Irrigation Required,None,Forecasted moisture (41.7%) is within optimal agronomic field capacity (35.0% - 65.0%).,2025-08-12 06:00:00,2025-08-13 06:00:00
41.7,OPTIMAL MOISTURE,No Irrigation Required,None,Forecasted moisture (41.7%) is within optimal agronomic field capacity (35.0% - 65.0%).,2025-08-12 07:00:00,2025-08-13 07:00:00
41.56,OPTIMAL MOISTURE,No Irrigation Required,None,Forecasted moisture (41.6%) is within optimal agronomic field capacity (35.0% - 65.0%).,2025-08-12 08:00:00,2025-08-13 08:00:00
40.59,OPTIMAL MOISTURE,No Irrigation Required,None,Forecasted moisture (40.6%) is within optimal agronomic field capacity (35.0% - 65.0%).,2025-08-12 09:00:00,2025-08-13 09:00:00
40.35,OPTIMAL MOISTURE,No Irrigation Required,None,Forecasted moisture (40.3%) is within optimal agronomic field capacity (35.0% - 65.0%).,2025-08-12 10:00:00,2025-08-13 10:00:00
40.33,OPTIMAL MOISTURE,No Irrigation Required,None,Forecasted moisture (40.3%) is within optimal agronomic field capacity (35.0% - 65.0%).,2025-08-12 11:00:00,2025-08-13 11:00:00
40.5,OPTIMAL MOISTURE,No Irrigation Required,None,Forecasted moisture (40.5%) is within optimal agronomic field capacity (35.0% - 65.0%).,2025-08-12 12:00:00,2025-08-13 12:00:00
40.81,OPTIMAL MOISTURE,No Irrigation Required,None,Forecasted moisture (40.8%) is within optimal agronomic field capacity (35.0% - 65.0%).,2025-08-12 13:00:00,2025-08-13 13:00:00
39.94,OPTIMAL MOISTURE,No Irrigation Required,None,Forecasted moisture (39.9%) is within optimal agronomic field capacity (35.0% - 65.0%).,2025-08-12 14:00:00,2025-08-13 14:00:00
40.55,OPTIMAL MOISTURE,No Irrigation Required,None,Forecasted moisture (40.6%) is within optimal agronomic field capacity (35.0% - 65.0%).,2025-08-12 15:00:00,2025-08-13 15:00:00
41.99,OPTIMAL MOISTURE,No Irrigation Required,None,Forecasted moisture (42.0%) is within optimal agronomic field capacity (35.0% - 65.0%).,2025-08-12 16:00:00,2025-08-13 16:00:00
41.94,OPTIMAL MOISTURE,No Irrigation Required,None,Forecasted moisture (41.9%) is within optimal agronomic field capacity (35.0% - 65.0%).,2025-08-12 17:00:00,2025-08-13 17:00:00
42.02,OPTIMAL MOISTURE,No Irrigation Required,None,Forecasted moisture (42.0%) is within optimal agronomic field capacity (35.0% - 65.0%).,2025-08-12 18:00:00,2025-08-13 18:00:00
41.92,OPTIMAL MOISTURE,No Irrigation Required,None,Forecasted moisture (41.9%) is within optimal agronomic field capacity (35.0% - 65.0%).,2025-08-12 19:00:00,2025-08-13 19:00:00
40.55,OPTIMAL MOISTURE,No Irrigation Required,None,Forecasted moisture (40.6%) is within optimal agronomic field capacity (35.0% - 65.0%).,2025-08-12 20:00:00,2025-08-13 20:00:00
42.24,OPTIMAL MOISTURE,No Irrigation Required,None,Forecasted moisture (42.2%) is within optimal agronomic field capacity (35.0% - 65.0%).,2025-08-12 21:00:00,2025-08-13 21:00:00
42.24,OPTIMAL MOISTURE,No Irrigation Required,None,Forecasted moisture (42.2%) is within optimal agronomic field capacity (35.0% - 65.0%).,2025-08-12 22:00:00,2025-08-13 22:00:00
42.09,OPTIMAL MOISTURE,No Irrigation Required,None,Forecasted moisture (42.1%) is within optimal agronomic field capacity (35.0% - 65.0%).,2025-08-12 23:00:00,2025-08-13 23:00:00
41.92,OPTIMAL MOISTURE,No Irrigation Required,None,Forecasted moisture (41.9%) is within optimal agronomic field capacity (35.0% - 65.0%).,2025-08-13 00:00:00,2025-08-14 00:00:00
42.63,OPTIMAL MOISTURE,No Irrigation Required,None,Forecasted moisture (42.6%) is within optimal agronomic field capacity (35.0% - 65.0%).,2025-08-13 01:00:00,2025-08-14 01:00:00
42.7,OPTIMAL MOISTURE,No Irrigation Required,None,Forecasted moisture (42.7%) is within optimal agronomic field capacity (35.0% - 65.0%).,2025-08-13 02:00:00,2025-08-14 02:00:00
41.09,OPTIMAL MOISTURE,No Irrigation Required,None,Forecasted moisture (41.1%) is within optimal agronomic field capacity (35.0% - 65.0%).,2025-08-13 03:00:00,2025-08-14 03:00:00
41.43,OPTIMAL MOISTURE,No Irrigation Required,None,Forecasted moisture (41.4%) is within optimal agronomic field capacity (35.0% - 65.0%).,2025-08-13 04:00:00,2025-08-14 04:00:00
42.9,OPTIMAL MOISTURE,No Irrigation Required,None,Forecasted moisture (42.9%) is within optimal agronomic field capacity (35.0% - 65.0%).,2025-08-13 05:00:00,2025-08-14 05:00:00
40.46,OPTIMAL MOISTURE,No Irrigation Required,None,Forecasted moisture (40.5%) is within optimal agronomic field capacity (35.0% - 65.0%).,2025-08-13 06:00:00,2025-08-14 06:00:00
42.22,OPTIMAL MOISTURE,No Irrigation Required,None,Forecasted moisture (42.2%) is within optimal agronomic field capacity (35.0% - 65.0%).,2025-08-13 07:00:00,2025-08-14 07:00:00
43.23,OPTIMAL MOISTURE,No Irrigation Required,None,Forecasted moisture (43.2%) is within optimal agronomic field capacity (35.0% - 65.0%).,2025-08-13 08:00:00,2025-08-14 08:00:00
43.16,OPTIMAL MOISTURE,No Irrigation Required,None,Forecasted moisture (43.2%) is within optimal agronomic field capacity (35.0% - 65.0%).,2025-08-13 09:00:00,2025-08-14 09:00:00
43.27,OPTIMAL MOISTURE,No Irrigation Required,None,Forecasted moisture (43.3%) is within optimal agronomic field capacity (35.0% - 65.0%).,2025-08-13 10:00:00,2025-08-14 10:00:00
42.76,OPTIMAL MOISTURE,No Irrigation Required,None,Forecasted moisture (42.8%) is within optimal agronomic field capacity (35.0% - 65.0%).,2025-08-13 11:00:00,2025-08-14 11:00:00
42.83,OPTIMAL MOISTURE,No Irrigation Required,None,Forecasted moisture (42.8%) is within optimal agronomic field capacity (35.0% - 65.0%).,2025-08-13 12:00:00,2025-08-14 12:00:00
40.71,OPTIMAL MOISTURE,No Irrigation Required,None,Forecasted moisture (40.7%) is within optimal agronomic field capacity (35.0% - 65.0%).,2025-08-13 13:00:00,2025-08-14 13:00:00
40.42,OPTIMAL MOISTURE,No Irrigation Required,None,Forecasted moisture (40.4%) is within optimal agronomic field capacity (35.0% - 65.0%).,2025-08-13 14:00:00,2025-08-14 14:00:00
40.53,OPTIMAL MOISTURE,No Irrigation Required,None,Forecasted moisture (40.5%) is within optimal agronomic field capacity (35.0% - 65.0%).,2025-08-13 15:00:00,2025-08-14 15:00:00
41.74,OPTIMAL MOISTURE,No Irrigation Required,None,Forecasted moisture (41.7%) is within optimal agronomic field capacity (35.0% - 65.0%).,2025-08-13 16:00:00,2025-08-14 16:00:00
41.75,OPTIMAL MOISTURE,No Irrigation Required,None,Forecasted moisture (41.8%) is within optimal agronomic field capacity (35.0% - 65.0%).,2025-08-13 17:00:00,2025-08-14 17:00:00
39.87,OPTIMAL MOISTURE,No Irrigation Required,None,Forecasted moisture (39.9%) is within optimal agronomic field capacity (35.0% - 65.0%).,2025-08-13 18:00:00,2025-08-14 18:00:00
39.89,OPTIMAL MOISTURE,No Irrigation Required,None,Forecasted moisture (39.9%) is within optimal agronomic field capacity (35.0% - 65.0%).,2025-08-13 19:00:00,2025-08-14 19:00:00
39.97,OPTIMAL MOISTURE,No Irrigation Required,None,Forecasted moisture (40.0%) is within optimal agronomic field capacity (35.0% - 65.0%).,2025-08-13 20:00:00,2025-08-14 20:00:00
39.91,OPTIMAL MOISTURE,No Irrigation Required,None,Forecasted moisture (39.9%) is within optimal agronomic field capacity (35.0% - 65.0%).,2025-08-13 21:00:00,2025-08-14 21:00:00
40.55,OPTIMAL MOISTURE,No Irrigation Required,None,Forecasted moisture (40.6%) is within optimal agronomic field capacity (35.0% - 65.0%).,2025-08-13 22:00:00,2025-08-14 22:00:00
40.61,OPTIMAL MOISTURE,No Irrigation Required,None,Forecasted moisture (40.6%) is within optimal agronomic field capacity (35.0% - 65.0%).,2025-08-13 23:00:00,2025-08-14 23:00:00
42.41,OPTIMAL MOISTURE,No Irrigation Required,None,Forecasted moisture (42.4%) is within optimal agronomic field capacity (35.0% - 65.0%).,2025-08-14 00:00:00,2025-08-15 00:00:00
42.38,OPTIMAL MOISTURE,No Irrigation Required,None,Forecasted moisture (42.4%) is within optimal agronomic field capacity (35.0% - 65.0%).,2025-08-14 01:00:00,2025-08-15 01:00:00
42.35,OPTIMAL MOISTURE,No Irrigation Required,None,Forecasted moisture (42.3%) is within optimal agronomic field capacity (35.0% - 65.0%).,2025-08-14 02:00:00,2025-08-15 02:00:00
39.65,OPTIMAL MOISTURE,No Irrigation Required,None,Forecasted moisture (39.7%) is within optimal agronomic field capacity (35.0% - 65.0%).,2025-08-14 03:00:00,2025-08-15 03:00:00
39.93,OPTIMAL MOISTURE,No Irrigation Required,None,Forecasted moisture (39.9%) is within optimal agronomic field capacity (35.0% - 65.0%).,2025-08-14 04:00:00,2025-08-15 04:00:00
39.55,OPTIMAL MOISTURE,No Irrigation Required,None,Forecasted moisture (39.6%) is within optimal agronomic field capacity (35.0% - 65.0%).,2025-08-14 05:00:00,2025-08-15 05:00:00
41.08,OPTIMAL MOISTURE,No Irrigation Required,None,Forecasted moisture (41.1%) is within optimal agronomic field capacity (35.0% - 65.0%).,2025-08-14 06:00:00,2025-08-15 06:00:00
43.03,OPTIMAL MOISTURE,No Irrigation Required,None,Forecasted moisture (43.0%) is within optimal agronomic field capacity (35.0% - 65.0%).,2025-08-14 07:00:00,2025-08-15 07:00:00
44.39,OPTIMAL MOISTURE,No Irrigation Required,None,Forecasted moisture (44.4%) is within optimal agronomic field capacity (35.0% - 65.0%).,2025-08-14 08:00:00,2025-08-15 08:00:00
44.16,OPTIMAL MOISTURE,No Irrigation Required,None,Forecasted moisture (44.2%) is within optimal agronomic field capacity (35.0% - 65.0%).,2025-08-14 09:00:00,2025-08-15 09:00:00
44.51,OPTIMAL MOISTURE,No Irrigation Required,None,Forecasted moisture (44.5%) is within optimal agronomic field capacity (35.0% - 65.0%).,2025-08-14 10:00:00,2025-08-15 10:00:00
44.43,OPTIMAL MOISTURE,No Irrigation Required,None,Forecasted moisture (44.4%) is within optimal agronomic field capacity (35.0% - 65.0%).,2025-08-14 11:00:00,2025-08-15 11:00:00
43.47,OPTIMAL MOISTURE,No Irrigation Required,None,Forecasted moisture (43.5%) is within optimal agronomic field capacity (35.0% - 65.0%).,2025-08-14 12:00:00,2025-08-15 12:00:00
41.02,OPTIMAL MOISTURE,No Irrigation Required,None,Forecasted moisture (41.0%) is within optimal agronomic field capacity (35.0% - 65.0%).,2025-08-14 13:00:00,2025-08-15 13:00:00
40.81,OPTIMAL MOISTURE,No Irrigation Required,None,Forecasted moisture (40.8%) is within optimal agronomic field capacity (35.0% - 65.0%).,2025-08-14 14:00:00,2025-08-15 14:00:00
41.56,OPTIMAL MOISTURE,No Irrigation Required,None,Forecasted moisture (41.6%) is within optimal agronomic field capacity (35.0% - 65.0%).,2025-08-14 15:00:00,2025-08-15 15:00:00
41.23,OPTIMAL MOISTURE,No Irrigation Required,None,Forecasted moisture (41.2%) is within optimal agronomic field capacity (35.0% - 65.0%).,2025-08-14 16:00:00,2025-08-15 16:00:00
41.57,OPTIMAL MOISTURE,No Irrigation Required,None,Forecasted moisture (41.6%) is within optimal agronomic field capacity (35.0% - 65.0%).,2025-08-14 17:00:00,2025-08-15 17:00:00
39.98,OPTIMAL MOISTURE,No Irrigation Required,None,Forecasted moisture (40.0%) is within optimal agronomic field capacity (35.0% - 65.0%).,2025-08-14 18:00:00,2025-08-15 18:00:00
39.98,OPTIMAL MOISTURE,No Irrigation Required,None,Forecasted moisture (40.0%) is within optimal agronomic field capacity (35.0% - 65.0%).,2025-08-14 19:00:00,2025-08-15 19:00:00
39.94,OPTIMAL MOISTURE,No Irrigation Required,None,Forecasted moisture (39.9%) is within optimal agronomic field capacity (35.0% - 65.0%).,2025-08-14 20:00:00,2025-08-15 20:00:00
39.91,OPTIMAL MOISTURE,No Irrigation Required,None,Forecasted moisture (39.9%) is within optimal agronomic field capacity (35.0% - 65.0%).,2025-08-14 21:00:00,2025-08-15 21:00:00
41.47,OPTIMAL MOISTURE,No Irrigation Required,None,Forecasted moisture (41.5%) is within optimal agronomic field capacity (35.0% - 65.0%).,2025-08-14 22:00:00,2025-08-15 22:00:00
41.66,OPTIMAL MOISTURE,No Irrigation Required,None,Forecasted moisture (41.7%) is within optimal agronomic field capacity (35.0% - 65.0%).,2025-08-14 23:00:00,2025-08-15 23:00:00
41.68,OPTIMAL MOISTURE,No Irrigation Required,None,Forecasted moisture (41.7%) is within optimal agronomic field capacity (35.0% - 65.0%).,2025-08-15 00:00:00,2025-08-16 00:00:00
42.01,OPTIMAL MOISTURE,No Irrigation Required,None,Forecasted moisture (42.0%) is within optimal agronomic field capacity (35.0% - 65.0%).,2025-08-15 01:00:00,2025-08-16 01:00:00
42.52,OPTIMAL MOISTURE,No Irrigation Required,None,Forecasted moisture (42.5%) is within optimal agronomic field capacity (35.0% - 65.0%).,2025-08-15 02:00:00,2025-08-16 02:00:00
42.5,OPTIMAL MOISTURE,No Irrigation Required,None,Forecasted moisture (42.5%) is within optimal agronomic field capacity (35.0% - 65.0%).,2025-08-15 03:00:00,2025-08-16 03:00:00
44.9,OPTIMAL MOISTURE,No Irrigation Required,None,Forecasted moisture (44.9%) is within optimal agronomic field capacity (35.0% - 65.0%).,2025-08-15 04:00:00,2025-08-16 04:00:00
44.54,OPTIMAL MOISTURE,No Irrigation Required,None,Forecasted moisture (44.5%) is within optimal agronomic field capacity (35.0% - 65.0%).,2025-08-15 05:00:00,2025-08-16 05:00:00
42.56,OPTIMAL MOISTURE,No Irrigation Required,None,Forecasted moisture (42.6%) is within optimal agronomic field capacity (35.0% - 65.0%).,2025-08-15 06:00:00,2025-08-16 06:00:00
43.71,OPTIMAL MOISTURE,No Irrigation Required,None,Forecasted moisture (43.7%) is within optimal agronomic field capacity (35.0% - 65.0%).,2025-08-15 07:00:00,2025-08-16 07:00:00
43.73,OPTIMAL MOISTURE,No Irrigation Required,None,Forecasted moisture (43.7%) is within optimal agronomic field capacity (35.0% - 65.0%).,2025-08-15 08:00:00,2025-08-16 08:00:00
43.72,OPTIMAL MOISTURE,No Irrigation Required,None,Forecasted moisture (43.7%) is within optimal agronomic field capacity (35.0% - 65.0%).,2025-08-15 09:00:00,2025-08-16 09:00:00
43.71,OPTIMAL MOISTURE,No Irrigation Required,None,Forecasted moisture (43.7%) is within optimal agronomic field capacity (35.0% - 65.0%).,2025-08-15 10:00:00,2025-08-16 10:00:00
43.91,OPTIMAL MOISTURE,No Irrigation Required,None,Forecasted moisture (43.9%) is within optimal agronomic field capacity (35.0% - 65.0%).,2025-08-15 11:00:00,2025-08-16 11:00:00
43.49,OPTIMAL MOISTURE,No Irrigation Required,None,Forecasted moisture (43.5%) is within optimal agronomic field capacity (35.0% - 65.0%).,2025-08-15 12:00:00,2025-08-16 12:00:00
42.54,OPTIMAL MOISTURE,No Irrigation Required,None,Forecasted moisture (42.5%) is within optimal agronomic field capacity (35.0% - 65.0%).,2025-08-15 13:00:00,2025-08-16 13:00:00
42.27,OPTIMAL MOISTURE,No Irrigation Required,None,Forecasted moisture (42.3%) is within optimal agronomic field capacity (35.0% - 65.0%).,2025-08-15 14:00:00,2025-08-16 14:00:00
42.09,OPTIMAL MOISTURE,No Irrigation Required,None,Forecasted moisture (42.1%) is within optimal agronomic field capacity (35.0% - 65.0%).,2025-08-15 15:00:00,2025-08-16 15:00:00
41.99,OPTIMAL MOISTURE,No Irrigation Required,None,Forecasted moisture (42.0%) is within optimal agronomic field capacity (35.0% - 65.0%).,2025-08-15 16:00:00,2025-08-16 16:00:00
40.27,OPTIMAL MOISTURE,No Irrigation Required,None,Forecasted moisture (40.3%) is within optimal agronomic field capacity (35.0% - 65.0%).,2025-08-15 17:00:00,2025-08-16 17:00:00
40.59,OPTIMAL MOISTURE,No Irrigation Required,None,Forecasted moisture (40.6%) is within optimal agronomic field capacity (35.0% - 65.0%).,2025-08-15 18:00:00,2025-08-16 18:00:00
40.48,OPTIMAL MOISTURE,No Irrigation Required,None,Forecasted moisture (40.5%) is within optimal agronomic field capacity (35.0% - 65.0%).,2025-08-15 19:00:00,2025-08-16 19:00:00
40.42,OPTIMAL MOISTURE,No Irrigation Required,None,Forecasted moisture (40.4%) is within optimal agronomic field capacity (35.0% - 65.0%).,2025-08-15 20:00:00,2025-08-16 20:00:00
40.45,OPTIMAL MOISTURE,No Irrigation Required,None,Forecasted moisture (40.5%) is within optimal agronomic field capacity (35.0% - 65.0%).,2025-08-15 21:00:00,2025-08-16 21:00:00
40.56,OPTIMAL MOISTURE,No Irrigation Required,None,Forecasted moisture (40.6%) is within optimal agronomic field capacity (35.0% - 65.0%).,2025-08-15 22:00:00,2025-08-16 22:00:00
40.74,OPTIMAL MOISTURE,No Irrigation Required,None,Forecasted moisture (40.7%) is within optimal agronomic field capacity (35.0% - 65.0%).,2025-08-15 23:00:00,2025-08-16 23:00:00
42.59,OPTIMAL MOISTURE,No Irrigation Required,None,Forecasted moisture (42.6%) is within optimal agronomic field capacity (35.0% - 65.0%).,2025-08-16 00:00:00,2025-08-17 00:00:00
42.6,OPTIMAL MOISTURE,No Irrigation Required,None,Forecasted moisture (42.6%) is within optimal agronomic field capacity (35.0% - 65.0%).,2025-08-16 01:00:00,2025-08-17 01:00:00
42.57,OPTIMAL MOISTURE,No Irrigation Required,None,Forecasted moisture (42.6%) is within optimal agronomic field capacity (35.0% - 65.0%).,2025-08-16 02:00:00,2025-08-17 02:00:00
42.59,OPTIMAL MOISTURE,No Irrigation Required,None,Forecasted moisture (42.6%) is within optimal agronomic field capacity (35.0% - 65.0%).,2025-08-16 03:00:00,2025-08-17 03:00:00
42.12,OPTIMAL MOISTURE,No Irrigation Required,None,Forecasted moisture (42.1%) is within optimal agronomic field capacity (35.0% - 65.0%).,2025-08-16 04:00:00,2025-08-17 04:00:00
36.58,OPTIMAL MOISTURE,No Irrigation Required,None,Forecasted moisture (36.6%) is within optimal agronomic field capacity (35.0% - 65.0%).,2025-08-16 05:00:00,2025-08-17 05:00:00
31.01,MOISTURE DEFICIT,Irrigation Recommended,Medium,Forecasted moisture (31.0%) falls below optimal threshold (35.0%).,2025-08-16 06:00:00,2025-08-17 06:00:00
32.6,MOISTURE DEFICIT,Irrigation Recommended,Medium,Forecasted moisture (32.6%) falls below optimal threshold (35.0%).,2025-08-16 07:00:00,2025-08-17 07:00:00
32.86,MOISTURE DEFICIT,Irrigation Recommended,Medium,Forecasted moisture (32.9%) falls below optimal threshold (35.0%).,2025-08-16 08:00:00,2025-08-17 08:00:00
32.74,MOISTURE DEFICIT,Irrigation Recommended,Medium,Forecasted moisture (32.7%) falls below optimal threshold (35.0%).,2025-08-16 09:00:00,2025-08-17 09:00:00
32.06,MOISTURE DEFICIT,Irrigation Recommended,Medium,Forecasted moisture (32.1%) falls below optimal threshold (35.0%).,2025-08-16 10:00:00,2025-08-17 10:00:00
31.66,MOISTURE DEFICIT,Irrigation Recommended,Medium,Forecasted moisture (31.7%) falls below optimal threshold (35.0%).,2025-08-16 11:00:00,2025-08-17 11:00:00
31.81,MOISTURE DEFICIT,Irrigation Recommended,Medium,Forecasted moisture (31.8%) falls below optimal threshold (35.0%).,2025-08-16 12:00:00,2025-08-17 12:00:00
29.72,MOISTURE DEFICIT,Irrigation Recommended,Medium,Forecasted moisture (29.7%) falls below optimal threshold (35.0%).,2025-08-16 13:00:00,2025-08-17 13:00:00
29.09,MOISTURE DEFICIT,Irrigation Recommended,Medium,Forecasted moisture (29.1%) falls below optimal threshold (35.0%).,2025-08-16 14:00:00,2025-08-17 14:00:00
29.48,MOISTURE DEFICIT,Irrigation Recommended,Medium,Forecasted moisture (29.5%) falls below optimal threshold (35.0%).,2025-08-16 15:00:00,2025-08-17 15:00:00
29.35,MOISTURE DEFICIT,Irrigation Recommended,Medium,Forecasted moisture (29.4%) falls below optimal threshold (35.0%).,2025-08-16 16:00:00,2025-08-17 16:00:00
29.38,MOISTURE DEFICIT,Irrigation Recommended,Medium,Forecasted moisture (29.4%) falls below optimal threshold (35.0%).,2025-08-16 17:00:00,2025-08-17 17:00:00
31.03,MOISTURE DEFICIT,Irrigation Recommended,Medium,Forecasted moisture (31.0%) falls below optimal threshold (35.0%).,2025-08-16 18:00:00,2025-08-17 18:00:00
31.79,MOISTURE DEFICIT,Irrigation Recommended,Medium,Forecasted moisture (31.8%) falls below optimal threshold (35.0%).,2025-08-16 19:00:00,2025-08-17 19:00:00
31.78,MOISTURE DEFICIT,Irrigation Recommended,Medium,Forecasted moisture (31.8%) falls below optimal threshold (35.0%).,2025-08-16 20:00:00,2025-08-17 20:00:00
31.98,MOISTURE DEFICIT,Irrigation Recommended,Medium,Forecasted moisture (32.0%) falls below optimal threshold (35.0%).,2025-08-16 21:00:00,2025-08-17 21:00:00
31.79,MOISTURE DEFICIT,Irrigation Recommended,Medium,Forecasted moisture (31.8%) falls below optimal threshold (35.0%).,2025-08-16 22:00:00,2025-08-17 22:00:00
32.03,MOISTURE DEFICIT,Irrigation Recommended,Medium,Forecasted moisture (32.0%) falls below optimal threshold (35.0%).,2025-08-16 23:00:00,2025-08-17 23:00:00
31.95,MOISTURE DEFICIT,Irrigation Recommended,Medium,Forecasted moisture (31.9%) falls below optimal threshold (35.0%).,2025-08-17 00:00:00,2025-08-18 00:00:00
31.67,MOISTURE DEFICIT,Irrigation Recommended,Medium,Forecasted moisture (31.7%) falls below optimal threshold (35.0%).,2025-08-17 01:00:00,2025-08-18 01:00:00
35.0,OPTIMAL MOISTURE,No Irrigation Required,None,Forecasted moisture (35.0%) is within optimal agronomic field capacity (35.0% - 65.0%).,2025-08-17 02:00:00,2025-08-18 02:00:00
35.17,OPTIMAL MOISTURE,No Irrigation Required,None,Forecasted moisture (35.2%) is within optimal agronomic field capacity (35.0% - 65.0%).,2025-08-17 03:00:00,2025-08-18 03:00:00
37.24,OPTIMAL MOISTURE,No Irrigation Required,None,Forecasted moisture (37.2%) is within optimal agronomic field capacity (35.0% - 65.0%).,2025-08-17 04:00:00,2025-08-18 04:00:00
35.78,OPTIMAL MOISTURE,No Irrigation Required,None,Forecasted moisture (35.8%) is within optimal agronomic field capacity (35.0% - 65.0%).,2025-08-17 05:00:00,2025-08-18 05:00:00
34.36,MOISTURE DEFICIT,Irrigation Recommended,Medium,Forecasted moisture (34.4%) falls below optimal threshold (35.0%).,2025-08-17 06:00:00,2025-08-18 06:00:00
37.61,OPTIMAL MOISTURE,No Irrigation Required,None,Forecasted moisture (37.6%) is within optimal agronomic field capacity (35.0% - 65.0%).,2025-08-17 07:00:00,2025-08-18 07:00:00
37.07,OPTIMAL MOISTURE,No Irrigation Required,None,Forecasted moisture (37.1%) is within optimal agronomic field capacity (35.0% - 65.0%).,2025-08-17 08:00:00,2025-08-18 08:00:00
36.96,OPTIMAL MOISTURE,No Irrigation Required,None,Forecasted moisture (37.0%) is within optimal agronomic field capacity (35.0% - 65.0%).,2025-08-17 09:00:00,2025-08-18 09:00:00
33.84,MOISTURE DEFICIT,Irrigation Recommended,Medium,Forecasted moisture (33.8%) falls below optimal threshold (35.0%).,2025-08-17 10:00:00,2025-08-18 10:00:00
33.78,MOISTURE DEFICIT,Irrigation Recommended,Medium,Forecasted moisture (33.8%) falls below optimal threshold (35.0%).,2025-08-17 11:00:00,2025-08-18 11:00:00
33.98,MOISTURE DEFICIT,Irrigation Recommended,Medium,Forecasted moisture (34.0%) falls below optimal threshold (35.0%).,2025-08-17 12:00:00,2025-08-18 12:00:00
35.41,OPTIMAL MOISTURE,No Irrigation Required,None,Forecasted moisture (35.4%) is within optimal agronomic field capacity (35.0% - 65.0%).,2025-08-17 13:00:00,2025-08-18 13:00:00
37.26,OPTIMAL MOISTURE,No Irrigation Required,None,Forecasted moisture (37.3%) is within optimal agronomic field capacity (35.0% - 65.0%).,2025-08-17 14:00:00,2025-08-18 14:00:00
37.07,OPTIMAL MOISTURE,No Irrigation Required,None,Forecasted moisture (37.1%) is within optimal agronomic field capacity (35.0% - 65.0%).,2025-08-17 15:00:00,2025-08-18 15:00:00
37.5,OPTIMAL MOISTURE,No Irrigation Required,None,Forecasted moisture (37.5%) is within optimal agronomic field capacity (35.0% - 65.0%).,2025-08-17 16:00:00,2025-08-18 16:00:00
37.27,OPTIMAL MOISTURE,No Irrigation Required,None,Forecasted moisture (37.3%) is within optimal agronomic field capacity (35.0% - 65.0%).,2025-08-17 17:00:00,2025-08-18 17:00:00
37.36,OPTIMAL MOISTURE,No Irrigation Required,None,Forecasted moisture (37.4%) is within optimal agronomic field capacity (35.0% - 65.0%).,2025-08-17 18:00:00,2025-08-18 18:00:00
37.05,OPTIMAL MOISTURE,No Irrigation Required,None,Forecasted moisture (37.0%) is within optimal agronomic field capacity (35.0% - 65.0%).,2025-08-17 19:00:00,2025-08-18 19:00:00
37.35,OPTIMAL MOISTURE,No Irrigation Required,None,Forecasted moisture (37.3%) is within optimal agronomic field capacity (35.0% - 65.0%).,2025-08-17 20:00:00,2025-08-18 20:00:00
37.3,OPTIMAL MOISTURE,No Irrigation Required,None,Forecasted moisture (37.3%) is within optimal agronomic field capacity (35.0% - 65.0%).,2025-08-17 21:00:00,2025-08-18 21:00:00
33.69,MOISTURE DEFICIT,Irrigation Recommended,Medium,Forecasted moisture (33.7%) falls below optimal threshold (35.0%).,2025-08-17 22:00:00,2025-08-18 22:00:00
32.48,MOISTURE DEFICIT,Irrigation Recommended,Medium,Forecasted moisture (32.5%) falls below optimal threshold (35.0%).,2025-08-17 23:00:00,2025-08-18 23:00:00
36.11,OPTIMAL MOISTURE,No Irrigation Required,None,Forecasted moisture (36.1%) is within optimal agronomic field capacity (35.0% - 65.0%).,2025-08-18 00:00:00,2025-08-19 00:00:00
35.39,OPTIMAL MOISTURE,No Irrigation Required,None,Forecasted moisture (35.4%) is within optimal agronomic field capacity (35.0% - 65.0%).,2025-08-18 01:00:00,2025-08-19 01:00:00
31.83,MOISTURE DEFICIT,Irrigation Recommended,Medium,Forecasted moisture (31.8%) falls below optimal threshold (35.0%).,2025-08-18 02:00:00,2025-08-19 02:00:00
31.71,MOISTURE DEFICIT,Irrigation Recommended,Medium,Forecasted moisture (31.7%) falls below optimal threshold (35.0%).,2025-08-18 03:00:00,2025-08-19 03:00:00
31.73,MOISTURE DEFICIT,Irrigation Recommended,Medium,Forecasted moisture (31.7%) falls below optimal threshold (35.0%).,2025-08-18 04:00:00,2025-08-19 04:00:00
31.32,MOISTURE DEFICIT,Irrigation Recommended,Medium,Forecasted moisture (31.3%) falls below optimal threshold (35.0%).,2025-08-18 05:00:00,2025-08-19 05:00:00
31.52,MOISTURE DEFICIT,Irrigation Recommended,Medium,Forecasted moisture (31.5%) falls below optimal threshold (35.0%).,2025-08-18 06:00:00,2025-08-19 06:00:00
31.36,MOISTURE DEFICIT,Irrigation Recommended,Medium,Forecasted moisture (31.4%) falls below optimal threshold (35.0%).,2025-08-18 07:00:00,2025-08-19 07:00:00
31.31,MOISTURE DEFICIT,Irrigation Recommended,Medium,Forecasted moisture (31.3%) falls below optimal threshold (35.0%).,2025-08-18 08:00:00,2025-08-19 08:00:00
29.5,MOISTURE DEFICIT,Irrigation Recommended,Medium,Forecasted moisture (29.5%) falls below optimal threshold (35.0%).,2025-08-18 09:00:00,2025-08-19 09:00:00
27.77,MOISTURE DEFICIT,Irrigation Recommended,Medium,Forecasted moisture (27.8%) falls below optimal threshold (35.0%).,2025-08-18 10:00:00,2025-08-19 10:00:00
27.24,MOISTURE DEFICIT,Irrigation Recommended,Medium,Forecasted moisture (27.2%) falls below optimal threshold (35.0%).,2025-08-18 11:00:00,2025-08-19 11:00:00
29.47,MOISTURE DEFICIT,Irrigation Recommended,Medium,Forecasted moisture (29.5%) falls below optimal threshold (35.0%).,2025-08-18 12:00:00,2025-08-19 12:00:00
29.1,MOISTURE DEFICIT,Irrigation Recommended,Medium,Forecasted moisture (29.1%) falls below optimal threshold (35.0%).,2025-08-18 13:00:00,2025-08-19 13:00:00
28.89,MOISTURE DEFICIT,Irrigation Recommended,Medium,Forecasted moisture (28.9%) falls below optimal threshold (35.0%).,2025-08-18 14:00:00,2025-08-19 14:00:00
28.95,MOISTURE DEFICIT,Irrigation Recommended,Medium,Forecasted moisture (29.0%) falls below optimal threshold (35.0%).,2025-08-18 15:00:00,2025-08-19 15:00:00
29.15,MOISTURE DEFICIT,Irrigation Recommended,Medium,Forecasted moisture (29.2%) falls below optimal threshold (35.0%).,2025-08-18 16:00:00,2025-08-19 16:00:00
29.07,MOISTURE DEFICIT,Irrigation Recommended,Medium,Forecasted moisture (29.1%) falls below optimal threshold (35.0%).,2025-08-18 17:00:00,2025-08-19 17:00:00
28.92,MOISTURE DEFICIT,Irrigation Recommended,Medium,Forecasted moisture (28.9%) falls below optimal threshold (35.0%).,2025-08-18 18:00:00,2025-08-19 18:00:00
28.97,MOISTURE DEFICIT,Irrigation Recommended,Medium,Forecasted moisture (29.0%) falls below optimal threshold (35.0%).,2025-08-18 19:00:00,2025-08-19 19:00:00
31.03,MOISTURE DEFICIT,Irrigation Recommended,Medium,Forecasted moisture (31.0%) falls below optimal threshold (35.0%).,2025-08-18 20:00:00,2025-08-19 20:00:00
33.0,MOISTURE DEFICIT,Irrigation Recommended,Medium,Forecasted moisture (33.0%) falls below optimal threshold (35.0%).,2025-08-18 21:00:00,2025-08-19 21:00:00
31.27,MOISTURE DEFICIT,Irrigation Recommended,Medium,Forecasted moisture (31.3%) falls below optimal threshold (35.0%).,2025-08-18 22:00:00,2025-08-19 22:00:00
31.55,MOISTURE DEFICIT,Irrigation Recommended,Medium,Forecasted moisture (31.5%) falls below optimal threshold (35.0%).,2025-08-18 23:00:00,2025-08-19 23:00:00
31.5,MOISTURE DEFICIT,Irrigation Recommended,Medium,Forecasted moisture (31.5%) falls below optimal threshold (35.0%).,2025-08-19 00:00:00,2025-08-20 00:00:00
33.65,MOISTURE DEFICIT,Irrigation Recommended,Medium,Forecasted moisture (33.6%) falls below optimal threshold (35.0%).,2025-08-19 01:00:00,2025-08-20 01:00:00
33.53,MOISTURE DEFICIT,Irrigation Recommended,Medium,Forecasted moisture (33.5%) falls below optimal threshold (35.0%).,2025-08-19 02:00:00,2025-08-20 02:00:00
31.3,MOISTURE DEFICIT,Irrigation Recommended,Medium,Forecasted moisture (31.3%) falls below optimal threshold (35.0%).,2025-08-19 03:00:00,2025-08-20 03:00:00
31.38,MOISTURE DEFICIT,Irrigation Recommended,Medium,Forecasted moisture (31.4%) falls below optimal threshold (35.0%).,2025-08-19 04:00:00,2025-08-20 04:00:00
31.61,MOISTURE DEFICIT,Irrigation Recommended,Medium,Forecasted moisture (31.6%) falls below optimal threshold (35.0%).,2025-08-19 05:00:00,2025-08-20 05:00:00
31.53,MOISTURE DEFICIT,Irrigation Recommended,Medium,Forecasted moisture (31.5%) falls below optimal threshold (35.0%).,2025-08-19 06:00:00,2025-08-20 06:00:00
31.48,MOISTURE DEFICIT,Irrigation Recommended,Medium,Forecasted moisture (31.5%) falls below optimal threshold (35.0%).,2025-08-19 07:00:00,2025-08-20 07:00:00
31.62,MOISTURE DEFICIT,Irrigation Recommended,Medium,Forecasted moisture (31.6%) falls below optimal threshold (35.0%).,2025-08-19 08:00:00,2025-08-20 08:00:00
33.66,MOISTURE DEFICIT,Irrigation Recommended,Medium,Forecasted moisture (33.7%) falls below optimal threshold (35.0%).,2025-08-19 09:00:00,2025-08-20 09:00:00
33.27,MOISTURE DEFICIT,Irrigation Recommended,Medium,Forecasted moisture (33.3%) falls below optimal threshold (35.0%).,2025-08-19 10:00:00,2025-08-20 10:00:00
33.26,MOISTURE DEFICIT,Irrigation Recommended,Medium,Forecasted moisture (33.3%) falls below optimal threshold (35.0%).,2025-08-19 11:00:00,2025-08-20 11:00:00
33.26,MOISTURE DEFICIT,Irrigation Recommended,Medium,Forecasted moisture (33.3%) falls below optimal threshold (35.0%).,2025-08-19 12:00:00,2025-08-20 12:00:00
33.16,MOISTURE DEFICIT,Irrigation Recommended,Medium,Forecasted moisture (33.2%) falls below optimal threshold (35.0%).,2025-08-19 13:00:00,2025-08-20 13:00:00
33.65,MOISTURE DEFICIT,Irrigation Recommended,Medium,Forecasted moisture (33.6%) falls below optimal threshold (35.0%).,2025-08-19 14:00:00,2025-08-20 14:00:00
33.3,MOISTURE DEFICIT,Irrigation Recommended,Medium,Forecasted moisture (33.3%) falls below optimal threshold (35.0%).,2025-08-19 15:00:00,2025-08-20 15:00:00
33.31,MOISTURE DEFICIT,Irrigation Recommended,Medium,Forecasted moisture (33.3%) falls below optimal threshold (35.0%).,2025-08-19 16:00:00,2025-08-20 16:00:00
33.22,MOISTURE DEFICIT,Irrigation Recommended,Medium,Forecasted moisture (33.2%) falls below optimal threshold (35.0%).,2025-08-19 17:00:00,2025-08-20 17:00:00
33.28,MOISTURE DEFICIT,Irrigation Recommended,Medium,Forecasted moisture (33.3%) falls below optimal threshold (35.0%).,2025-08-19 18:00:00,2025-08-20 18:00:00
33.53,MOISTURE DEFICIT,Irrigation Recommended,Medium,Forecasted moisture (33.5%) falls below optimal threshold (35.0%).,2025-08-19 19:00:00,2025-08-20 19:00:00
29.64,MOISTURE DEFICIT,Irrigation Recommended,Medium,Forecasted moisture (29.6%) falls below optimal threshold (35.0%).,2025-08-19 20:00:00,2025-08-20 20:00:00
29.92,MOISTURE DEFICIT,Irrigation Recommended,Medium,Forecasted moisture (29.9%) falls below optimal threshold (35.0%).,2025-08-19 21:00:00,2025-08-20 21:00:00
27.58,MOISTURE DEFICIT,Irrigation Recommended,Medium,Forecasted moisture (27.6%) falls below optimal threshold (35.0%).,2025-08-19 22:00:00,2025-08-20 22:00:00
27.1,MOISTURE DEFICIT,Irrigation Recommended,Medium,Forecasted moisture (27.1%) falls below optimal threshold (35.0%).,2025-08-19 23:00:00,2025-08-20 23:00:00
23.86,MOISTURE DEFICIT,Irrigation Recommended,Medium,Forecasted moisture (23.9%) falls below optimal threshold (35.0%).,2025-08-20 00:00:00,2025-08-21 00:00:00
23.68,MOISTURE DEFICIT,Irrigation Recommended,Medium,Forecasted moisture (23.7%) falls below optimal threshold (35.0%).,2025-08-20 01:00:00,2025-08-21 01:00:00
23.97,MOISTURE DEFICIT,Irrigation Recommended,Medium,Forecasted moisture (24.0%) falls below optimal threshold (35.0%).,2025-08-20 02:00:00,2025-08-21 02:00:00
24.43,MOISTURE DEFICIT,Irrigation Recommended,Medium,Forecasted moisture (24.4%) falls below optimal threshold (35.0%).,2025-08-20 03:00:00,2025-08-21 03:00:00
24.28,MOISTURE DEFICIT,Irrigation Recommended,Medium,Forecasted moisture (24.3%) falls below optimal threshold (35.0%).,2025-08-20 04:00:00,2025-08-21 04:00:00
24.42,MOISTURE DEFICIT,Irrigation Recommended,Medium,Forecasted moisture (24.4%) falls below optimal threshold (35.0%).,2025-08-20 05:00:00,2025-08-21 05:00:00
24.54,MOISTURE DEFICIT,Irrigation Recommended,Medium,Forecasted moisture (24.5%) falls below optimal threshold (35.0%).,2025-08-20 06:00:00,2025-08-21 06:00:00
24.26,MOISTURE DEFICIT,Irrigation Recommended,Medium,Forecasted moisture (24.3%) falls below optimal threshold (35.0%).,2025-08-20 07:00:00,2025-08-21 07:00:00
26.59,MOISTURE DEFICIT,Irrigation Recommended,Medium,Forecasted moisture (26.6%) falls below optimal threshold (35.0%).,2025-08-20 08:00:00,2025-08-21 08:00:00
28.14,MOISTURE DEFICIT,Irrigation Recommended,Medium,Forecasted moisture (28.1%) falls below optimal threshold (35.0%).,2025-08-20 09:00:00,2025-08-21 09:00:00
27.39,MOISTURE DEFICIT,Irrigation Recommended,Medium,Forecasted moisture (27.4%) falls below optimal threshold (35.0%).,2025-08-20 10:00:00,2025-08-21 10:00:00
26.82,MOISTURE DEFICIT,Irrigation Recommended,Medium,Forecasted moisture (26.8%) falls below optimal threshold (35.0%).,2025-08-20 11:00:00,2025-08-21 11:00:00
26.29,MOISTURE DEFICIT,Irrigation Recommended,Medium,Forecasted moisture (26.3%) falls below optimal threshold (35.0%).,2025-08-20 12:00:00,2025-08-21 12:00:00
26.34,MOISTURE DEFICIT,Irrigation Recommended,Medium,Forecasted moisture (26.3%) falls below optimal threshold (35.0%).,2025-08-20 13:00:00,2025-08-21 13:00:00
29.94,MOISTURE DEFICIT,Irrigation Recommended,Medium,Forecasted moisture (29.9%) falls below optimal threshold (35.0%).,2025-08-20 14:00:00,2025-08-21 14:00:00
29.29,MOISTURE DEFICIT,Irrigation Recommended,Medium,Forecasted moisture (29.3%) falls below optimal threshold (35.0%).,2025-08-20 15:00:00,2025-08-21 15:00:00
29.01,MOISTURE DEFICIT,Irrigation Recommended,Medium,Forecasted moisture (29.0%) falls below optimal threshold (35.0%).,2025-08-20 16:00:00,2025-08-21 16:00:00
29.15,MOISTURE DEFICIT,Irrigation Recommended,Medium,Forecasted moisture (29.2%) falls below optimal threshold (35.0%).,2025-08-20 17:00:00,2025-08-21 17:00:00
29.27,MOISTURE DEFICIT,Irrigation Recommended,Medium,Forecasted moisture (29.3%) falls below optimal threshold (35.0%).,2025-08-20 18:00:00,2025-08-21 18:00:00
29.28,MOISTURE DEFICIT,Irrigation Recommended,Medium,Forecasted moisture (29.3%) falls below optimal threshold (35.0%).,2025-08-20 19:00:00,2025-08-21 19:00:00
26.05,MOISTURE DEFICIT,Irrigation Recommended,Medium,Forecasted moisture (26.1%) falls below optimal threshold (35.0%).,2025-08-20 20:00:00,2025-08-21 20:00:00
30.72,MOISTURE DEFICIT,Irrigation Recommended,Medium,Forecasted moisture (30.7%) falls below optimal threshold (35.0%).,2025-08-20 21:00:00,2025-08-21 21:00:00
31.13,MOISTURE DEFICIT,Irrigation Recommended,Medium,Forecasted moisture (31.1%) falls below optimal threshold (35.0%).,2025-08-20 22:00:00,2025-08-21 22:00:00
30.67,MOISTURE DEFICIT,Irrigation Recommended,Medium,Forecasted moisture (30.7%) falls below optimal threshold (35.0%).,2025-08-20 23:00:00,2025-08-21 23:00:00
36.06,OPTIMAL MOISTURE,No Irrigation Required,None,Forecasted moisture (36.1%) is within optimal agronomic field capacity (35.0% - 65.0%).,2025-08-21 00:00:00,2025-08-22 00:00:00
37.16,OPTIMAL MOISTURE,No Irrigation Required,None,Forecasted moisture (37.2%) is within optimal agronomic field capacity (35.0% - 65.0%).,2025-08-21 01:00:00,2025-08-22 01:00:00
39.04,OPTIMAL MOISTURE,No Irrigation Required,None,Forecasted moisture (39.0%) is within optimal agronomic field capacity (35.0% - 65.0%).,2025-08-21 02:00:00,2025-08-22 02:00:00
39.54,OPTIMAL MOISTURE,No Irrigation Required,None,Forecasted moisture (39.5%) is within optimal agronomic field capacity (35.0% - 65.0%).,2025-08-21 03:00:00,2025-08-22 03:00:00
39.06,OPTIMAL MOISTURE,No Irrigation Required,None,Forecasted moisture (39.1%) is within optimal agronomic field capacity (35.0% - 65.0%).,2025-08-21 04:00:00,2025-08-22 04:00:00
39.05,OPTIMAL MOISTURE,No Irrigation Required,None,Forecasted moisture (39.0%) is within optimal agronomic field capacity (35.0% - 65.0%).,2025-08-21 05:00:00,2025-08-22 05:00:00
38.69,OPTIMAL MOISTURE,No Irrigation Required,None,Forecasted moisture (38.7%) is within optimal agronomic field capacity (35.0% - 65.0%).,2025-08-21 06:00:00,2025-08-22 06:00:00
39.33,OPTIMAL MOISTURE,No Irrigation Required,None,Forecasted moisture (39.3%) is within optimal agronomic field capacity (35.0% - 65.0%).,2025-08-21 07:00:00,2025-08-22 07:00:00
40.24,OPTIMAL MOISTURE,No Irrigation Required,None,Forecasted moisture (40.2%) is within optimal agronomic field capacity (35.0% - 65.0%).,2025-08-21 08:00:00,2025-08-22 08:00:00
40.78,OPTIMAL MOISTURE,No Irrigation Required,None,Forecasted moisture (40.8%) is within optimal agronomic field capacity (35.0% - 65.0%).,2025-08-21 09:00:00,2025-08-22 09:00:00
39.89,OPTIMAL MOISTURE,No Irrigation Required,None,Forecasted moisture (39.9%) is within optimal agronomic field capacity (35.0% - 65.0%).,2025-08-21 10:00:00,2025-08-22 10:00:00
39.91,OPTIMAL MOISTURE,No Irrigation Required,None,Forecasted moisture (39.9%) is within optimal agronomic field capacity (35.0% - 65.0%).,2025-08-21 11:00:00,2025-08-22 11:00:00
40.02,OPTIMAL MOISTURE,No Irrigation Required,None,Forecasted moisture (40.0%) is within optimal agronomic field capacity (35.0% - 65.0%).,2025-08-21 12:00:00,2025-08-22 12:00:00
40.31,OPTIMAL MOISTURE,No Irrigation Required,None,Forecasted moisture (40.3%) is within optimal agronomic field capacity (35.0% - 65.0%).,2025-08-21 13:00:00,2025-08-22 13:00:00
42.06,OPTIMAL MOISTURE,No Irrigation Required,None,Forecasted moisture (42.1%) is within optimal agronomic field capacity (35.0% - 65.0%).,2025-08-21 14:00:00,2025-08-22 14:00:00
42.52,OPTIMAL MOISTURE,No Irrigation Required,None,Forecasted moisture (42.5%) is within optimal agronomic field capacity (35.0% - 65.0%).,2025-08-21 15:00:00,2025-08-22 15:00:00
44.18,OPTIMAL MOISTURE,No Irrigation Required,None,Forecasted moisture (44.2%) is within optimal agronomic field capacity (35.0% - 65.0%).,2025-08-21 16:00:00,2025-08-22 16:00:00
44.54,OPTIMAL MOISTURE,No Irrigation Required,None,Forecasted moisture (44.5%) is within optimal agronomic field capacity (35.0% - 65.0%).,2025-08-21 17:00:00,2025-08-22 17:00:00
48.89,OPTIMAL MOISTURE,No Irrigation Required,None,Forecasted moisture (48.9%) is within optimal agronomic field capacity (35.0% - 65.0%).,2025-08-21 18:00:00,2025-08-22 18:00:00
49.93,OPTIMAL MOISTURE,No Irrigation Required,None,Forecasted moisture (49.9%) is within optimal agronomic field capacity (35.0% - 65.0%).,2025-08-21 19:00:00,2025-08-22 19:00:00
50.21,OPTIMAL MOISTURE,No Irrigation Required,None,Forecasted moisture (50.2%) is within optimal agronomic field capacity (35.0% - 65.0%).,2025-08-21 20:00:00,2025-08-22 20:00:00
50.32,OPTIMAL MOISTURE,No Irrigation Required,None,Forecasted moisture (50.3%) is within optimal agronomic field capacity (35.0% - 65.0%).,2025-08-21 21:00:00,2025-08-22 21:00:00
50.34,OPTIMAL MOISTURE,No Irrigation Required,None,Forecasted moisture (50.3%) is within optimal agronomic field capacity (35.0% - 65.0%).,2025-08-21 22:00:00,2025-08-22 22:00:00
51.98,OPTIMAL MOISTURE,No Irrigation Required,None,Forecasted moisture (52.0%) is within optimal agronomic field capacity (35.0% - 65.0%).,2025-08-21 23:00:00,2025-08-22 23:00:00
52.43,OPTIMAL MOISTURE,No Irrigation Required,None,Forecasted moisture (52.4%) is within optimal agronomic field capacity (35.0% - 65.0%).,2025-08-22 00:00:00,2025-08-23 00:00:00
59.36,OPTIMAL MOISTURE,No Irrigation Required,None,Forecasted moisture (59.4%) is within optimal agronomic field capacity (35.0% - 65.0%).,2025-08-22 01:00:00,2025-08-23 01:00:00
64.52,OPTIMAL MOISTURE,No Irrigation Required,None,Forecasted moisture (64.5%) is within optimal agronomic field capacity (35.0% - 65.0%).,2025-08-22 02:00:00,2025-08-23 02:00:00
67.42,SATURATION / EXCESS,Irrigation Prohibited (Risk of Waterlogging),None,Forecasted moisture (67.4%) indicates near-saturated conditions (> 65.0%).,2025-08-22 03:00:00,2025-08-23 03:00:00
67.42,SATURATION / EXCESS,Irrigation Prohibited (Risk of Waterlogging),None,Forecasted moisture (67.4%) indicates near-saturated conditions (> 65.0%).,2025-08-22 04:00:00,2025-08-23 04:00:00
67.82,SATURATION / EXCESS,Irrigation Prohibited (Risk of Waterlogging),None,Forecasted moisture (67.8%) indicates near-saturated conditions (> 65.0%).,2025-08-22 05:00:00,2025-08-23 05:00:00
68.32,SATURATION / EXCESS,Irrigation Prohibited (Risk of Waterlogging),None,Forecasted moisture (68.3%) indicates near-saturated conditions (> 65.0%).,2025-08-22 06:00:00,2025-08-23 06:00:00
71.48,SATURATION / EXCESS,Irrigation Prohibited (Risk of Waterlogging),None,Forecasted moisture (71.5%) indicates near-saturated conditions (> 65.0%).,2025-08-22 07:00:00,2025-08-23 07:00:00
66.85,SATURATION / EXCESS,Irrigation Prohibited (Risk of Waterlogging),None,Forecasted moisture (66.8%) indicates near-saturated conditions (> 65.0%).,2025-08-22 08:00:00,2025-08-23 08:00:00
66.58,SATURATION / EXCESS,Irrigation Prohibited (Risk of Waterlogging),None,Forecasted moisture (66.6%) indicates near-saturated conditions (> 65.0%).,2025-08-22 09:00:00,2025-08-23 09:00:00
66.54,SATURATION / EXCESS,Irrigation Prohibited (Risk of Waterlogging),None,Forecasted moisture (66.5%) indicates near-saturated conditions (> 65.0%).,2025-08-22 10:00:00,2025-08-23 10:00:00
63.7,OPTIMAL MOISTURE,No Irrigation Required,None,Forecasted moisture (63.7%) is within optimal agronomic field capacity (35.0% - 65.0%).,2025-08-22 11:00:00,2025-08-23 11:00:00
63.94,OPTIMAL MOISTURE,No Irrigation Required,None,Forecasted moisture (63.9%) is within optimal agronomic field capacity (35.0% - 65.0%).,2025-08-22 12:00:00,2025-08-23 12:00:00
62.55,OPTIMAL MOISTURE,No Irrigation Required,None,Forecasted moisture (62.6%) is within optimal agronomic field capacity (35.0% - 65.0%).,2025-08-22 13:00:00,2025-08-23 13:00:00
60.96,OPTIMAL MOISTURE,No Irrigation Required,None,Forecasted moisture (61.0%) is within optimal agronomic field capacity (35.0% - 65.0%).,2025-08-22 14:00:00,2025-08-23 14:00:00
58.82,OPTIMAL MOISTURE,No Irrigation Required,None,Forecasted moisture (58.8%) is within optimal agronomic field capacity (35.0% - 65.0%).,2025-08-22 15:00:00,2025-08-23 15:00:00
58.85,OPTIMAL MOISTURE,No Irrigation Required,None,Forecasted moisture (58.8%) is within optimal agronomic field capacity (35.0% - 65.0%).,2025-08-22 16:00:00,2025-08-23 16:00:00
58.62,OPTIMAL MOISTURE,No Irrigation Required,None,Forecasted moisture (58.6%) is within optimal agronomic field capacity (35.0% - 65.0%).,2025-08-22 17:00:00,2025-08-23 17:00:00
58.11,OPTIMAL MOISTURE,No Irrigation Required,None,Forecasted moisture (58.1%) is within optimal agronomic field capacity (35.0% - 65.0%).,2025-08-22 18:00:00,2025-08-23 18:00:00
59.39,OPTIMAL MOISTURE,No Irrigation Required,None,Forecasted moisture (59.4%) is within optimal agronomic field capacity (35.0% - 65.0%).,2025-08-22 19:00:00,2025-08-23 19:00:00
62.16,OPTIMAL MOISTURE,No Irrigation Required,None,Forecasted moisture (62.2%) is within optimal agronomic field capacity (35.0% - 65.0%).,2025-08-22 20:00:00,2025-08-23 20:00:00
62.17,OPTIMAL MOISTURE,No Irrigation Required,None,Forecasted moisture (62.2%) is within optimal agronomic field capacity (35.0% - 65.0%).,2025-08-22 21:00:00,2025-08-23 21:00:00
63.24,OPTIMAL MOISTURE,No Irrigation Required,None,Forecasted moisture (63.2%) is within optimal agronomic field capacity (35.0% - 65.0%).,2025-08-22 22:00:00,2025-08-23 22:00:00
64.24,OPTIMAL MOISTURE,No Irrigation Required,None,Forecasted moisture (64.2%) is within optimal agronomic field capacity (35.0% - 65.0%).,2025-08-22 23:00:00,2025-08-23 23:00:00
65.41,SATURATION / EXCESS,Irrigation Prohibited (Risk of Waterlogging),None,Forecasted moisture (65.4%) indicates near-saturated conditions (> 65.0%).,2025-08-23 00:00:00,2025-08-24 00:00:00
69.39,SATURATION / EXCESS,Irrigation Prohibited (Risk of Waterlogging),None,Forecasted moisture (69.4%) indicates near-saturated conditions (> 65.0%).,2025-08-23 01:00:00,2025-08-24 01:00:00
65.79,SATURATION / EXCESS,Irrigation Prohibited (Risk of Waterlogging),None,Forecasted moisture (65.8%) indicates near-saturated conditions (> 65.0%).,2025-08-23 02:00:00,2025-08-24 02:00:00
63.6,OPTIMAL MOISTURE,No Irrigation Required,None,Forecasted moisture (63.6%) is within optimal agronomic field capacity (35.0% - 65.0%).,2025-08-23 03:00:00,2025-08-24 03:00:00
65.7,SATURATION / EXCESS,Irrigation Prohibited (Risk of Waterlogging),None,Forecasted moisture (65.7%) indicates near-saturated conditions (> 65.0%).,2025-08-23 04:00:00,2025-08-24 04:00:00
68.47,SATURATION / EXCESS,Irrigation Prohibited (Risk of Waterlogging),None,Forecasted moisture (68.5%) indicates near-saturated conditions (> 65.0%).,2025-08-23 05:00:00,2025-08-24 05:00:00
73.31,SATURATION / EXCESS,Irrigation Prohibited (Risk of Waterlogging),None,Forecasted moisture (73.3%) indicates near-saturated conditions (> 65.0%).,2025-08-23 06:00:00,2025-08-24 06:00:00
78.05,SATURATION / EXCESS,Irrigation Prohibited (Risk of Waterlogging),None,Forecasted moisture (78.1%) indicates near-saturated conditions (> 65.0%).,2025-08-23 07:00:00,2025-08-24 07:00:00
79.41,SATURATION / EXCESS,Irrigation Prohibited (Risk of Waterlogging),None,Forecasted moisture (79.4%) indicates near-saturated conditions (> 65.0%).,2025-08-23 08:00:00,2025-08-24 08:00:00
86.71,SATURATION / EXCESS,Irrigation Prohibited (Risk of Waterlogging),None,Forecasted moisture (86.7%) indicates near-saturated conditions (> 65.0%).,2025-08-23 09:00:00,2025-08-24 09:00:00
89.44,SATURATION / EXCESS,Irrigation Prohibited (Risk of Waterlogging),None,Forecasted moisture (89.4%) indicates near-saturated conditions (> 65.0%).,2025-08-23 10:00:00,2025-08-24 10:00:00
89.4,SATURATION / EXCESS,Irrigation Prohibited (Risk of Waterlogging),None,Forecasted moisture (89.4%) indicates near-saturated conditions (> 65.0%).,2025-08-23 11:00:00,2025-08-24 11:00:00
89.98,SATURATION / EXCESS,Irrigation Prohibited (Risk of Waterlogging),None,Forecasted moisture (90.0%) indicates near-saturated conditions (> 65.0%).,2025-08-23 12:00:00,2025-08-24 12:00:00
91.07,SATURATION / EXCESS,Irrigation Prohibited (Risk of Waterlogging),None,Forecasted moisture (91.1%) indicates near-saturated conditions (> 65.0%).,2025-08-23 13:00:00,2025-08-24 13:00:00
90.77,SATURATION / EXCESS,Irrigation Prohibited (Risk of Waterlogging),None,Forecasted moisture (90.8%) indicates near-saturated conditions (> 65.0%).,2025-08-23 14:00:00,2025-08-24 14:00:00
91.51,SATURATION / EXCESS,Irrigation Prohibited (Risk of Waterlogging),None,Forecasted moisture (91.5%) indicates near-saturated conditions (> 65.0%).,2025-08-23 15:00:00,2025-08-24 15:00:00
92.6,SATURATION / EXCESS,Irrigation Prohibited (Risk of Waterlogging),None,Forecasted moisture (92.6%) indicates near-saturated conditions (> 65.0%).,2025-08-23 16:00:00,2025-08-24 16:00:00
92.7,SATURATION / EXCESS,Irrigation Prohibited (Risk of Waterlogging),None,Forecasted moisture (92.7%) indicates near-saturated conditions (> 65.0%).,2025-08-23 17:00:00,2025-08-24 17:00:00
92.6,SATURATION / EXCESS,Irrigation Prohibited (Risk of Waterlogging),None,Forecasted moisture (92.6%) indicates near-saturated conditions (> 65.0%).,2025-08-23 18:00:00,2025-08-24 18:00:00
93.29,SATURATION / EXCESS,Irrigation Prohibited (Risk of Waterlogging),None,Forecasted moisture (93.3%) indicates near-saturated conditions (> 65.0%).,2025-08-23 19:00:00,2025-08-24 19:00:00
92.71,SATURATION / EXCESS,Irrigation Prohibited (Risk of Waterlogging),None,Forecasted moisture (92.7%) indicates near-saturated conditions (> 65.0%).,2025-08-23 20:00:00,2025-08-24 20:00:00
92.14,SATURATION / EXCESS,Irrigation Prohibited (Risk of Waterlogging),None,Forecasted moisture (92.1%) indicates near-saturated conditions (> 65.0%).,2025-08-23 21:00:00,2025-08-24 21:00:00
91.59,SATURATION / EXCESS,Irrigation Prohibited (Risk of Waterlogging),None,Forecasted moisture (91.6%) indicates near-saturated conditions (> 65.0%).,2025-08-23 22:00:00,2025-08-24 22:00:00
91.34,SATURATION / EXCESS,Irrigation Prohibited (Risk of Waterlogging),None,Forecasted moisture (91.3%) indicates near-saturated conditions (> 65.0%).,2025-08-23 23:00:00,2025-08-24 23:00:00
91.47,SATURATION / EXCESS,Irrigation Prohibited (Risk of Waterlogging),None,Forecasted moisture (91.5%) indicates near-saturated conditions (> 65.0%).,2025-08-24 00:00:00,2025-08-25 00:00:00
91.81,SATURATION / EXCESS,Irrigation Prohibited (Risk of Waterlogging),None,Forecasted moisture (91.8%) indicates near-saturated conditions (> 65.0%).,2025-08-24 01:00:00,2025-08-25 01:00:00
92.1,SATURATION / EXCESS,Irrigation Prohibited (Risk of Waterlogging),None,Forecasted moisture (92.1%) indicates near-saturated conditions (> 65.0%).,2025-08-24 02:00:00,2025-08-25 02:00:00
91.94,SATURATION / EXCESS,Irrigation Prohibited (Risk of Waterlogging),None,Forecasted moisture (91.9%) indicates near-saturated conditions (> 65.0%).,2025-08-24 03:00:00,2025-08-25 03:00:00
91.89,SATURATION / EXCESS,Irrigation Prohibited (Risk of Waterlogging),None,Forecasted moisture (91.9%) indicates near-saturated conditions (> 65.0%).,2025-08-24 04:00:00,2025-08-25 04:00:00
92.06,SATURATION / EXCESS,Irrigation Prohibited (Risk of Waterlogging),None,Forecasted moisture (92.1%) indicates near-saturated conditions (> 65.0%).,2025-08-24 05:00:00,2025-08-25 05:00:00
91.99,SATURATION / EXCESS,Irrigation Prohibited (Risk of Waterlogging),None,Forecasted moisture (92.0%) indicates near-saturated conditions (> 65.0%).,2025-08-24 06:00:00,2025-08-25 06:00:00
92.17,SATURATION / EXCESS,Irrigation Prohibited (Risk of Waterlogging),None,Forecasted moisture (92.2%) indicates near-saturated conditions (> 65.0%).,2025-08-24 07:00:00,2025-08-25 07:00:00
92.31,SATURATION / EXCESS,Irrigation Prohibited (Risk of Waterlogging),None,Forecasted moisture (92.3%) indicates near-saturated conditions (> 65.0%).,2025-08-24 08:00:00,2025-08-25 08:00:00
92.71,SATURATION / EXCESS,Irrigation Prohibited (Risk of Waterlogging),None,Forecasted moisture (92.7%) indicates near-saturated conditions (> 65.0%).,2025-08-24 09:00:00,2025-08-25 09:00:00
92.78,SATURATION / EXCESS,Irrigation Prohibited (Risk of Waterlogging),None,Forecasted moisture (92.8%) indicates near-saturated conditions (> 65.0%).,2025-08-24 10:00:00,2025-08-25 10:00:00
93.03,SATURATION / EXCESS,Irrigation Prohibited (Risk of Waterlogging),None,Forecasted moisture (93.0%) indicates near-saturated conditions (> 65.0%).,2025-08-24 11:00:00,2025-08-25 11:00:00
93.42,SATURATION / EXCESS,Irrigation Prohibited (Risk of Waterlogging),None,Forecasted moisture (93.4%) indicates near-saturated conditions (> 65.0%).,2025-08-24 12:00:00,2025-08-25 12:00:00
93.32,SATURATION / EXCESS,Irrigation Prohibited (Risk of Waterlogging),None,Forecasted moisture (93.3%) indicates near-saturated conditions (> 65.0%).,2025-08-24 13:00:00,2025-08-25 13:00:00
93.38,SATURATION / EXCESS,Irrigation Prohibited (Risk of Waterlogging),None,Forecasted moisture (93.4%) indicates near-saturated conditions (> 65.0%).,2025-08-24 14:00:00,2025-08-25 14:00:00
93.11,SATURATION / EXCESS,Irrigation Prohibited (Risk of Waterlogging),None,Forecasted moisture (93.1%) indicates near-saturated conditions (> 65.0%).,2025-08-24 15:00:00,2025-08-25 15:00:00
93.08,SATURATION / EXCESS,Irrigation Prohibited (Risk of Waterlogging),None,Forecasted moisture (93.1%) indicates near-saturated conditions (> 65.0%).,2025-08-24 16:00:00,2025-08-25 16:00:00
93.12,SATURATION / EXCESS,Irrigation Prohibited (Risk of Waterlogging),None,Forecasted moisture (93.1%) indicates near-saturated conditions (> 65.0%).,2025-08-24 17:00:00,2025-08-25 17:00:00
93.2,SATURATION / EXCESS,Irrigation Prohibited (Risk of Waterlogging),None,Forecasted moisture (93.2%) indicates near-saturated conditions (> 65.0%).,2025-08-24 18:00:00,2025-08-25 18:00:00
92.49,SATURATION / EXCESS,Irrigation Prohibited (Risk of Waterlogging),None,Forecasted moisture (92.5%) indicates near-saturated conditions (> 65.0%).,2025-08-24 19:00:00,2025-08-25 19:00:00
92.5,SATURATION / EXCESS,Irrigation Prohibited (Risk of Waterlogging),None,Forecasted moisture (92.5%) indicates near-saturated conditions (> 65.0%).,2025-08-24 20:00:00,2025-08-25 20:00:00
92.54,SATURATION / EXCESS,Irrigation Prohibited (Risk of Waterlogging),None,Forecasted moisture (92.5%) indicates near-saturated conditions (> 65.0%).,2025-08-24 21:00:00,2025-08-25 21:00:00
92.5,SATURATION / EXCESS,Irrigation Prohibited (Risk of Waterlogging),None,Forecasted moisture (92.5%) indicates near-saturated conditions (> 65.0%).,2025-08-24 22:00:00,2025-08-25 22:00:00
92.46,SATURATION / EXCESS,Irrigation Prohibited (Risk of Waterlogging),None,Forecasted moisture (92.5%) indicates near-saturated conditions (> 65.0%).,2025-08-24 23:00:00,2025-08-25 23:00:00
92.44,SATURATION / EXCESS,Irrigation Prohibited (Risk of Waterlogging),None,Forecasted moisture (92.4%) indicates near-saturated conditions (> 65.0%).,2025-08-25 01:00:00,2025-08-26 01:00:00
92.18,SATURATION / EXCESS,Irrigation Prohibited (Risk of Waterlogging),None,Forecasted moisture (92.2%) indicates near-saturated conditions (> 65.0%).,2025-08-25 02:00:00,2025-08-26 02:00:00
92.08,SATURATION / EXCESS,Irrigation Prohibited (Risk of Waterlogging),None,Forecasted moisture (92.1%) indicates near-saturated conditions (> 65.0%).,2025-08-25 03:00:00,2025-08-26 03:00:00
91.98,SATURATION / EXCESS,Irrigation Prohibited (Risk of Waterlogging),None,Forecasted moisture (92.0%) indicates near-saturated conditions (> 65.0%).,2025-08-25 04:00:00,2025-08-26 04:00:00
92.01,SATURATION / EXCESS,Irrigation Prohibited (Risk of Waterlogging),None,Forecasted moisture (92.0%) indicates near-saturated conditions (> 65.0%).,2025-08-25 05:00:00,2025-08-26 05:00:00
91.72,SATURATION / EXCESS,Irrigation Prohibited (Risk of Waterlogging),None,Forecasted moisture (91.7%) indicates near-saturated conditions (> 65.0%).,2025-08-25 06:00:00,2025-08-26 06:00:00
91.81,SATURATION / EXCESS,Irrigation Prohibited (Risk of Waterlogging),None,Forecasted moisture (91.8%) indicates near-saturated conditions (> 65.0%).,2025-08-25 08:00:00,2025-08-26 08:00:00
91.8,SATURATION / EXCESS,Irrigation Prohibited (Risk of Waterlogging),None,Forecasted moisture (91.8%) indicates near-saturated conditions (> 65.0%).,2025-08-25 09:00:00,2025-08-26 09:00:00
91.68,SATURATION / EXCESS,Irrigation Prohibited (Risk of Waterlogging),None,Forecasted moisture (91.7%) indicates near-saturated conditions (> 65.0%).,2025-08-25 10:00:00,2025-08-26 10:00:00
91.73,SATURATION / EXCESS,Irrigation Prohibited (Risk of Waterlogging),None,Forecasted moisture (91.7%) indicates near-saturated conditions (> 65.0%).,2025-08-25 11:00:00,2025-08-26 11:00:00
91.78,SATURATION / EXCESS,Irrigation Prohibited (Risk of Waterlogging),None,Forecasted moisture (91.8%) indicates near-saturated conditions (> 65.0%).,2025-08-25 12:00:00,2025-08-26 12:00:00
91.2,SATURATION / EXCESS,Irrigation Prohibited (Risk of Waterlogging),None,Forecasted moisture (91.2%) indicates near-saturated conditions (> 65.0%).,2025-08-25 13:00:00,2025-08-26 13:00:00
91.35,SATURATION / EXCESS,Irrigation Prohibited (Risk of Waterlogging),None,Forecasted moisture (91.4%) indicates near-saturated conditions (> 65.0%).,2025-08-25 14:00:00,2025-08-26 14:00:00
91.4,SATURATION / EXCESS,Irrigation Prohibited (Risk of Waterlogging),None,Forecasted moisture (91.4%) indicates near-saturated conditions (> 65.0%).,2025-08-25 15:00:00,2025-08-26 15:00:00
91.44,SATURATION / EXCESS,Irrigation Prohibited (Risk of Waterlogging),None,Forecasted moisture (91.4%) indicates near-saturated conditions (> 65.0%).,2025-08-25 16:00:00,2025-08-26 16:00:00
91.46,SATURATION / EXCESS,Irrigation Prohibited (Risk of Waterlogging),None,Forecasted moisture (91.5%) indicates near-saturated conditions (> 65.0%).,2025-08-25 17:00:00,2025-08-26 17:00:00
91.21,SATURATION / EXCESS,Irrigation Prohibited (Risk of Waterlogging),None,Forecasted moisture (91.2%) indicates near-saturated conditions (> 65.0%).,2025-08-25 18:00:00,2025-08-26 18:00:00
91.06,SATURATION / EXCESS,Irrigation Prohibited (Risk of Waterlogging),None,Forecasted moisture (91.1%) indicates near-saturated conditions (> 65.0%).,2025-08-25 19:00:00,2025-08-26 19:00:00
91.17,SATURATION / EXCESS,Irrigation Prohibited (Risk of Waterlogging),None,Forecasted moisture (91.2%) indicates near-saturated conditions (> 65.0%).,2025-08-25 20:00:00,2025-08-26 20:00:00
91.08,SATURATION / EXCESS,Irrigation Prohibited (Risk of Waterlogging),None,Forecasted moisture (91.1%) indicates near-saturated conditions (> 65.0%).,2025-08-25 21:00:00,2025-08-26 21:00:00
91.09,SATURATION / EXCESS,Irrigation Prohibited (Risk of Waterlogging),None,Forecasted moisture (91.1%) indicates near-saturated conditions (> 65.0%).,2025-08-25 22:00:00,2025-08-26 22:00:00
91.15,SATURATION / EXCESS,Irrigation Prohibited (Risk of Waterlogging),None,Forecasted moisture (91.2%) indicates near-saturated conditions (> 65.0%).,2025-08-25 23:00:00,2025-08-26 23:00:00
90.97,SATURATION / EXCESS,Irrigation Prohibited (Risk of Waterlogging),None,Forecasted moisture (91.0%) indicates near-saturated conditions (> 65.0%).,2025-08-26 00:00:00,2025-08-27 00:00:00
90.93,SATURATION / EXCESS,Irrigation Prohibited (Risk of Waterlogging),None,Forecasted moisture (90.9%) indicates near-saturated conditions (> 65.0%).,2025-08-26 01:00:00,2025-08-27 01:00:00
90.96,SATURATION / EXCESS,Irrigation Prohibited (Risk of Waterlogging),None,Forecasted moisture (91.0%) indicates near-saturated conditions (> 65.0%).,2025-08-26 02:00:00,2025-08-27 02:00:00
90.87,SATURATION / EXCESS,Irrigation Prohibited (Risk of Waterlogging),None,Forecasted moisture (90.9%) indicates near-saturated conditions (> 65.0%).,2025-08-26 03:00:00,2025-08-27 03:00:00
90.67,SATURATION / EXCESS,Irrigation Prohibited (Risk of Waterlogging),None,Forecasted moisture (90.7%) indicates near-saturated conditions (> 65.0%).,2025-08-26 04:00:00,2025-08-27 04:00:00
90.7,SATURATION / EXCESS,Irrigation Prohibited (Risk of Waterlogging),None,Forecasted moisture (90.7%) indicates near-saturated conditions (> 65.0%).,2025-08-26 05:00:00,2025-08-27 05:00:00
90.91,SATURATION / EXCESS,Irrigation Prohibited (Risk of Waterlogging),None,Forecasted moisture (90.9%) indicates near-saturated conditions (> 65.0%).,2025-08-26 06:00:00,2025-08-27 06:00:00
91.2,SATURATION / EXCESS,Irrigation Prohibited (Risk of Waterlogging),None,Forecasted moisture (91.2%) indicates near-saturated conditions (> 65.0%).,2025-08-26 07:00:00,2025-08-27 07:00:00
91.24,SATURATION / EXCESS,Irrigation Prohibited (Risk of Waterlogging),None,Forecasted moisture (91.2%) indicates near-saturated conditions (> 65.0%).,2025-08-26 08:00:00,2025-08-27 08:00:00
91.26,SATURATION / EXCESS,Irrigation Prohibited (Risk of Waterlogging),None,Forecasted moisture (91.3%) indicates near-saturated conditions (> 65.0%).,2025-08-26 09:00:00,2025-08-27 09:00:00
91.26,SATURATION / EXCESS,Irrigation Prohibited (Risk of Waterlogging),None,Forecasted moisture (91.3%) indicates near-saturated conditions (> 65.0%).,2025-08-26 10:00:00,2025-08-27 10:00:00
91.29,SATURATION / EXCESS,Irrigation Prohibited (Risk of Waterlogging),None,Forecasted moisture (91.3%) indicates near-saturated conditions (> 65.0%).,2025-08-26 11:00:00,2025-08-27 11:00:00
91.37,SATURATION / EXCESS,Irrigation Prohibited (Risk of Waterlogging),None,Forecasted moisture (91.4%) indicates near-saturated conditions (> 65.0%).,2025-08-26 12:00:00,2025-08-27 12:00:00
91.57,SATURATION / EXCESS,Irrigation Prohibited (Risk of Waterlogging),None,Forecasted moisture (91.6%) indicates near-saturated conditions (> 65.0%).,2025-08-26 13:00:00,2025-08-27 13:00:00
91.82,SATURATION / EXCESS,Irrigation Prohibited (Risk of Waterlogging),None,Forecasted moisture (91.8%) indicates near-saturated conditions (> 65.0%).,2025-08-26 14:00:00,2025-08-27 14:00:00
91.92,SATURATION / EXCESS,Irrigation Prohibited (Risk of Waterlogging),None,Forecasted moisture (91.9%) indicates near-saturated conditions (> 65.0%).,2025-08-26 15:00:00,2025-08-27 15:00:00
91.81,SATURATION / EXCESS,Irrigation Prohibited (Risk of Waterlogging),None,Forecasted moisture (91.8%) indicates near-saturated conditions (> 65.0%).,2025-08-26 16:00:00,2025-08-27 16:00:00
90.86,SATURATION / EXCESS,Irrigation Prohibited (Risk of Waterlogging),None,Forecasted moisture (90.9%) indicates near-saturated conditions (> 65.0%).,2025-08-26 17:00:00,2025-08-27 17:00:00
91.19,SATURATION / EXCESS,Irrigation Prohibited (Risk of Waterlogging),None,Forecasted moisture (91.2%) indicates near-saturated conditions (> 65.0%).,2025-08-26 18:00:00,2025-08-27 18:00:00
90.86,SATURATION / EXCESS,Irrigation Prohibited (Risk of Waterlogging),None,Forecasted moisture (90.9%) indicates near-saturated conditions (> 65.0%).,2025-08-26 19:00:00,2025-08-27 19:00:00
90.81,SATURATION / EXCESS,Irrigation Prohibited (Risk of Waterlogging),None,Forecasted moisture (90.8%) indicates near-saturated conditions (> 65.0%).,2025-08-26 20:00:00,2025-08-27 20:00:00
90.89,SATURATION / EXCESS,Irrigation Prohibited (Risk of Waterlogging),None,Forecasted moisture (90.9%) indicates near-saturated conditions (> 65.0%).,2025-08-26 21:00:00,2025-08-27 21:00:00
89.5,SATURATION / EXCESS,Irrigation Prohibited (Risk of Waterlogging),None,Forecasted moisture (89.5%) indicates near-saturated conditions (> 65.0%).,2025-08-26 22:00:00,2025-08-27 22:00:00
88.95,SATURATION / EXCESS,Irrigation Prohibited (Risk of Waterlogging),None,Forecasted moisture (89.0%) indicates near-saturated conditions (> 65.0%).,2025-08-26 23:00:00,2025-08-27 23:00:00
88.89,SATURATION / EXCESS,Irrigation Prohibited (Risk of Waterlogging),None,Forecasted moisture (88.9%) indicates near-saturated conditions (> 65.0%).,2025-08-27 00:00:00,2025-08-28 00:00:00
87.13,SATURATION / EXCESS,Irrigation Prohibited (Risk of Waterlogging),None,Forecasted moisture (87.1%) indicates near-saturated conditions (> 65.0%).,2025-08-27 01:00:00,2025-08-28 01:00:00
86.17,SATURATION / EXCESS,Irrigation Prohibited (Risk of Waterlogging),None,Forecasted moisture (86.2%) indicates near-saturated conditions (> 65.0%).,2025-08-27 02:00:00,2025-08-28 02:00:00
83.99,SATURATION / EXCESS,Irrigation Prohibited (Risk of Waterlogging),None,Forecasted moisture (84.0%) indicates near-saturated conditions (> 65.0%).,2025-08-27 03:00:00,2025-08-28 03:00:00
84.45,SATURATION / EXCESS,Irrigation Prohibited (Risk of Waterlogging),None,Forecasted moisture (84.4%) indicates near-saturated conditions (> 65.0%).,2025-08-27 04:00:00,2025-08-28 04:00:00
83.96,SATURATION / EXCESS,Irrigation Prohibited (Risk of Waterlogging),None,Forecasted moisture (84.0%) indicates near-saturated conditions (> 65.0%).,2025-08-27 05:00:00,2025-08-28 05:00:00
82.88,SATURATION / EXCESS,Irrigation Prohibited (Risk of Waterlogging),None,Forecasted moisture (82.9%) indicates near-saturated conditions (> 65.0%).,2025-08-27 06:00:00,2025-08-28 06:00:00
82.83,SATURATION / EXCESS,Irrigation Prohibited (Risk of Waterlogging),None,Forecasted moisture (82.8%) indicates near-saturated conditions (> 65.0%).,2025-08-27 07:00:00,2025-08-28 07:00:00
82.7,SATURATION / EXCESS,Irrigation Prohibited (Risk of Waterlogging),None,Forecasted moisture (82.7%) indicates near-saturated conditions (> 65.0%).,2025-08-27 08:00:00,2025-08-28 08:00:00
82.89,SATURATION / EXCESS,Irrigation Prohibited (Risk of Waterlogging),None,Forecasted moisture (82.9%) indicates near-saturated conditions (> 65.0%).,2025-08-27 09:00:00,2025-08-28 09:00:00
82.54,SATURATION / EXCESS,Irrigation Prohibited (Risk of Waterlogging),None,Forecasted moisture (82.5%) indicates near-saturated conditions (> 65.0%).,2025-08-27 10:00:00,2025-08-28 10:00:00
83.32,SATURATION / EXCESS,Irrigation Prohibited (Risk of Waterlogging),None,Forecasted moisture (83.3%) indicates near-saturated conditions (> 65.0%).,2025-08-27 11:00:00,2025-08-28 11:00:00
84.96,SATURATION / EXCESS,Irrigation Prohibited (Risk of Waterlogging),None,Forecasted moisture (85.0%) indicates near-saturated conditions (> 65.0%).,2025-08-27 12:00:00,2025-08-28 12:00:00
85.08,SATURATION / EXCESS,Irrigation Prohibited (Risk of Waterlogging),None,Forecasted moisture (85.1%) indicates near-saturated conditions (> 65.0%).,2025-08-27 13:00:00,2025-08-28 13:00:00
86.32,SATURATION / EXCESS,Irrigation Prohibited (Risk of Waterlogging),None,Forecasted moisture (86.3%) indicates near-saturated conditions (> 65.0%).,2025-08-27 14:00:00,2025-08-28 14:00:00
88.97,SATURATION / EXCESS,Irrigation Prohibited (Risk of Waterlogging),None,Forecasted moisture (89.0%) indicates near-saturated conditions (> 65.0%).,2025-08-27 15:00:00,2025-08-28 15:00:00
89.76,SATURATION / EXCESS,Irrigation Prohibited (Risk of Waterlogging),None,Forecasted moisture (89.8%) indicates near-saturated conditions (> 65.0%).,2025-08-27 16:00:00,2025-08-28 16:00:00
89.93,SATURATION / EXCESS,Irrigation Prohibited (Risk of Waterlogging),None,Forecasted moisture (89.9%) indicates near-saturated conditions (> 65.0%).,2025-08-27 17:00:00,2025-08-28 17:00:00
90.05,SATURATION / EXCESS,Irrigation Prohibited (Risk of Waterlogging),None,Forecasted moisture (90.0%) indicates near-saturated conditions (> 65.0%).,2025-08-27 18:00:00,2025-08-28 18:00:00
90.55,SATURATION / EXCESS,Irrigation Prohibited (Risk of Waterlogging),None,Forecasted moisture (90.6%) indicates near-saturated conditions (> 65.0%).,2025-08-27 19:00:00,2025-08-28 19:00:00
90.48,SATURATION / EXCESS,Irrigation Prohibited (Risk of Waterlogging),None,Forecasted moisture (90.5%) indicates near-saturated conditions (> 65.0%).,2025-08-27 20:00:00,2025-08-28 20:00:00
90.8,SATURATION / EXCESS,Irrigation Prohibited (Risk of Waterlogging),None,Forecasted moisture (90.8%) indicates near-saturated conditions (> 65.0%).,2025-08-27 21:00:00,2025-08-28 21:00:00
90.99,SATURATION / EXCESS,Irrigation Prohibited (Risk of Waterlogging),None,Forecasted moisture (91.0%) indicates near-saturated conditions (> 65.0%).,2025-08-27 22:00:00,2025-08-28 22:00:00
90.97,SATURATION / EXCESS,Irrigation Prohibited (Risk of Waterlogging),None,Forecasted moisture (91.0%) indicates near-saturated conditions (> 65.0%).,2025-08-27 23:00:00,2025-08-28 23:00:00
89.83,SATURATION / EXCESS,Irrigation Prohibited (Risk of Waterlogging),None,Forecasted moisture (89.8%) indicates near-saturated conditions (> 65.0%).,2025-08-28 00:00:00,2025-08-29 00:00:00
88.48,SATURATION / EXCESS,Irrigation Prohibited (Risk of Waterlogging),None,Forecasted moisture (88.5%) indicates near-saturated conditions (> 65.0%).,2025-08-28 01:00:00,2025-08-29 01:00:00
88.19,SATURATION / EXCESS,Irrigation Prohibited (Risk of Waterlogging),None,Forecasted moisture (88.2%) indicates near-saturated conditions (> 65.0%).,2025-08-28 02:00:00,2025-08-29 02:00:00
88.08,SATURATION / EXCESS,Irrigation Prohibited (Risk of Waterlogging),None,Forecasted moisture (88.1%) indicates near-saturated conditions (> 65.0%).,2025-08-28 03:00:00,2025-08-29 03:00:00
87.93,SATURATION / EXCESS,Irrigation Prohibited (Risk of Waterlogging),None,Forecasted moisture (87.9%) indicates near-saturated conditions (> 65.0%).,2025-08-28 04:00:00,2025-08-29 04:00:00
86.61,SATURATION / EXCESS,Irrigation Prohibited (Risk of Waterlogging),None,Forecasted moisture (86.6%) indicates near-saturated conditions (> 65.0%).,2025-08-28 05:00:00,2025-08-29 05:00:00
86.76,SATURATION / EXCESS,Irrigation Prohibited (Risk of Waterlogging),None,Forecasted moisture (86.8%) indicates near-saturated conditions (> 65.0%).,2025-08-28 06:00:00,2025-08-29 06:00:00
86.67,SATURATION / EXCESS,Irrigation Prohibited (Risk of Waterlogging),None,Forecasted moisture (86.7%) indicates near-saturated conditions (> 65.0%).,2025-08-28 07:00:00,2025-08-29 07:00:00
86.92,SATURATION / EXCESS,Irrigation Prohibited (Risk of Waterlogging),None,Forecasted moisture (86.9%) indicates near-saturated conditions (> 65.0%).,2025-08-28 08:00:00,2025-08-29 08:00:00
88.11,SATURATION / EXCESS,Irrigation Prohibited (Risk of Waterlogging),None,Forecasted moisture (88.1%) indicates near-saturated conditions (> 65.0%).,2025-08-28 09:00:00,2025-08-29 09:00:00
88.34,SATURATION / EXCESS,Irrigation Prohibited (Risk of Waterlogging),None,Forecasted moisture (88.3%) indicates near-saturated conditions (> 65.0%).,2025-08-28 10:00:00,2025-08-29 10:00:00
88.53,SATURATION / EXCESS,Irrigation Prohibited (Risk of Waterlogging),None,Forecasted moisture (88.5%) indicates near-saturated conditions (> 65.0%).,2025-08-28 11:00:00,2025-08-29 11:00:00
88.55,SATURATION / EXCESS,Irrigation Prohibited (Risk of Waterlogging),None,Forecasted moisture (88.5%) indicates near-saturated conditions (> 65.0%).,2025-08-28 12:00:00,2025-08-29 12:00:00
85.34,SATURATION / EXCESS,Irrigation Prohibited (Risk of Waterlogging),None,Forecasted moisture (85.3%) indicates near-saturated conditions (> 65.0%).,2025-08-28 13:00:00,2025-08-29 13:00:00
84.95,SATURATION / EXCESS,Irrigation Prohibited (Risk of Waterlogging),None,Forecasted moisture (85.0%) indicates near-saturated conditions (> 65.0%).,2025-08-28 14:00:00,2025-08-29 14:00:00
84.84,SATURATION / EXCESS,Irrigation Prohibited (Risk of Waterlogging),None,Forecasted moisture (84.8%) indicates near-saturated conditions (> 65.0%).,2025-08-28 15:00:00,2025-08-29 15:00:00
84.83,SATURATION / EXCESS,Irrigation Prohibited (Risk of Waterlogging),None,Forecasted moisture (84.8%) indicates near-saturated conditions (> 65.0%).,2025-08-28 16:00:00,2025-08-29 16:00:00
86.12,SATURATION / EXCESS,Irrigation Prohibited (Risk of Waterlogging),None,Forecasted moisture (86.1%) indicates near-saturated conditions (> 65.0%).,2025-08-28 17:00:00,2025-08-29 17:00:00
78.24,SATURATION / EXCESS,Irrigation Prohibited (Risk of Waterlogging),None,Forecasted moisture (78.2%) indicates near-saturated conditions (> 65.0%).,2025-08-28 18:00:00,2025-08-29 18:00:00
78.19,SATURATION / EXCESS,Irrigation Prohibited (Risk of Waterlogging),None,Forecasted moisture (78.2%) indicates near-saturated conditions (> 65.0%).,2025-08-28 19:00:00,2025-08-29 19:00:00
75.6,SATURATION / EXCESS,Irrigation Prohibited (Risk of Waterlogging),None,Forecasted moisture (75.6%) indicates near-saturated conditions (> 65.0%).,2025-08-28 20:00:00,2025-08-29 20:00:00
75.19,SATURATION / EXCESS,Irrigation Prohibited (Risk of Waterlogging),None,Forecasted moisture (75.2%) indicates near-saturated conditions (> 65.0%).,2025-08-28 21:00:00,2025-08-29 21:00:00
74.48,SATURATION / EXCESS,Irrigation Prohibited (Risk of Waterlogging),None,Forecasted moisture (74.5%) indicates near-saturated conditions (> 65.0%).,2025-08-28 22:00:00,2025-08-29 22:00:00
74.13,SATURATION / EXCESS,Irrigation Prohibited (Risk of Waterlogging),None,Forecasted moisture (74.1%) indicates near-saturated conditions (> 65.0%).,2025-08-28 23:00:00,2025-08-29 23:00:00
73.07,SATURATION / EXCESS,Irrigation Prohibited (Risk of Waterlogging),None,Forecasted moisture (73.1%) indicates near-saturated conditions (> 65.0%).,2025-08-29 00:00:00,2025-08-30 00:00:00
73.03,SATURATION / EXCESS,Irrigation Prohibited (Risk of Waterlogging),None,Forecasted moisture (73.0%) indicates near-saturated conditions (> 65.0%).,2025-08-29 01:00:00,2025-08-30 01:00:00
72.97,SATURATION / EXCESS,Irrigation Prohibited (Risk of Waterlogging),None,Forecasted moisture (73.0%) indicates near-saturated conditions (> 65.0%).,2025-08-29 02:00:00,2025-08-30 02:00:00
83.86,SATURATION / EXCESS,Irrigation Prohibited (Risk of Waterlogging),None,Forecasted moisture (83.9%) indicates near-saturated conditions (> 65.0%).,2025-08-29 03:00:00,2025-08-30 03:00:00
83.85,SATURATION / EXCESS,Irrigation Prohibited (Risk of Waterlogging),None,Forecasted moisture (83.8%) indicates near-saturated conditions (> 65.0%).,2025-08-29 04:00:00,2025-08-30 04:00:00
82.54,SATURATION / EXCESS,Irrigation Prohibited (Risk of Waterlogging),None,Forecasted moisture (82.5%) indicates near-saturated conditions (> 65.0%).,2025-08-29 05:00:00,2025-08-30 05:00:00
84.5,SATURATION / EXCESS,Irrigation Prohibited (Risk of Waterlogging),None,Forecasted moisture (84.5%) indicates near-saturated conditions (> 65.0%).,2025-08-29 06:00:00,2025-08-30 06:00:00
84.49,SATURATION / EXCESS,Irrigation Prohibited (Risk of Waterlogging),None,Forecasted moisture (84.5%) indicates near-saturated conditions (> 65.0%).,2025-08-29 07:00:00,2025-08-30 07:00:00
82.78,SATURATION / EXCESS,Irrigation Prohibited (Risk of Waterlogging),None,Forecasted moisture (82.8%) indicates near-saturated conditions (> 65.0%).,2025-08-29 08:00:00,2025-08-30 08:00:00
82.01,SATURATION / EXCESS,Irrigation Prohibited (Risk of Waterlogging),None,Forecasted moisture (82.0%) indicates near-saturated conditions (> 65.0%).,2025-08-29 09:00:00,2025-08-30 09:00:00
81.97,SATURATION / EXCESS,Irrigation Prohibited (Risk of Waterlogging),None,Forecasted moisture (82.0%) indicates near-saturated conditions (> 65.0%).,2025-08-29 10:00:00,2025-08-30 10:00:00
81.91,SATURATION / EXCESS,Irrigation Prohibited (Risk of Waterlogging),None,Forecasted moisture (81.9%) indicates near-saturated conditions (> 65.0%).,2025-08-29 11:00:00,2025-08-30 11:00:00
81.79,SATURATION / EXCESS,Irrigation Prohibited (Risk of Waterlogging),None,Forecasted moisture (81.8%) indicates near-saturated conditions (> 65.0%).,2025-08-29 12:00:00,2025-08-30 12:00:00
80.73,SATURATION / EXCESS,Irrigation Prohibited (Risk of Waterlogging),None,Forecasted moisture (80.7%) indicates near-saturated conditions (> 65.0%).,2025-08-29 13:00:00,2025-08-30 13:00:00
79.24,SATURATION / EXCESS,Irrigation Prohibited (Risk of Waterlogging),None,Forecasted moisture (79.2%) indicates near-saturated conditions (> 65.0%).,2025-08-29 14:00:00,2025-08-30 14:00:00
67.58,SATURATION / EXCESS,Irrigation Prohibited (Risk of Waterlogging),None,Forecasted moisture (67.6%) indicates near-saturated conditions (> 65.0%).,2025-08-29 15:00:00,2025-08-30 15:00:00
67.42,SATURATION / EXCESS,Irrigation Prohibited (Risk of Waterlogging),None,Forecasted moisture (67.4%) indicates near-saturated conditions (> 65.0%).,2025-08-29 16:00:00,2025-08-30 16:00:00
65.13,SATURATION / EXCESS,Irrigation Prohibited (Risk of Waterlogging),None,Forecasted moisture (65.1%) indicates near-saturated conditions (> 65.0%).,2025-08-29 17:00:00,2025-08-30 17:00:00
65.06,SATURATION / EXCESS,Irrigation Prohibited (Risk of Waterlogging),None,Forecasted moisture (65.1%) indicates near-saturated conditions (> 65.0%).,2025-08-29 18:00:00,2025-08-30 18:00:00
64.16,OPTIMAL MOISTURE,No Irrigation Required,None,Forecasted moisture (64.2%) is within optimal agronomic field capacity (35.0% - 65.0%).,2025-08-29 19:00:00,2025-08-30 19:00:00
64.86,OPTIMAL MOISTURE,No Irrigation Required,None,Forecasted moisture (64.9%) is within optimal agronomic field capacity (35.0% - 65.0%).,2025-08-29 20:00:00,2025-08-30 20:00:00
64.89,OPTIMAL MOISTURE,No Irrigation Required,None,Forecasted moisture (64.9%) is within optimal agronomic field capacity (35.0% - 65.0%).,2025-08-29 21:00:00,2025-08-30 21:00:00
64.91,OPTIMAL MOISTURE,No Irrigation Required,None,Forecasted moisture (64.9%) is within optimal agronomic field capacity (35.0% - 65.0%).,2025-08-29 22:00:00,2025-08-30 22:00:00
63.2,OPTIMAL MOISTURE,No Irrigation Required,None,Forecasted moisture (63.2%) is within optimal agronomic field capacity (35.0% - 65.0%).,2025-08-29 23:00:00,2025-08-30 23:00:00
62.96,OPTIMAL MOISTURE,No Irrigation Required,None,Forecasted moisture (63.0%) is within optimal agronomic field capacity (35.0% - 65.0%).,2025-08-30 00:00:00,2025-08-31 00:00:00
61.41,OPTIMAL MOISTURE,No Irrigation Required,None,Forecasted moisture (61.4%) is within optimal agronomic field capacity (35.0% - 65.0%).,2025-08-30 01:00:00,2025-08-31 01:00:00
62.2,OPTIMAL MOISTURE,No Irrigation Required,None,Forecasted moisture (62.2%) is within optimal agronomic field capacity (35.0% - 65.0%).,2025-08-30 02:00:00,2025-08-31 02:00:00
62.44,OPTIMAL MOISTURE,No Irrigation Required,None,Forecasted moisture (62.4%) is within optimal agronomic field capacity (35.0% - 65.0%).,2025-08-30 03:00:00,2025-08-31 03:00:00
62.45,OPTIMAL MOISTURE,No Irrigation Required,None,Forecasted moisture (62.5%) is within optimal agronomic field capacity (35.0% - 65.0%).,2025-08-30 04:00:00,2025-08-31 04:00:00
62.25,OPTIMAL MOISTURE,No Irrigation Required,None,Forecasted moisture (62.2%) is within optimal agronomic field capacity (35.0% - 65.0%).,2025-08-30 05:00:00,2025-08-31 05:00:00
62.74,OPTIMAL MOISTURE,No Irrigation Required,None,Forecasted moisture (62.7%) is within optimal agronomic field capacity (35.0% - 65.0%).,2025-08-30 06:00:00,2025-08-31 06:00:00
64.52,OPTIMAL MOISTURE,No Irrigation Required,None,Forecasted moisture (64.5%) is within optimal agronomic field capacity (35.0% - 65.0%).,2025-08-30 07:00:00,2025-08-31 07:00:00
63.92,OPTIMAL MOISTURE,No Irrigation Required,None,Forecasted moisture (63.9%) is within optimal agronomic field capacity (35.0% - 65.0%).,2025-08-30 08:00:00,2025-08-31 08:00:00
63.95,OPTIMAL MOISTURE,No Irrigation Required,None,Forecasted moisture (63.9%) is within optimal agronomic field capacity (35.0% - 65.0%).,2025-08-30 09:00:00,2025-08-31 09:00:00
63.64,OPTIMAL MOISTURE,No Irrigation Required,None,Forecasted moisture (63.6%) is within optimal agronomic field capacity (35.0% - 65.0%).,2025-08-30 10:00:00,2025-08-31 10:00:00
63.42,OPTIMAL MOISTURE,No Irrigation Required,None,Forecasted moisture (63.4%) is within optimal agronomic field capacity (35.0% - 65.0%).,2025-08-30 11:00:00,2025-08-31 11:00:00
63.24,OPTIMAL MOISTURE,No Irrigation Required,None,Forecasted moisture (63.2%) is within optimal agronomic field capacity (35.0% - 65.0%).,2025-08-30 12:00:00,2025-08-31 12:00:00
63.21,OPTIMAL MOISTURE,No Irrigation Required,None,Forecasted moisture (63.2%) is within optimal agronomic field capacity (35.0% - 65.0%).,2025-08-30 13:00:00,2025-08-31 13:00:00
63.27,OPTIMAL MOISTURE,No Irrigation Required,None,Forecasted moisture (63.3%) is within optimal agronomic field capacity (35.0% - 65.0%).,2025-08-30 14:00:00,2025-08-31 14:00:00
63.31,OPTIMAL MOISTURE,No Irrigation Required,None,Forecasted moisture (63.3%) is within optimal agronomic field capacity (35.0% - 65.0%).,2025-08-30 15:00:00,2025-08-31 15:00:00
63.37,OPTIMAL MOISTURE,No Irrigation Required,None,Forecasted moisture (63.4%) is within optimal agronomic field capacity (35.0% - 65.0%).,2025-08-30 16:00:00,2025-08-31 16:00:00
62.1,OPTIMAL MOISTURE,No Irrigation Required,None,Forecasted moisture (62.1%) is within optimal agronomic field capacity (35.0% - 65.0%).,2025-08-30 17:00:00,2025-08-31 17:00:00
62.01,OPTIMAL MOISTURE,No Irrigation Required,None,Forecasted moisture (62.0%) is within optimal agronomic field capacity (35.0% - 65.0%).,2025-08-30 18:00:00,2025-08-31 18:00:00
61.79,OPTIMAL MOISTURE,No Irrigation Required,None,Forecasted moisture (61.8%) is within optimal agronomic field capacity (35.0% - 65.0%).,2025-08-30 19:00:00,2025-08-31 19:00:00
61.95,OPTIMAL MOISTURE,No Irrigation Required,None,Forecasted moisture (62.0%) is within optimal agronomic field capacity (35.0% - 65.0%).,2025-08-30 20:00:00,2025-08-31 20:00:00
62.18,OPTIMAL MOISTURE,No Irrigation Required,None,Forecasted moisture (62.2%) is within optimal agronomic field capacity (35.0% - 65.0%).,2025-08-30 21:00:00,2025-08-31 21:00:00
60.87,OPTIMAL MOISTURE,No Irrigation Required,None,Forecasted moisture (60.9%) is within optimal agronomic field capacity (35.0% - 65.0%).,2025-08-30 22:00:00,2025-08-31 22:00:00
63.31,OPTIMAL MOISTURE,No Irrigation Required,None,Forecasted moisture (63.3%) is within optimal agronomic field capacity (35.0% - 65.0%).,2025-08-30 23:00:00,2025-08-31 23:00:00
63.27,OPTIMAL MOISTURE,No Irrigation Required,None,Forecasted moisture (63.3%) is within optimal agronomic field capacity (35.0% - 65.0%).,2025-08-31 00:00:00,2025-09-01 00:00:00
63.55,OPTIMAL MOISTURE,No Irrigation Required,None,Forecasted moisture (63.6%) is within optimal agronomic field capacity (35.0% - 65.0%).,2025-08-31 01:00:00,2025-09-01 01:00:00
63.59,OPTIMAL MOISTURE,No Irrigation Required,None,Forecasted moisture (63.6%) is within optimal agronomic field capacity (35.0% - 65.0%).,2025-08-31 02:00:00,2025-09-01 02:00:00
63.82,OPTIMAL MOISTURE,No Irrigation Required,None,Forecasted moisture (63.8%) is within optimal agronomic field capacity (35.0% - 65.0%).,2025-08-31 03:00:00,2025-09-01 03:00:00
63.97,OPTIMAL MOISTURE,No Irrigation Required,None,Forecasted moisture (64.0%) is within optimal agronomic field capacity (35.0% - 65.0%).,2025-08-31 04:00:00,2025-09-01 04:00:00
64.04,OPTIMAL MOISTURE,No Irrigation Required,None,Forecasted moisture (64.0%) is within optimal agronomic field capacity (35.0% - 65.0%).,2025-08-31 05:00:00,2025-09-01 05:00:00
74.36,SATURATION / EXCESS,Irrigation Prohibited (Risk of Waterlogging),None,Forecasted moisture (74.4%) indicates near-saturated conditions (> 65.0%).,2025-08-31 06:00:00,2025-09-01 06:00:00
74.15,SATURATION / EXCESS,Irrigation Prohibited (Risk of Waterlogging),None,Forecasted moisture (74.2%) indicates near-saturated conditions (> 65.0%).,2025-08-31 07:00:00,2025-09-01 07:00:00
73.79,SATURATION / EXCESS,Irrigation Prohibited (Risk of Waterlogging),None,Forecasted moisture (73.8%) indicates near-saturated conditions (> 65.0%).,2025-08-31 08:00:00,2025-09-01 08:00:00
71.37,SATURATION / EXCESS,Irrigation Prohibited (Risk of Waterlogging),None,Forecasted moisture (71.4%) indicates near-saturated conditions (> 65.0%).,2025-08-31 09:00:00,2025-09-01 09:00:00
70.98,SATURATION / EXCESS,Irrigation Prohibited (Risk of Waterlogging),None,Forecasted moisture (71.0%) indicates near-saturated conditions (> 65.0%).,2025-08-31 10:00:00,2025-09-01 10:00:00
71.57,SATURATION / EXCESS,Irrigation Prohibited (Risk of Waterlogging),None,Forecasted moisture (71.6%) indicates near-saturated conditions (> 65.0%).,2025-08-31 11:00:00,2025-09-01 11:00:00
71.72,SATURATION / EXCESS,Irrigation Prohibited (Risk of Waterlogging),None,Forecasted moisture (71.7%) indicates near-saturated conditions (> 65.0%).,2025-08-31 12:00:00,2025-09-01 12:00:00
61.76,OPTIMAL MOISTURE,No Irrigation Required,None,Forecasted moisture (61.8%) is within optimal agronomic field capacity (35.0% - 65.0%).,2025-09-01 03:00:00,2025-09-02 03:00:00
60.08,OPTIMAL MOISTURE,No Irrigation Required,None,Forecasted moisture (60.1%) is within optimal agronomic field capacity (35.0% - 65.0%).,2025-09-01 04:00:00,2025-09-02 04:00:00
59.65,OPTIMAL MOISTURE,No Irrigation Required,None,Forecasted moisture (59.7%) is within optimal agronomic field capacity (35.0% - 65.0%).,2025-09-01 05:00:00,2025-09-02 05:00:00
59.2,OPTIMAL MOISTURE,No Irrigation Required,None,Forecasted moisture (59.2%) is within optimal agronomic field capacity (35.0% - 65.0%).,2025-09-01 06:00:00,2025-09-02 06:00:00
59.24,OPTIMAL MOISTURE,No Irrigation Required,None,Forecasted moisture (59.2%) is within optimal agronomic field capacity (35.0% - 65.0%).,2025-09-01 07:00:00,2025-09-02 07:00:00
59.07,OPTIMAL MOISTURE,No Irrigation Required,None,Forecasted moisture (59.1%) is within optimal agronomic field capacity (35.0% - 65.0%).,2025-09-01 08:00:00,2025-09-02 08:00:00
58.09,OPTIMAL MOISTURE,No Irrigation Required,None,Forecasted moisture (58.1%) is within optimal agronomic field capacity (35.0% - 65.0%).,2025-09-01 09:00:00,2025-09-02 09:00:00
58.13,OPTIMAL MOISTURE,No Irrigation Required,None,Forecasted moisture (58.1%) is within optimal agronomic field capacity (35.0% - 65.0%).,2025-09-01 10:00:00,2025-09-02 10:00:00
56.76,OPTIMAL MOISTURE,No Irrigation Required,None,Forecasted moisture (56.8%) is within optimal agronomic field capacity (35.0% - 65.0%).,2025-09-01 11:00:00,2025-09-02 11:00:00
57.6,OPTIMAL MOISTURE,No Irrigation Required,None,Forecasted moisture (57.6%) is within optimal agronomic field capacity (35.0% - 65.0%).,2025-09-01 12:00:00,2025-09-02 12:00:00
58.72,OPTIMAL MOISTURE,No Irrigation Required,None,Forecasted moisture (58.7%) is within optimal agronomic field capacity (35.0% - 65.0%).,2025-09-01 13:00:00,2025-09-02 13:00:00
58.91,OPTIMAL MOISTURE,No Irrigation Required,None,Forecasted moisture (58.9%) is within optimal agronomic field capacity (35.0% - 65.0%).,2025-09-01 14:00:00,2025-09-02 14:00:00
58.6,OPTIMAL MOISTURE,No Irrigation Required,None,Forecasted moisture (58.6%) is within optimal agronomic field capacity (35.0% - 65.0%).,2025-09-01 15:00:00,2025-09-02 15:00:00
58.87,OPTIMAL MOISTURE,No Irrigation Required,None,Forecasted moisture (58.9%) is within optimal agronomic field capacity (35.0% - 65.0%).,2025-09-01 16:00:00,2025-09-02 16:00:00
59.07,OPTIMAL MOISTURE,No Irrigation Required,None,Forecasted moisture (59.1%) is within optimal agronomic field capacity (35.0% - 65.0%).,2025-09-01 17:00:00,2025-09-02 17:00:00
59.05,OPTIMAL MOISTURE,No Irrigation Required,None,Forecasted moisture (59.1%) is within optimal agronomic field capacity (35.0% - 65.0%).,2025-09-01 18:00:00,2025-09-02 18:00:00
58.88,OPTIMAL MOISTURE,No Irrigation Required,None,Forecasted moisture (58.9%) is within optimal agronomic field capacity (35.0% - 65.0%).,2025-09-01 19:00:00,2025-09-02 19:00:00
58.24,OPTIMAL MOISTURE,No Irrigation Required,None,Forecasted moisture (58.2%) is within optimal agronomic field capacity (35.0% - 65.0%).,2025-09-01 20:00:00,2025-09-02 20:00:00
58.03,OPTIMAL MOISTURE,No Irrigation Required,None,Forecasted moisture (58.0%) is within optimal agronomic field capacity (35.0% - 65.0%).,2025-09-01 21:00:00,2025-09-02 21:00:00
56.64,OPTIMAL MOISTURE,No Irrigation Required,None,Forecasted moisture (56.6%) is within optimal agronomic field capacity (35.0% - 65.0%).,2025-09-01 22:00:00,2025-09-02 22:00:00
55.92,OPTIMAL MOISTURE,No Irrigation Required,None,Forecasted moisture (55.9%) is within optimal agronomic field capacity (35.0% - 65.0%).,2025-09-01 23:00:00,2025-09-02 23:00:00
55.97,OPTIMAL MOISTURE,No Irrigation Required,None,Forecasted moisture (56.0%) is within optimal agronomic field capacity (35.0% - 65.0%).,2025-09-02 00:00:00,2025-09-03 00:00:00
55.76,OPTIMAL MOISTURE,No Irrigation Required,None,Forecasted moisture (55.8%) is within optimal agronomic field capacity (35.0% - 65.0%).,2025-09-02 01:00:00,2025-09-03 01:00:00
53.67,OPTIMAL MOISTURE,No Irrigation Required,None,Forecasted moisture (53.7%) is within optimal agronomic field capacity (35.0% - 65.0%).,2025-09-02 02:00:00,2025-09-03 02:00:00
52.96,OPTIMAL MOISTURE,No Irrigation Required,None,Forecasted moisture (53.0%) is within optimal agronomic field capacity (35.0% - 65.0%).,2025-09-02 03:00:00,2025-09-03 03:00:00
52.34,OPTIMAL MOISTURE,No Irrigation Required,None,Forecasted moisture (52.3%) is within optimal agronomic field capacity (35.0% - 65.0%).,2025-09-02 04:00:00,2025-09-03 04:00:00
51.27,OPTIMAL MOISTURE,No Irrigation Required,None,Forecasted moisture (51.3%) is within optimal agronomic field capacity (35.0% - 65.0%).,2025-09-02 05:00:00,2025-09-03 05:00:00
51.04,OPTIMAL MOISTURE,No Irrigation Required,None,Forecasted moisture (51.0%) is within optimal agronomic field capacity (35.0% - 65.0%).,2025-09-02 06:00:00,2025-09-03 06:00:00
47.69,OPTIMAL MOISTURE,No Irrigation Required,None,Forecasted moisture (47.7%) is within optimal agronomic field capacity (35.0% - 65.0%).,2025-09-02 07:00:00,2025-09-03 07:00:00
47.89,OPTIMAL MOISTURE,No Irrigation Required,None,Forecasted moisture (47.9%) is within optimal agronomic field capacity (35.0% - 65.0%).,2025-09-02 08:00:00,2025-09-03 08:00:00
47.65,OPTIMAL MOISTURE,No Irrigation Required,None,Forecasted moisture (47.6%) is within optimal agronomic field capacity (35.0% - 65.0%).,2025-09-02 09:00:00,2025-09-03 09:00:00
48.12,OPTIMAL MOISTURE,No Irrigation Required,None,Forecasted moisture (48.1%) is within optimal agronomic field capacity (35.0% - 65.0%).,2025-09-02 10:00:00,2025-09-03 10:00:00
48.19,OPTIMAL MOISTURE,No Irrigation Required,None,Forecasted moisture (48.2%) is within optimal agronomic field capacity (35.0% - 65.0%).,2025-09-02 11:00:00,2025-09-03 11:00:00
48.37,OPTIMAL MOISTURE,No Irrigation Required,None,Forecasted moisture (48.4%) is within optimal agronomic field capacity (35.0% - 65.0%).,2025-09-02 12:00:00,2025-09-03 12:00:00
48.59,OPTIMAL MOISTURE,No Irrigation Required,None,Forecasted moisture (48.6%) is within optimal agronomic field capacity (35.0% - 65.0%).,2025-09-02 13:00:00,2025-09-03 13:00:00
48.51,OPTIMAL MOISTURE,No Irrigation Required,None,Forecasted moisture (48.5%) is within optimal agronomic field capacity (35.0% - 65.0%).,2025-09-02 14:00:00,2025-09-03 14:00:00
48.66,OPTIMAL MOISTURE,No Irrigation Required,None,Forecasted moisture (48.7%) is within optimal agronomic field capacity (35.0% - 65.0%).,2025-09-02 15:00:00,2025-09-03 15:00:00
48.71,OPTIMAL MOISTURE,No Irrigation Required,None,Forecasted moisture (48.7%) is within optimal agronomic field capacity (35.0% - 65.0%).,2025-09-02 16:00:00,2025-09-03 16:00:00
46.3,OPTIMAL MOISTURE,No Irrigation Required,None,Forecasted moisture (46.3%) is within optimal agronomic field capacity (35.0% - 65.0%).,2025-09-02 17:00:00,2025-09-03 17:00:00
46.05,OPTIMAL MOISTURE,No Irrigation Required,None,Forecasted moisture (46.1%) is within optimal agronomic field capacity (35.0% - 65.0%).,2025-09-02 18:00:00,2025-09-03 18:00:00
46.14,OPTIMAL MOISTURE,No Irrigation Required,None,Forecasted moisture (46.1%) is within optimal agronomic field capacity (35.0% - 65.0%).,2025-09-02 19:00:00,2025-09-03 19:00:00
44.29,OPTIMAL MOISTURE,No Irrigation Required,None,Forecasted moisture (44.3%) is within optimal agronomic field capacity (35.0% - 65.0%).,2025-09-02 20:00:00,2025-09-03 20:00:00
43.99,OPTIMAL MOISTURE,No Irrigation Required,None,Forecasted moisture (44.0%) is within optimal agronomic field capacity (35.0% - 65.0%).,2025-09-02 21:00:00,2025-09-03 21:00:00
43.41,OPTIMAL MOISTURE,No Irrigation Required,None,Forecasted moisture (43.4%) is within optimal agronomic field capacity (35.0% - 65.0%).,2025-09-02 22:00:00,2025-09-03 22:00:00
42.7,OPTIMAL MOISTURE,No Irrigation Required,None,Forecasted moisture (42.7%) is within optimal agronomic field capacity (35.0% - 65.0%).,2025-09-02 23:00:00,2025-09-03 23:00:00
42.49,OPTIMAL MOISTURE,No Irrigation Required,None,Forecasted moisture (42.5%) is within optimal agronomic field capacity (35.0% - 65.0%).,2025-09-03 00:00:00,2025-09-04 00:00:00
43.13,OPTIMAL MOISTURE,No Irrigation Required,None,Forecasted moisture (43.1%) is within optimal agronomic field capacity (35.0% - 65.0%).,2025-09-03 01:00:00,2025-09-04 01:00:00
42.92,OPTIMAL MOISTURE,No Irrigation Required,None,Forecasted moisture (42.9%) is within optimal agronomic field capacity (35.0% - 65.0%).,2025-09-03 02:00:00,2025-09-04 02:00:00
43.17,OPTIMAL MOISTURE,No Irrigation Required,None,Forecasted moisture (43.2%) is within optimal agronomic field capacity (35.0% - 65.0%).,2025-09-03 03:00:00,2025-09-04 03:00:00
43.25,OPTIMAL MOISTURE,No Irrigation Required,None,Forecasted moisture (43.2%) is within optimal agronomic field capacity (35.0% - 65.0%).,2025-09-03 04:00:00,2025-09-04 04:00:00
43.44,OPTIMAL MOISTURE,No Irrigation Required,None,Forecasted moisture (43.4%) is within optimal agronomic field capacity (35.0% - 65.0%).,2025-09-03 05:00:00,2025-09-04 05:00:00
43.57,OPTIMAL MOISTURE,No Irrigation Required,None,Forecasted moisture (43.6%) is within optimal agronomic field capacity (35.0% - 65.0%).,2025-09-03 06:00:00,2025-09-04 06:00:00
43.69,OPTIMAL MOISTURE,No Irrigation Required,None,Forecasted moisture (43.7%) is within optimal agronomic field capacity (35.0% - 65.0%).,2025-09-03 07:00:00,2025-09-04 07:00:00
44.14,OPTIMAL MOISTURE,No Irrigation Required,None,Forecasted moisture (44.1%) is within optimal agronomic field capacity (35.0% - 65.0%).,2025-09-03 08:00:00,2025-09-04 08:00:00
45.01,OPTIMAL MOISTURE,No Irrigation Required,None,Forecasted moisture (45.0%) is within optimal agronomic field capacity (35.0% - 65.0%).,2025-09-03 09:00:00,2025-09-04 09:00:00
45.09,OPTIMAL MOISTURE,No Irrigation Required,None,Forecasted moisture (45.1%) is within optimal agronomic field capacity (35.0% - 65.0%).,2025-09-03 10:00:00,2025-09-04 10:00:00
45.43,OPTIMAL MOISTURE,No Irrigation Required,None,Forecasted moisture (45.4%) is within optimal agronomic field capacity (35.0% - 65.0%).,2025-09-03 11:00:00,2025-09-04 11:00:00
45.45,OPTIMAL MOISTURE,No Irrigation Required,None,Forecasted moisture (45.5%) is within optimal agronomic field capacity (35.0% - 65.0%).,2025-09-03 12:00:00,2025-09-04 12:00:00
45.54,OPTIMAL MOISTURE,No Irrigation Required,None,Forecasted moisture (45.5%) is within optimal agronomic field capacity (35.0% - 65.0%).,2025-09-03 13:00:00,2025-09-04 13:00:00
45.38,OPTIMAL MOISTURE,No Irrigation Required,None,Forecasted moisture (45.4%) is within optimal agronomic field capacity (35.0% - 65.0%).,2025-09-03 14:00:00,2025-09-04 14:00:00
45.31,OPTIMAL MOISTURE,No Irrigation Required,None,Forecasted moisture (45.3%) is within optimal agronomic field capacity (35.0% - 65.0%).,2025-09-03 15:00:00,2025-09-04 15:00:00
45.32,OPTIMAL MOISTURE,No Irrigation Required,None,Forecasted moisture (45.3%) is within optimal agronomic field capacity (35.0% - 65.0%).,2025-09-03 16:00:00,2025-09-04 16:00:00
44.35,OPTIMAL MOISTURE,No Irrigation Required,None,Forecasted moisture (44.4%) is within optimal agronomic field capacity (35.0% - 65.0%).,2025-09-03 17:00:00,2025-09-04 17:00:00
44.33,OPTIMAL MOISTURE,No Irrigation Required,None,Forecasted moisture (44.3%) is within optimal agronomic field capacity (35.0% - 65.0%).,2025-09-03 18:00:00,2025-09-04 18:00:00
44.51,OPTIMAL MOISTURE,No Irrigation Required,None,Forecasted moisture (44.5%) is within optimal agronomic field capacity (35.0% - 65.0%).,2025-09-03 19:00:00,2025-09-04 19:00:00
44.02,OPTIMAL MOISTURE,No Irrigation Required,None,Forecasted moisture (44.0%) is within optimal agronomic field capacity (35.0% - 65.0%).,2025-09-03 20:00:00,2025-09-04 20:00:00
43.54,OPTIMAL MOISTURE,No Irrigation Required,None,Forecasted moisture (43.5%) is within optimal agronomic field capacity (35.0% - 65.0%).,2025-09-03 21:00:00,2025-09-04 21:00:00
43.44,OPTIMAL MOISTURE,No Irrigation Required,None,Forecasted moisture (43.4%) is within optimal agronomic field capacity (35.0% - 65.0%).,2025-09-03 22:00:00,2025-09-04 22:00:00
41.13,OPTIMAL MOISTURE,No Irrigation Required,None,Forecasted moisture (41.1%) is within optimal agronomic field capacity (35.0% - 65.0%).,2025-09-03 23:00:00,2025-09-04 23:00:00
40.91,OPTIMAL MOISTURE,No Irrigation Required,None,Forecasted moisture (40.9%) is within optimal agronomic field capacity (35.0% - 65.0%).,2025-09-04 00:00:00,2025-09-05 00:00:00
40.47,OPTIMAL MOISTURE,No Irrigation Required,None,Forecasted moisture (40.5%) is within optimal agronomic field capacity (35.0% - 65.0%).,2025-09-04 01:00:00,2025-09-05 01:00:00
40.51,OPTIMAL MOISTURE,No Irrigation Required,None,Forecasted moisture (40.5%) is within optimal agronomic field capacity (35.0% - 65.0%).,2025-09-04 02:00:00,2025-09-05 02:00:00
41.05,OPTIMAL MOISTURE,No Irrigation Required,None,Forecasted moisture (41.0%) is within optimal agronomic field capacity (35.0% - 65.0%).,2025-09-04 03:00:00,2025-09-05 03:00:00
41.58,OPTIMAL MOISTURE,No Irrigation Required,None,Forecasted moisture (41.6%) is within optimal agronomic field capacity (35.0% - 65.0%).,2025-09-04 04:00:00,2025-09-05 04:00:00
41.65,OPTIMAL MOISTURE,No Irrigation Required,None,Forecasted moisture (41.6%) is within optimal agronomic field capacity (35.0% - 65.0%).,2025-09-04 05:00:00,2025-09-05 05:00:00
41.49,OPTIMAL MOISTURE,No Irrigation Required,None,Forecasted moisture (41.5%) is within optimal agronomic field capacity (35.0% - 65.0%).,2025-09-04 06:00:00,2025-09-05 06:00:00
41.64,OPTIMAL MOISTURE,No Irrigation Required,None,Forecasted moisture (41.6%) is within optimal agronomic field capacity (35.0% - 65.0%).,2025-09-04 07:00:00,2025-09-05 07:00:00
41.24,OPTIMAL MOISTURE,No Irrigation Required,None,Forecasted moisture (41.2%) is within optimal agronomic field capacity (35.0% - 65.0%).,2025-09-04 08:00:00,2025-09-05 08:00:00
41.89,OPTIMAL MOISTURE,No Irrigation Required,None,Forecasted moisture (41.9%) is within optimal agronomic field capacity (35.0% - 65.0%).,2025-09-04 09:00:00,2025-09-05 09:00:00
41.84,OPTIMAL MOISTURE,No Irrigation Required,None,Forecasted moisture (41.8%) is within optimal agronomic field capacity (35.0% - 65.0%).,2025-09-04 10:00:00,2025-09-05 10:00:00
41.6,OPTIMAL MOISTURE,No Irrigation Required,None,Forecasted moisture (41.6%) is within optimal agronomic field capacity (35.0% - 65.0%).,2025-09-04 11:00:00,2025-09-05 11:00:00
41.47,OPTIMAL MOISTURE,No Irrigation Required,None,Forecasted moisture (41.5%) is within optimal agronomic field capacity (35.0% - 65.0%).,2025-09-04 12:00:00,2025-09-05 12:00:00
41.45,OPTIMAL MOISTURE,No Irrigation Required,None,Forecasted moisture (41.4%) is within optimal agronomic field capacity (35.0% - 65.0%).,2025-09-04 13:00:00,2025-09-05 13:00:00
41.34,OPTIMAL MOISTURE,No Irrigation Required,None,Forecasted moisture (41.3%) is within optimal agronomic field capacity (35.0% - 65.0%).,2025-09-04 14:00:00,2025-09-05 14:00:00
40.48,OPTIMAL MOISTURE,No Irrigation Required,None,Forecasted moisture (40.5%) is within optimal agronomic field capacity (35.0% - 65.0%).,2025-09-04 15:00:00,2025-09-05 15:00:00
40.49,OPTIMAL MOISTURE,No Irrigation Required,None,Forecasted moisture (40.5%) is within optimal agronomic field capacity (35.0% - 65.0%).,2025-09-04 16:00:00,2025-09-05 16:00:00
40.34,OPTIMAL MOISTURE,No Irrigation Required,None,Forecasted moisture (40.3%) is within optimal agronomic field capacity (35.0% - 65.0%).,2025-09-04 17:00:00,2025-09-05 17:00:00
40.26,OPTIMAL MOISTURE,No Irrigation Required,None,Forecasted moisture (40.3%) is within optimal agronomic field capacity (35.0% - 65.0%).,2025-09-04 18:00:00,2025-09-05 18:00:00
41.59,OPTIMAL MOISTURE,No Irrigation Required,None,Forecasted moisture (41.6%) is within optimal agronomic field capacity (35.0% - 65.0%).,2025-09-04 19:00:00,2025-09-05 19:00:00
39.53,OPTIMAL MOISTURE,No Irrigation Required,None,Forecasted moisture (39.5%) is within optimal agronomic field capacity (35.0% - 65.0%).,2025-09-04 20:00:00,2025-09-05 20:00:00
41.38,OPTIMAL MOISTURE,No Irrigation Required,None,Forecasted moisture (41.4%) is within optimal agronomic field capacity (35.0% - 65.0%).,2025-09-04 21:00:00,2025-09-05 21:00:00
41.58,OPTIMAL MOISTURE,No Irrigation Required,None,Forecasted moisture (41.6%) is within optimal agronomic field capacity (35.0% - 65.0%).,2025-09-04 22:00:00,2025-09-05 22:00:00
40.98,OPTIMAL MOISTURE,No Irrigation Required,None,Forecasted moisture (41.0%) is within optimal agronomic field capacity (35.0% - 65.0%).,2025-09-04 23:00:00,2025-09-05 23:00:00
37.11,OPTIMAL MOISTURE,No Irrigation Required,None,Forecasted moisture (37.1%) is within optimal agronomic field capacity (35.0% - 65.0%).,2025-09-05 00:00:00,2025-09-06 00:00:00
31.3,MOISTURE DEFICIT,Irrigation Recommended,Medium,Forecasted moisture (31.3%) falls below optimal threshold (35.0%).,2025-09-05 01:00:00,2025-09-06 01:00:00
31.38,MOISTURE DEFICIT,Irrigation Recommended,Medium,Forecasted moisture (31.4%) falls below optimal threshold (35.0%).,2025-09-05 02:00:00,2025-09-06 02:00:00
31.37,MOISTURE DEFICIT,Irrigation Recommended,Medium,Forecasted moisture (31.4%) falls below optimal threshold (35.0%).,2025-09-05 03:00:00,2025-09-06 03:00:00
33.78,MOISTURE DEFICIT,Irrigation Recommended,Medium,Forecasted moisture (33.8%) falls below optimal threshold (35.0%).,2025-09-05 04:00:00,2025-09-06 04:00:00
31.93,MOISTURE DEFICIT,Irrigation Recommended,Medium,Forecasted moisture (31.9%) falls below optimal threshold (35.0%).,2025-09-05 05:00:00,2025-09-06 05:00:00
31.47,MOISTURE DEFICIT,Irrigation Recommended,Medium,Forecasted moisture (31.5%) falls below optimal threshold (35.0%).,2025-09-05 06:00:00,2025-09-06 06:00:00
31.44,MOISTURE DEFICIT,Irrigation Recommended,Medium,Forecasted moisture (31.4%) falls below optimal threshold (35.0%).,2025-09-05 07:00:00,2025-09-06 07:00:00
31.48,MOISTURE DEFICIT,Irrigation Recommended,Medium,Forecasted moisture (31.5%) falls below optimal threshold (35.0%).,2025-09-05 08:00:00,2025-09-06 08:00:00
30.92,MOISTURE DEFICIT,Irrigation Recommended,Medium,Forecasted moisture (30.9%) falls below optimal threshold (35.0%).,2025-09-05 09:00:00,2025-09-06 09:00:00
33.62,MOISTURE DEFICIT,Irrigation Recommended,Medium,Forecasted moisture (33.6%) falls below optimal threshold (35.0%).,2025-09-05 10:00:00,2025-09-06 10:00:00
33.5,MOISTURE DEFICIT,Irrigation Recommended,Medium,Forecasted moisture (33.5%) falls below optimal threshold (35.0%).,2025-09-05 11:00:00,2025-09-06 11:00:00
33.54,MOISTURE DEFICIT,Irrigation Recommended,Medium,Forecasted moisture (33.5%) falls below optimal threshold (35.0%).,2025-09-05 12:00:00,2025-09-06 12:00:00
32.89,MOISTURE DEFICIT,Irrigation Recommended,Medium,Forecasted moisture (32.9%) falls below optimal threshold (35.0%).,2025-09-05 13:00:00,2025-09-06 13:00:00
32.84,MOISTURE DEFICIT,Irrigation Recommended,Medium,Forecasted moisture (32.8%) falls below optimal threshold (35.0%).,2025-09-05 14:00:00,2025-09-06 14:00:00
33.11,MOISTURE DEFICIT,Irrigation Recommended,Medium,Forecasted moisture (33.1%) falls below optimal threshold (35.0%).,2025-09-05 15:00:00,2025-09-06 15:00:00
32.95,MOISTURE DEFICIT,Irrigation Recommended,Medium,Forecasted moisture (33.0%) falls below optimal threshold (35.0%).,2025-09-05 16:00:00,2025-09-06 16:00:00
30.88,MOISTURE DEFICIT,Irrigation Recommended,Medium,Forecasted moisture (30.9%) falls below optimal threshold (35.0%).,2025-09-05 17:00:00,2025-09-06 17:00:00
30.57,MOISTURE DEFICIT,Irrigation Recommended,Medium,Forecasted moisture (30.6%) falls below optimal threshold (35.0%).,2025-09-05 18:00:00,2025-09-06 18:00:00
30.49,MOISTURE DEFICIT,Irrigation Recommended,Medium,Forecasted moisture (30.5%) falls below optimal threshold (35.0%).,2025-09-05 19:00:00,2025-09-06 19:00:00
30.02,MOISTURE DEFICIT,Irrigation Recommended,Medium,Forecasted moisture (30.0%) falls below optimal threshold (35.0%).,2025-09-05 20:00:00,2025-09-06 20:00:00
32.13,MOISTURE DEFICIT,Irrigation Recommended,Medium,Forecasted moisture (32.1%) falls below optimal threshold (35.0%).,2025-09-05 21:00:00,2025-09-06 21:00:00
32.92,MOISTURE DEFICIT,Irrigation Recommended,Medium,Forecasted moisture (32.9%) falls below optimal threshold (35.0%).,2025-09-05 22:00:00,2025-09-06 22:00:00
33.44,MOISTURE DEFICIT,Irrigation Recommended,Medium,Forecasted moisture (33.4%) falls below optimal threshold (35.0%).,2025-09-05 23:00:00,2025-09-06 23:00:00
33.36,MOISTURE DEFICIT,Irrigation Recommended,Medium,Forecasted moisture (33.4%) falls below optimal threshold (35.0%).,2025-09-06 00:00:00,2025-09-07 00:00:00
32.92,MOISTURE DEFICIT,Irrigation Recommended,Medium,Forecasted moisture (32.9%) falls below optimal threshold (35.0%).,2025-09-06 01:00:00,2025-09-07 01:00:00
30.86,MOISTURE DEFICIT,Irrigation Recommended,Medium,Forecasted moisture (30.9%) falls below optimal threshold (35.0%).,2025-09-06 02:00:00,2025-09-07 02:00:00
31.03,MOISTURE DEFICIT,Irrigation Recommended,Medium,Forecasted moisture (31.0%) falls below optimal threshold (35.0%).,2025-09-06 03:00:00,2025-09-07 03:00:00
30.71,MOISTURE DEFICIT,Irrigation Recommended,Medium,Forecasted moisture (30.7%) falls below optimal threshold (35.0%).,2025-09-06 04:00:00,2025-09-07 04:00:00
30.84,MOISTURE DEFICIT,Irrigation Recommended,Medium,Forecasted moisture (30.8%) falls below optimal threshold (35.0%).,2025-09-06 05:00:00,2025-09-07 05:00:00
31.09,MOISTURE DEFICIT,Irrigation Recommended,Medium,Forecasted moisture (31.1%) falls below optimal threshold (35.0%).,2025-09-06 06:00:00,2025-09-07 06:00:00
30.73,MOISTURE DEFICIT,Irrigation Recommended,Medium,Forecasted moisture (30.7%) falls below optimal threshold (35.0%).,2025-09-06 07:00:00,2025-09-07 07:00:00
33.45,MOISTURE DEFICIT,Irrigation Recommended,Medium,Forecasted moisture (33.5%) falls below optimal threshold (35.0%).,2025-09-06 08:00:00,2025-09-07 08:00:00
33.53,MOISTURE DEFICIT,Irrigation Recommended,Medium,Forecasted moisture (33.5%) falls below optimal threshold (35.0%).,2025-09-06 09:00:00,2025-09-07 09:00:00
33.51,MOISTURE DEFICIT,Irrigation Recommended,Medium,Forecasted moisture (33.5%) falls below optimal threshold (35.0%).,2025-09-06 10:00:00,2025-09-07 10:00:00
33.86,MOISTURE DEFICIT,Irrigation Recommended,Medium,Forecasted moisture (33.9%) falls below optimal threshold (35.0%).,2025-09-06 11:00:00,2025-09-07 11:00:00
33.74,MOISTURE DEFICIT,Irrigation Recommended,Medium,Forecasted moisture (33.7%) falls below optimal threshold (35.0%).,2025-09-06 12:00:00,2025-09-07 12:00:00
31.92,MOISTURE DEFICIT,Irrigation Recommended,Medium,Forecasted moisture (31.9%) falls below optimal threshold (35.0%).,2025-09-06 13:00:00,2025-09-07 13:00:00
31.73,MOISTURE DEFICIT,Irrigation Recommended,Medium,Forecasted moisture (31.7%) falls below optimal threshold (35.0%).,2025-09-06 14:00:00,2025-09-07 14:00:00
31.53,MOISTURE DEFICIT,Irrigation Recommended,Medium,Forecasted moisture (31.5%) falls below optimal threshold (35.0%).,2025-09-06 15:00:00,2025-09-07 15:00:00
31.5,MOISTURE DEFICIT,Irrigation Recommended,Medium,Forecasted moisture (31.5%) falls below optimal threshold (35.0%).,2025-09-06 16:00:00,2025-09-07 16:00:00
31.44,MOISTURE DEFICIT,Irrigation Recommended,Medium,Forecasted moisture (31.4%) falls below optimal threshold (35.0%).,2025-09-06 17:00:00,2025-09-07 17:00:00
31.41,MOISTURE DEFICIT,Irrigation Recommended,Medium,Forecasted moisture (31.4%) falls below optimal threshold (35.0%).,2025-09-06 18:00:00,2025-09-07 18:00:00
31.4,MOISTURE DEFICIT,Irrigation Recommended,Medium,Forecasted moisture (31.4%) falls below optimal threshold (35.0%).,2025-09-06 19:00:00,2025-09-07 19:00:00
26.68,MOISTURE DEFICIT,Irrigation Recommended,Medium,Forecasted moisture (26.7%) falls below optimal threshold (35.0%).,2025-09-06 20:00:00,2025-09-07 20:00:00
26.69,MOISTURE DEFICIT,Irrigation Recommended,Medium,Forecasted moisture (26.7%) falls below optimal threshold (35.0%).,2025-09-06 21:00:00,2025-09-07 21:00:00
26.77,MOISTURE DEFICIT,Irrigation Recommended,Medium,Forecasted moisture (26.8%) falls below optimal threshold (35.0%).,2025-09-06 22:00:00,2025-09-07 22:00:00
26.96,MOISTURE DEFICIT,Irrigation Recommended,Medium,Forecasted moisture (27.0%) falls below optimal threshold (35.0%).,2025-09-06 23:00:00,2025-09-07 23:00:00
26.71,MOISTURE DEFICIT,Irrigation Recommended,Medium,Forecasted moisture (26.7%) falls below optimal threshold (35.0%).,2025-09-07 00:00:00,2025-09-08 00:00:00
26.72,MOISTURE DEFICIT,Irrigation Recommended,Medium,Forecasted moisture (26.7%) falls below optimal threshold (35.0%).,2025-09-07 01:00:00,2025-09-08 01:00:00
26.57,MOISTURE DEFICIT,Irrigation Recommended,Medium,Forecasted moisture (26.6%) falls below optimal threshold (35.0%).,2025-09-07 02:00:00,2025-09-08 02:00:00
26.81,MOISTURE DEFICIT,Irrigation Recommended,Medium,Forecasted moisture (26.8%) falls below optimal threshold (35.0%).,2025-09-07 03:00:00,2025-09-08 03:00:00
27.17,MOISTURE DEFICIT,Irrigation Recommended,Medium,Forecasted moisture (27.2%) falls below optimal threshold (35.0%).,2025-09-07 04:00:00,2025-09-08 04:00:00
27.19,MOISTURE DEFICIT,Irrigation Recommended,Medium,Forecasted moisture (27.2%) falls below optimal threshold (35.0%).,2025-09-07 05:00:00,2025-09-08 05:00:00
27.41,MOISTURE DEFICIT,Irrigation Recommended,Medium,Forecasted moisture (27.4%) falls below optimal threshold (35.0%).,2025-09-07 06:00:00,2025-09-08 06:00:00
27.58,MOISTURE DEFICIT,Irrigation Recommended,Medium,Forecasted moisture (27.6%) falls below optimal threshold (35.0%).,2025-09-07 07:00:00,2025-09-08 07:00:00
27.6,MOISTURE DEFICIT,Irrigation Recommended,Medium,Forecasted moisture (27.6%) falls below optimal threshold (35.0%).,2025-09-07 08:00:00,2025-09-08 08:00:00
27.7,MOISTURE DEFICIT,Irrigation Recommended,Medium,Forecasted moisture (27.7%) falls below optimal threshold (35.0%).,2025-09-07 09:00:00,2025-09-08 09:00:00
26.13,MOISTURE DEFICIT,Irrigation Recommended,Medium,Forecasted moisture (26.1%) falls below optimal threshold (35.0%).,2025-09-07 10:00:00,2025-09-08 10:00:00
25.95,MOISTURE DEFICIT,Irrigation Recommended,Medium,Forecasted moisture (25.9%) falls below optimal threshold (35.0%).,2025-09-07 11:00:00,2025-09-08 11:00:00
25.65,MOISTURE DEFICIT,Irrigation Recommended,Medium,Forecasted moisture (25.6%) falls below optimal threshold (35.0%).,2025-09-07 12:00:00,2025-09-08 12:00:00
25.71,MOISTURE DEFICIT,Irrigation Recommended,Medium,Forecasted moisture (25.7%) falls below optimal threshold (35.0%).,2025-09-07 13:00:00,2025-09-08 13:00:00
25.38,MOISTURE DEFICIT,Irrigation Recommended,Medium,Forecasted moisture (25.4%) falls below optimal threshold (35.0%).,2025-09-07 14:00:00,2025-09-08 14:00:00
24.03,MOISTURE DEFICIT,Irrigation Recommended,Medium,Forecasted moisture (24.0%) falls below optimal threshold (35.0%).,2025-09-07 15:00:00,2025-09-08 15:00:00
25.47,MOISTURE DEFICIT,Irrigation Recommended,Medium,Forecasted moisture (25.5%) falls below optimal threshold (35.0%).,2025-09-07 16:00:00,2025-09-08 16:00:00
25.35,MOISTURE DEFICIT,Irrigation Recommended,Medium,Forecasted moisture (25.4%) falls below optimal threshold (35.0%).,2025-09-07 17:00:00,2025-09-08 17:00:00
25.23,MOISTURE DEFICIT,Irrigation Recommended,Medium,Forecasted moisture (25.2%) falls below optimal threshold (35.0%).,2025-09-07 18:00:00,2025-09-08 18:00:00
25.23,MOISTURE DEFICIT,Irrigation Recommended,Medium,Forecasted moisture (25.2%) falls below optimal threshold (35.0%).,2025-09-07 19:00:00,2025-09-08 19:00:00
25.2,MOISTURE DEFICIT,Irrigation Recommended,Medium,Forecasted moisture (25.2%) falls below optimal threshold (35.0%).,2025-09-07 20:00:00,2025-09-08 20:00:00
25.44,MOISTURE DEFICIT,Irrigation Recommended,Medium,Forecasted moisture (25.4%) falls below optimal threshold (35.0%).,2025-09-07 21:00:00,2025-09-08 21:00:00
25.53,MOISTURE DEFICIT,Irrigation Recommended,Medium,Forecasted moisture (25.5%) falls below optimal threshold (35.0%).,2025-09-07 22:00:00,2025-09-08 22:00:00
25.83,MOISTURE DEFICIT,Irrigation Recommended,Medium,Forecasted moisture (25.8%) falls below optimal threshold (35.0%).,2025-09-07 23:00:00,2025-09-08 23:00:00
28.13,MOISTURE DEFICIT,Irrigation Recommended,Medium,Forecasted moisture (28.1%) falls below optimal threshold (35.0%).,2025-09-08 00:00:00,2025-09-09 00:00:00
27.49,MOISTURE DEFICIT,Irrigation Recommended,Medium,Forecasted moisture (27.5%) falls below optimal threshold (35.0%).,2025-09-08 01:00:00,2025-09-09 01:00:00
27.52,MOISTURE DEFICIT,Irrigation Recommended,Medium,Forecasted moisture (27.5%) falls below optimal threshold (35.0%).,2025-09-08 02:00:00,2025-09-09 02:00:00
27.22,MOISTURE DEFICIT,Irrigation Recommended,Medium,Forecasted moisture (27.2%) falls below optimal threshold (35.0%).,2025-09-08 03:00:00,2025-09-09 03:00:00
27.16,MOISTURE DEFICIT,Irrigation Recommended,Medium,Forecasted moisture (27.2%) falls below optimal threshold (35.0%).,2025-09-08 04:00:00,2025-09-09 04:00:00
25.63,MOISTURE DEFICIT,Irrigation Recommended,Medium,Forecasted moisture (25.6%) falls below optimal threshold (35.0%).,2025-09-08 05:00:00,2025-09-09 05:00:00
24.52,MOISTURE DEFICIT,Irrigation Recommended,Medium,Forecasted moisture (24.5%) falls below optimal threshold (35.0%).,2025-09-08 06:00:00,2025-09-09 06:00:00
24.75,MOISTURE DEFICIT,Irrigation Recommended,Medium,Forecasted moisture (24.8%) falls below optimal threshold (35.0%).,2025-09-08 07:00:00,2025-09-09 07:00:00
26.53,MOISTURE DEFICIT,Irrigation Recommended,Medium,Forecasted moisture (26.5%) falls below optimal threshold (35.0%).,2025-09-08 08:00:00,2025-09-09 08:00:00
26.38,MOISTURE DEFICIT,Irrigation Recommended,Medium,Forecasted moisture (26.4%) falls below optimal threshold (35.0%).,2025-09-08 09:00:00,2025-09-09 09:00:00
26.3,MOISTURE DEFICIT,Irrigation Recommended,Medium,Forecasted moisture (26.3%) falls below optimal threshold (35.0%).,2025-09-08 10:00:00,2025-09-09 10:00:00
26.28,MOISTURE DEFICIT,Irrigation Recommended,Medium,Forecasted moisture (26.3%) falls below optimal threshold (35.0%).,2025-09-08 11:00:00,2025-09-09 11:00:00
26.29,MOISTURE DEFICIT,Irrigation Recommended,Medium,Forecasted moisture (26.3%) falls below optimal threshold (35.0%).,2025-09-08 12:00:00,2025-09-09 12:00:00
26.43,MOISTURE DEFICIT,Irrigation Recommended,Medium,Forecasted moisture (26.4%) falls below optimal threshold (35.0%).,2025-09-08 13:00:00,2025-09-09 13:00:00
26.09,MOISTURE DEFICIT,Irrigation Recommended,Medium,Forecasted moisture (26.1%) falls below optimal threshold (35.0%).,2025-09-08 14:00:00,2025-09-09 14:00:00
25.92,MOISTURE DEFICIT,Irrigation Recommended,Medium,Forecasted moisture (25.9%) falls below optimal threshold (35.0%).,2025-09-08 15:00:00,2025-09-09 15:00:00
26.05,MOISTURE DEFICIT,Irrigation Recommended,Medium,Forecasted moisture (26.0%) falls below optimal threshold (35.0%).,2025-09-08 16:00:00,2025-09-09 16:00:00
26.05,MOISTURE DEFICIT,Irrigation Recommended,Medium,Forecasted moisture (26.1%) falls below optimal threshold (35.0%).,2025-09-08 17:00:00,2025-09-09 17:00:00
22.13,MOISTURE DEFICIT,Irrigation Recommended,Medium,Forecasted moisture (22.1%) falls below optimal threshold (35.0%).,2025-09-08 18:00:00,2025-09-09 18:00:00
22.09,MOISTURE DEFICIT,Irrigation Recommended,Medium,Forecasted moisture (22.1%) falls below optimal threshold (35.0%).,2025-09-08 19:00:00,2025-09-09 19:00:00
22.19,MOISTURE DEFICIT,Irrigation Recommended,Medium,Forecasted moisture (22.2%) falls below optimal threshold (35.0%).,2025-09-08 20:00:00,2025-09-09 20:00:00
21.87,MOISTURE DEFICIT,Irrigation Recommended,Medium,Forecasted moisture (21.9%) falls below optimal threshold (35.0%).,2025-09-08 21:00:00,2025-09-09 21:00:00
22.2,MOISTURE DEFICIT,Irrigation Recommended,Medium,Forecasted moisture (22.2%) falls below optimal threshold (35.0%).,2025-09-08 22:00:00,2025-09-09 22:00:00
22.29,MOISTURE DEFICIT,Irrigation Recommended,Medium,Forecasted moisture (22.3%) falls below optimal threshold (35.0%).,2025-09-08 23:00:00,2025-09-09 23:00:00
22.15,MOISTURE DEFICIT,Irrigation Recommended,Medium,Forecasted moisture (22.1%) falls below optimal threshold (35.0%).,2025-09-09 00:00:00,2025-09-10 00:00:00
22.12,MOISTURE DEFICIT,Irrigation Recommended,Medium,Forecasted moisture (22.1%) falls below optimal threshold (35.0%).,2025-09-09 01:00:00,2025-09-10 01:00:00
22.31,MOISTURE DEFICIT,Irrigation Recommended,Medium,Forecasted moisture (22.3%) falls below optimal threshold (35.0%).,2025-09-09 02:00:00,2025-09-10 02:00:00
22.02,MOISTURE DEFICIT,Irrigation Recommended,Medium,Forecasted moisture (22.0%) falls below optimal threshold (35.0%).,2025-09-09 03:00:00,2025-09-10 03:00:00
22.07,MOISTURE DEFICIT,Irrigation Recommended,Medium,Forecasted moisture (22.1%) falls below optimal threshold (35.0%).,2025-09-09 04:00:00,2025-09-10 04:00:00
22.09,MOISTURE DEFICIT,Irrigation Recommended,Medium,Forecasted moisture (22.1%) falls below optimal threshold (35.0%).,2025-09-09 05:00:00,2025-09-10 05:00:00
21.75,MOISTURE DEFICIT,Irrigation Recommended,Medium,Forecasted moisture (21.8%) falls below optimal threshold (35.0%).,2025-09-09 06:00:00,2025-09-10 06:00:00
22.02,MOISTURE DEFICIT,Irrigation Recommended,Medium,Forecasted moisture (22.0%) falls below optimal threshold (35.0%).,2025-09-09 07:00:00,2025-09-10 07:00:00
22.02,MOISTURE DEFICIT,Irrigation Recommended,Medium,Forecasted moisture (22.0%) falls below optimal threshold (35.0%).,2025-09-09 08:00:00,2025-09-10 08:00:00
21.83,MOISTURE DEFICIT,Irrigation Recommended,Medium,Forecasted moisture (21.8%) falls below optimal threshold (35.0%).,2025-09-09 09:00:00,2025-09-10 09:00:00
21.96,MOISTURE DEFICIT,Irrigation Recommended,Medium,Forecasted moisture (22.0%) falls below optimal threshold (35.0%).,2025-09-09 10:00:00,2025-09-10 10:00:00
21.98,MOISTURE DEFICIT,Irrigation Recommended,Medium,Forecasted moisture (22.0%) falls below optimal threshold (35.0%).,2025-09-09 11:00:00,2025-09-10 11:00:00
21.94,MOISTURE DEFICIT,Irrigation Recommended,Medium,Forecasted moisture (21.9%) falls below optimal threshold (35.0%).,2025-09-09 12:00:00,2025-09-10 12:00:00
22.07,MOISTURE DEFICIT,Irrigation Recommended,Medium,Forecasted moisture (22.1%) falls below optimal threshold (35.0%).,2025-09-09 13:00:00,2025-09-10 13:00:00
22.33,MOISTURE DEFICIT,Irrigation Recommended,Medium,Forecasted moisture (22.3%) falls below optimal threshold (35.0%).,2025-09-09 14:00:00,2025-09-10 14:00:00
21.82,MOISTURE DEFICIT,Irrigation Recommended,Medium,Forecasted moisture (21.8%) falls below optimal threshold (35.0%).,2025-09-09 15:00:00,2025-09-10 15:00:00
21.41,MOISTURE DEFICIT,Irrigation Recommended,Medium,Forecasted moisture (21.4%) falls below optimal threshold (35.0%).,2025-09-09 16:00:00,2025-09-10 16:00:00
22.93,MOISTURE DEFICIT,Irrigation Recommended,Medium,Forecasted moisture (22.9%) falls below optimal threshold (35.0%).,2025-09-09 17:00:00,2025-09-10 17:00:00
22.81,MOISTURE DEFICIT,Irrigation Recommended,Medium,Forecasted moisture (22.8%) falls below optimal threshold (35.0%).,2025-09-09 18:00:00,2025-09-10 18:00:00
21.66,MOISTURE DEFICIT,Irrigation Recommended,Medium,Forecasted moisture (21.7%) falls below optimal threshold (35.0%).,2025-09-09 19:00:00,2025-09-10 19:00:00
21.27,MOISTURE DEFICIT,Irrigation Recommended,Medium,Forecasted moisture (21.3%) falls below optimal threshold (35.0%).,2025-09-09 20:00:00,2025-09-10 20:00:00
21.21,MOISTURE DEFICIT,Irrigation Recommended,Medium,Forecasted moisture (21.2%) falls below optimal threshold (35.0%).,2025-09-09 21:00:00,2025-09-10 21:00:00
21.1,MOISTURE DEFICIT,Irrigation Recommended,Medium,Forecasted moisture (21.1%) falls below optimal threshold (35.0%).,2025-09-09 22:00:00,2025-09-10 22:00:00
21.11,MOISTURE DEFICIT,Irrigation Recommended,Medium,Forecasted moisture (21.1%) falls below optimal threshold (35.0%).,2025-09-09 23:00:00,2025-09-10 23:00:00
17.51,CRITICAL DEFICIT,Immediate Irrigation Urgently Required,High,Forecasted moisture (17.5%) is below critical wilting threshold (20.0%).,2025-09-10 00:00:00,2025-09-11 00:00:00
17.54,CRITICAL DEFICIT,Immediate Irrigation Urgently Required,High,Forecasted moisture (17.5%) is below critical wilting threshold (20.0%).,2025-09-10 01:00:00,2025-09-11 01:00:00
17.51,CRITICAL DEFICIT,Immediate Irrigation Urgently Required,High,Forecasted moisture (17.5%) is below critical wilting threshold (20.0%).,2025-09-10 02:00:00,2025-09-11 02:00:00
18.15,CRITICAL DEFICIT,Immediate Irrigation Urgently Required,High,Forecasted moisture (18.1%) is below critical wilting threshold (20.0%).,2025-09-10 03:00:00,2025-09-11 03:00:00
18.8,CRITICAL DEFICIT,Immediate Irrigation Urgently Required,High,Forecasted moisture (18.8%) is below critical wilting threshold (20.0%).,2025-09-10 04:00:00,2025-09-11 04:00:00
19.76,CRITICAL DEFICIT,Immediate Irrigation Urgently Required,High,Forecasted moisture (19.8%) is below critical wilting threshold (20.0%).,2025-09-10 05:00:00,2025-09-11 05:00:00
20.24,MOISTURE DEFICIT,Irrigation Recommended,Medium,Forecasted moisture (20.2%) falls below optimal threshold (35.0%).,2025-09-10 06:00:00,2025-09-11 06:00:00
20.38,MOISTURE DEFICIT,Irrigation Recommended,Medium,Forecasted moisture (20.4%) falls below optimal threshold (35.0%).,2025-09-10 07:00:00,2025-09-11 07:00:00
20.38,MOISTURE DEFICIT,Irrigation Recommended,Medium,Forecasted moisture (20.4%) falls below optimal threshold (35.0%).,2025-09-10 08:00:00,2025-09-11 08:00:00
20.54,MOISTURE DEFICIT,Irrigation Recommended,Medium,Forecasted moisture (20.5%) falls below optimal threshold (35.0%).,2025-09-10 09:00:00,2025-09-11 09:00:00
20.83,MOISTURE DEFICIT,Irrigation Recommended,Medium,Forecasted moisture (20.8%) falls below optimal threshold (35.0%).,2025-09-10 10:00:00,2025-09-11 10:00:00
20.83,MOISTURE DEFICIT,Irrigation Recommended,Medium,Forecasted moisture (20.8%) falls below optimal threshold (35.0%).,2025-09-10 11:00:00,2025-09-11 11:00:00
20.69,MOISTURE DEFICIT,Irrigation Recommended,Medium,Forecasted moisture (20.7%) falls below optimal threshold (35.0%).,2025-09-10 12:00:00,2025-09-11 12:00:00
21.11,MOISTURE DEFICIT,Irrigation Recommended,Medium,Forecasted moisture (21.1%) falls below optimal threshold (35.0%).,2025-09-10 13:00:00,2025-09-11 13:00:00
21.33,MOISTURE DEFICIT,Irrigation Recommended,Medium,Forecasted moisture (21.3%) falls below optimal threshold (35.0%).,2025-09-10 14:00:00,2025-09-11 14:00:00
21.82,MOISTURE DEFICIT,Irrigation Recommended,Medium,Forecasted moisture (21.8%) falls below optimal threshold (35.0%).,2025-09-10 15:00:00,2025-09-11 15:00:00
21.1,MOISTURE DEFICIT,Irrigation Recommended,Medium,Forecasted moisture (21.1%) falls below optimal threshold (35.0%).,2025-09-10 16:00:00,2025-09-11 16:00:00
22.36,MOISTURE DEFICIT,Irrigation Recommended,Medium,Forecasted moisture (22.4%) falls below optimal threshold (35.0%).,2025-09-10 17:00:00,2025-09-11 17:00:00
22.45,MOISTURE DEFICIT,Irrigation Recommended,Medium,Forecasted moisture (22.5%) falls below optimal threshold (35.0%).,2025-09-10 18:00:00,2025-09-11 18:00:00
22.46,MOISTURE DEFICIT,Irrigation Recommended,Medium,Forecasted moisture (22.5%) falls below optimal threshold (35.0%).,2025-09-10 19:00:00,2025-09-11 19:00:00
22.27,MOISTURE DEFICIT,Irrigation Recommended,Medium,Forecasted moisture (22.3%) falls below optimal threshold (35.0%).,2025-09-10 20:00:00,2025-09-11 20:00:00
22.15,MOISTURE DEFICIT,Irrigation Recommended,Medium,Forecasted moisture (22.1%) falls below optimal threshold (35.0%).,2025-09-10 21:00:00,2025-09-11 21:00:00
24.98,MOISTURE DEFICIT,Irrigation Recommended,Medium,Forecasted moisture (25.0%) falls below optimal threshold (35.0%).,2025-09-10 22:00:00,2025-09-11 22:00:00
24.86,MOISTURE DEFICIT,Irrigation Recommended,Medium,Forecasted moisture (24.9%) falls below optimal threshold (35.0%).,2025-09-10 23:00:00,2025-09-11 23:00:00
24.84,MOISTURE DEFICIT,Irrigation Recommended,Medium,Forecasted moisture (24.8%) falls below optimal threshold (35.0%).,2025-09-11 00:00:00,2025-09-12 00:00:00
25.01,MOISTURE DEFICIT,Irrigation Recommended,Medium,Forecasted moisture (25.0%) falls below optimal threshold (35.0%).,2025-09-11 01:00:00,2025-09-12 01:00:00
26.09,MOISTURE DEFICIT,Irrigation Recommended,Medium,Forecasted moisture (26.1%) falls below optimal threshold (35.0%).,2025-09-11 02:00:00,2025-09-12 02:00:00
27.14,MOISTURE DEFICIT,Irrigation Recommended,Medium,Forecasted moisture (27.1%) falls below optimal threshold (35.0%).,2025-09-11 03:00:00,2025-09-12 03:00:00
27.42,MOISTURE DEFICIT,Irrigation Recommended,Medium,Forecasted moisture (27.4%) falls below optimal threshold (35.0%).,2025-09-11 04:00:00,2025-09-12 04:00:00
30.01,MOISTURE DEFICIT,Irrigation Recommended,Medium,Forecasted moisture (30.0%) falls below optimal threshold (35.0%).,2025-09-11 05:00:00,2025-09-12 05:00:00
35.83,OPTIMAL MOISTURE,No Irrigation Required,None,Forecasted moisture (35.8%) is within optimal agronomic field capacity (35.0% - 65.0%).,2025-09-11 06:00:00,2025-09-12 06:00:00
35.43,OPTIMAL MOISTURE,No Irrigation Required,None,Forecasted moisture (35.4%) is within optimal agronomic field capacity (35.0% - 65.0%).,2025-09-11 07:00:00,2025-09-12 07:00:00
35.49,OPTIMAL MOISTURE,No Irrigation Required,None,Forecasted moisture (35.5%) is within optimal agronomic field capacity (35.0% - 65.0%).,2025-09-11 08:00:00,2025-09-12 08:00:00
35.92,OPTIMAL MOISTURE,No Irrigation Required,None,Forecasted moisture (35.9%) is within optimal agronomic field capacity (35.0% - 65.0%).,2025-09-11 09:00:00,2025-09-12 09:00:00
35.56,OPTIMAL MOISTURE,No Irrigation Required,None,Forecasted moisture (35.6%) is within optimal agronomic field capacity (35.0% - 65.0%).,2025-09-11 10:00:00,2025-09-12 10:00:00
35.74,OPTIMAL MOISTURE,No Irrigation Required,None,Forecasted moisture (35.7%) is within optimal agronomic field capacity (35.0% - 65.0%).,2025-09-11 11:00:00,2025-09-12 11:00:00
35.06,OPTIMAL MOISTURE,No Irrigation Required,None,Forecasted moisture (35.1%) is within optimal agronomic field capacity (35.0% - 65.0%).,2025-09-11 12:00:00,2025-09-12 12:00:00
39.97,OPTIMAL MOISTURE,No Irrigation Required,None,Forecasted moisture (40.0%) is within optimal agronomic field capacity (35.0% - 65.0%).,2025-09-11 13:00:00,2025-09-12 13:00:00
41.48,OPTIMAL MOISTURE,No Irrigation Required,None,Forecasted moisture (41.5%) is within optimal agronomic field capacity (35.0% - 65.0%).,2025-09-11 14:00:00,2025-09-12 14:00:00
54.32,OPTIMAL MOISTURE,No Irrigation Required,None,Forecasted moisture (54.3%) is within optimal agronomic field capacity (35.0% - 65.0%).,2025-09-11 15:00:00,2025-09-12 15:00:00
65.5,SATURATION / EXCESS,Irrigation Prohibited (Risk of Waterlogging),None,Forecasted moisture (65.5%) indicates near-saturated conditions (> 65.0%).,2025-09-11 16:00:00,2025-09-12 16:00:00
73.72,SATURATION / EXCESS,Irrigation Prohibited (Risk of Waterlogging),None,Forecasted moisture (73.7%) indicates near-saturated conditions (> 65.0%).,2025-09-11 17:00:00,2025-09-12 17:00:00
87.97,SATURATION / EXCESS,Irrigation Prohibited (Risk of Waterlogging),None,Forecasted moisture (88.0%) indicates near-saturated conditions (> 65.0%).,2025-09-11 18:00:00,2025-09-12 18:00:00
88.0,SATURATION / EXCESS,Irrigation Prohibited (Risk of Waterlogging),None,Forecasted moisture (88.0%) indicates near-saturated conditions (> 65.0%).,2025-09-11 19:00:00,2025-09-12 19:00:00
88.39,SATURATION / EXCESS,Irrigation Prohibited (Risk of Waterlogging),None,Forecasted moisture (88.4%) indicates near-saturated conditions (> 65.0%).,2025-09-11 20:00:00,2025-09-12 20:00:00
88.7,SATURATION / EXCESS,Irrigation Prohibited (Risk of Waterlogging),None,Forecasted moisture (88.7%) indicates near-saturated conditions (> 65.0%).,2025-09-11 21:00:00,2025-09-12 21:00:00
88.99,SATURATION / EXCESS,Irrigation Prohibited (Risk of Waterlogging),None,Forecasted moisture (89.0%) indicates near-saturated conditions (> 65.0%).,2025-09-11 22:00:00,2025-09-12 22:00:00
92.34,SATURATION / EXCESS,Irrigation Prohibited (Risk of Waterlogging),None,Forecasted moisture (92.3%) indicates near-saturated conditions (> 65.0%).,2025-09-11 23:00:00,2025-09-12 23:00:00
92.41,SATURATION / EXCESS,Irrigation Prohibited (Risk of Waterlogging),None,Forecasted moisture (92.4%) indicates near-saturated conditions (> 65.0%).,2025-09-12 05:00:00,2025-09-13 05:00:00
92.54,SATURATION / EXCESS,Irrigation Prohibited (Risk of Waterlogging),None,Forecasted moisture (92.5%) indicates near-saturated conditions (> 65.0%).,2025-09-12 06:00:00,2025-09-13 06:00:00
92.64,SATURATION / EXCESS,Irrigation Prohibited (Risk of Waterlogging),None,Forecasted moisture (92.6%) indicates near-saturated conditions (> 65.0%).,2025-09-12 07:00:00,2025-09-13 07:00:00
93.73,SATURATION / EXCESS,Irrigation Prohibited (Risk of Waterlogging),None,Forecasted moisture (93.7%) indicates near-saturated conditions (> 65.0%).,2025-09-12 08:00:00,2025-09-13 08:00:00
93.52,SATURATION / EXCESS,Irrigation Prohibited (Risk of Waterlogging),None,Forecasted moisture (93.5%) indicates near-saturated conditions (> 65.0%).,2025-09-12 09:00:00,2025-09-13 09:00:00
90.87,SATURATION / EXCESS,Irrigation Prohibited (Risk of Waterlogging),None,Forecasted moisture (90.9%) indicates near-saturated conditions (> 65.0%).,2025-09-12 10:00:00,2025-09-13 10:00:00
92.42,SATURATION / EXCESS,Irrigation Prohibited (Risk of Waterlogging),None,Forecasted moisture (92.4%) indicates near-saturated conditions (> 65.0%).,2025-09-12 11:00:00,2025-09-13 11:00:00
92.82,SATURATION / EXCESS,Irrigation Prohibited (Risk of Waterlogging),None,Forecasted moisture (92.8%) indicates near-saturated conditions (> 65.0%).,2025-09-12 12:00:00,2025-09-13 12:00:00
93.1,SATURATION / EXCESS,Irrigation Prohibited (Risk of Waterlogging),None,Forecasted moisture (93.1%) indicates near-saturated conditions (> 65.0%).,2025-09-12 13:00:00,2025-09-13 13:00:00
92.86,SATURATION / EXCESS,Irrigation Prohibited (Risk of Waterlogging),None,Forecasted moisture (92.9%) indicates near-saturated conditions (> 65.0%).,2025-09-12 14:00:00,2025-09-13 14:00:00
93.0,SATURATION / EXCESS,Irrigation Prohibited (Risk of Waterlogging),None,Forecasted moisture (93.0%) indicates near-saturated conditions (> 65.0%).,2025-09-12 15:00:00,2025-09-13 15:00:00
93.72,SATURATION / EXCESS,Irrigation Prohibited (Risk of Waterlogging),None,Forecasted moisture (93.7%) indicates near-saturated conditions (> 65.0%).,2025-09-12 16:00:00,2025-09-13 16:00:00
93.73,SATURATION / EXCESS,Irrigation Prohibited (Risk of Waterlogging),None,Forecasted moisture (93.7%) indicates near-saturated conditions (> 65.0%).,2025-09-12 17:00:00,2025-09-13 17:00:00
93.22,SATURATION / EXCESS,Irrigation Prohibited (Risk of Waterlogging),None,Forecasted moisture (93.2%) indicates near-saturated conditions (> 65.0%).,2025-09-12 18:00:00,2025-09-13 18:00:00
80.36,SATURATION / EXCESS,Irrigation Prohibited (Risk of Waterlogging),None,Forecasted moisture (80.4%) indicates near-saturated conditions (> 65.0%).,2025-09-12 19:00:00,2025-09-13 19:00:00
80.72,SATURATION / EXCESS,Irrigation Prohibited (Risk of Waterlogging),None,Forecasted moisture (80.7%) indicates near-saturated conditions (> 65.0%).,2025-09-12 20:00:00,2025-09-13 20:00:00
82.19,SATURATION / EXCESS,Irrigation Prohibited (Risk of Waterlogging),None,Forecasted moisture (82.2%) indicates near-saturated conditions (> 65.0%).,2025-09-12 21:00:00,2025-09-13 21:00:00
81.11,SATURATION / EXCESS,Irrigation Prohibited (Risk of Waterlogging),None,Forecasted moisture (81.1%) indicates near-saturated conditions (> 65.0%).,2025-09-12 22:00:00,2025-09-13 22:00:00
94.5,SATURATION / EXCESS,Irrigation Prohibited (Risk of Waterlogging),None,Forecasted moisture (94.5%) indicates near-saturated conditions (> 65.0%).,2025-09-12 23:00:00,2025-09-13 23:00:00
94.71,SATURATION / EXCESS,Irrigation Prohibited (Risk of Waterlogging),None,Forecasted moisture (94.7%) indicates near-saturated conditions (> 65.0%).,2025-09-13 00:00:00,2025-09-14 00:00:00
94.85,SATURATION / EXCESS,Irrigation Prohibited (Risk of Waterlogging),None,Forecasted moisture (94.8%) indicates near-saturated conditions (> 65.0%).,2025-09-13 01:00:00,2025-09-14 01:00:00
94.56,SATURATION / EXCESS,Irrigation Prohibited (Risk of Waterlogging),None,Forecasted moisture (94.6%) indicates near-saturated conditions (> 65.0%).,2025-09-13 02:00:00,2025-09-14 02:00:00
94.43,SATURATION / EXCESS,Irrigation Prohibited (Risk of Waterlogging),None,Forecasted moisture (94.4%) indicates near-saturated conditions (> 65.0%).,2025-09-13 03:00:00,2025-09-14 03:00:00
95.86,SATURATION / EXCESS,Irrigation Prohibited (Risk of Waterlogging),None,Forecasted moisture (95.9%) indicates near-saturated conditions (> 65.0%).,2025-09-13 04:00:00,2025-09-14 04:00:00
95.75,SATURATION / EXCESS,Irrigation Prohibited (Risk of Waterlogging),None,Forecasted moisture (95.8%) indicates near-saturated conditions (> 65.0%).,2025-09-13 05:00:00,2025-09-14 05:00:00
95.76,SATURATION / EXCESS,Irrigation Prohibited (Risk of Waterlogging),None,Forecasted moisture (95.8%) indicates near-saturated conditions (> 65.0%).,2025-09-13 06:00:00,2025-09-14 06:00:00
95.73,SATURATION / EXCESS,Irrigation Prohibited (Risk of Waterlogging),None,Forecasted moisture (95.7%) indicates near-saturated conditions (> 65.0%).,2025-09-13 07:00:00,2025-09-14 07:00:00
95.49,SATURATION / EXCESS,Irrigation Prohibited (Risk of Waterlogging),None,Forecasted moisture (95.5%) indicates near-saturated conditions (> 65.0%).,2025-09-13 08:00:00,2025-09-14 08:00:00
92.81,SATURATION / EXCESS,Irrigation Prohibited (Risk of Waterlogging),None,Forecasted moisture (92.8%) indicates near-saturated conditions (> 65.0%).,2025-09-13 09:00:00,2025-09-14 09:00:00
93.01,SATURATION / EXCESS,Irrigation Prohibited (Risk of Waterlogging),None,Forecasted moisture (93.0%) indicates near-saturated conditions (> 65.0%).,2025-09-13 10:00:00,2025-09-14 10:00:00
92.79,SATURATION / EXCESS,Irrigation Prohibited (Risk of Waterlogging),None,Forecasted moisture (92.8%) indicates near-saturated conditions (> 65.0%).,2025-09-13 11:00:00,2025-09-14 11:00:00
82.67,SATURATION / EXCESS,Irrigation Prohibited (Risk of Waterlogging),None,Forecasted moisture (82.7%) indicates near-saturated conditions (> 65.0%).,2025-09-13 12:00:00,2025-09-14 12:00:00
82.48,SATURATION / EXCESS,Irrigation Prohibited (Risk of Waterlogging),None,Forecasted moisture (82.5%) indicates near-saturated conditions (> 65.0%).,2025-09-13 13:00:00,2025-09-14 13:00:00
83.83,SATURATION / EXCESS,Irrigation Prohibited (Risk of Waterlogging),None,Forecasted moisture (83.8%) indicates near-saturated conditions (> 65.0%).,2025-09-13 14:00:00,2025-09-14 14:00:00
83.59,SATURATION / EXCESS,Irrigation Prohibited (Risk of Waterlogging),None,Forecasted moisture (83.6%) indicates near-saturated conditions (> 65.0%).,2025-09-13 15:00:00,2025-09-14 15:00:00
84.25,SATURATION / EXCESS,Irrigation Prohibited (Risk of Waterlogging),None,Forecasted moisture (84.2%) indicates near-saturated conditions (> 65.0%).,2025-09-13 16:00:00,2025-09-14 16:00:00
86.0,SATURATION / EXCESS,Irrigation Prohibited (Risk of Waterlogging),None,Forecasted moisture (86.0%) indicates near-saturated conditions (> 65.0%).,2025-09-13 17:00:00,2025-09-14 17:00:00
77.31,SATURATION / EXCESS,Irrigation Prohibited (Risk of Waterlogging),None,Forecasted moisture (77.3%) indicates near-saturated conditions (> 65.0%).,2025-09-13 18:00:00,2025-09-14 18:00:00
78.42,SATURATION / EXCESS,Irrigation Prohibited (Risk of Waterlogging),None,Forecasted moisture (78.4%) indicates near-saturated conditions (> 65.0%).,2025-09-13 19:00:00,2025-09-14 19:00:00
78.89,SATURATION / EXCESS,Irrigation Prohibited (Risk of Waterlogging),None,Forecasted moisture (78.9%) indicates near-saturated conditions (> 65.0%).,2025-09-13 20:00:00,2025-09-14 20:00:00
81.01,SATURATION / EXCESS,Irrigation Prohibited (Risk of Waterlogging),None,Forecasted moisture (81.0%) indicates near-saturated conditions (> 65.0%).,2025-09-13 21:00:00,2025-09-14 21:00:00
80.66,SATURATION / EXCESS,Irrigation Prohibited (Risk of Waterlogging),None,Forecasted moisture (80.7%) indicates near-saturated conditions (> 65.0%).,2025-09-13 22:00:00,2025-09-14 22:00:00
80.67,SATURATION / EXCESS,Irrigation Prohibited (Risk of Waterlogging),None,Forecasted moisture (80.7%) indicates near-saturated conditions (> 65.0%).,2025-09-13 23:00:00,2025-09-14 23:00:00
80.6,SATURATION / EXCESS,Irrigation Prohibited (Risk of Waterlogging),None,Forecasted moisture (80.6%) indicates near-saturated conditions (> 65.0%).,2025-09-14 00:00:00,2025-09-15 00:00:00
90.19,SATURATION / EXCESS,Irrigation Prohibited (Risk of Waterlogging),None,Forecasted moisture (90.2%) indicates near-saturated conditions (> 65.0%).,2025-09-14 01:00:00,2025-09-15 01:00:00
89.95,SATURATION / EXCESS,Irrigation Prohibited (Risk of Waterlogging),None,Forecasted moisture (89.9%) indicates near-saturated conditions (> 65.0%).,2025-09-14 02:00:00,2025-09-15 02:00:00
90.0,SATURATION / EXCESS,Irrigation Prohibited (Risk of Waterlogging),None,Forecasted moisture (90.0%) indicates near-saturated conditions (> 65.0%).,2025-09-14 03:00:00,2025-09-15 03:00:00
89.96,SATURATION / EXCESS,Irrigation Prohibited (Risk of Waterlogging),None,Forecasted moisture (90.0%) indicates near-saturated conditions (> 65.0%).,2025-09-14 04:00:00,2025-09-15 04:00:00
89.95,SATURATION / EXCESS,Irrigation Prohibited (Risk of Waterlogging),None,Forecasted moisture (89.9%) indicates near-saturated conditions (> 65.0%).,2025-09-14 05:00:00,2025-09-15 05:00:00
90.04,SATURATION / EXCESS,Irrigation Prohibited (Risk of Waterlogging),None,Forecasted moisture (90.0%) indicates near-saturated conditions (> 65.0%).,2025-09-14 06:00:00,2025-09-15 06:00:00
91.2,SATURATION / EXCESS,Irrigation Prohibited (Risk of Waterlogging),None,Forecasted moisture (91.2%) indicates near-saturated conditions (> 65.0%).,2025-09-14 07:00:00,2025-09-15 07:00:00
91.25,SATURATION / EXCESS,Irrigation Prohibited (Risk of Waterlogging),None,Forecasted moisture (91.2%) indicates near-saturated conditions (> 65.0%).,2025-09-14 08:00:00,2025-09-15 08:00:00
91.22,SATURATION / EXCESS,Irrigation Prohibited (Risk of Waterlogging),None,Forecasted moisture (91.2%) indicates near-saturated conditions (> 65.0%).,2025-09-14 09:00:00,2025-09-15 09:00:00
90.56,SATURATION / EXCESS,Irrigation Prohibited (Risk of Waterlogging),None,Forecasted moisture (90.6%) indicates near-saturated conditions (> 65.0%).,2025-09-14 10:00:00,2025-09-15 10:00:00
89.73,SATURATION / EXCESS,Irrigation Prohibited (Risk of Waterlogging),None,Forecasted moisture (89.7%) indicates near-saturated conditions (> 65.0%).,2025-09-14 11:00:00,2025-09-15 11:00:00
89.52,SATURATION / EXCESS,Irrigation Prohibited (Risk of Waterlogging),None,Forecasted moisture (89.5%) indicates near-saturated conditions (> 65.0%).,2025-09-14 12:00:00,2025-09-15 12:00:00
89.45,SATURATION / EXCESS,Irrigation Prohibited (Risk of Waterlogging),None,Forecasted moisture (89.4%) indicates near-saturated conditions (> 65.0%).,2025-09-14 13:00:00,2025-09-15 13:00:00
89.73,SATURATION / EXCESS,Irrigation Prohibited (Risk of Waterlogging),None,Forecasted moisture (89.7%) indicates near-saturated conditions (> 65.0%).,2025-09-14 14:00:00,2025-09-15 14:00:00
90.9,SATURATION / EXCESS,Irrigation Prohibited (Risk of Waterlogging),None,Forecasted moisture (90.9%) indicates near-saturated conditions (> 65.0%).,2025-09-14 15:00:00,2025-09-15 15:00:00
90.48,SATURATION / EXCESS,Irrigation Prohibited (Risk of Waterlogging),None,Forecasted moisture (90.5%) indicates near-saturated conditions (> 65.0%).,2025-09-14 16:00:00,2025-09-15 16:00:00
90.68,SATURATION / EXCESS,Irrigation Prohibited (Risk of Waterlogging),None,Forecasted moisture (90.7%) indicates near-saturated conditions (> 65.0%).,2025-09-14 17:00:00,2025-09-15 17:00:00
90.6,SATURATION / EXCESS,Irrigation Prohibited (Risk of Waterlogging),None,Forecasted moisture (90.6%) indicates near-saturated conditions (> 65.0%).,2025-09-14 18:00:00,2025-09-15 18:00:00
89.79,SATURATION / EXCESS,Irrigation Prohibited (Risk of Waterlogging),None,Forecasted moisture (89.8%) indicates near-saturated conditions (> 65.0%).,2025-09-14 19:00:00,2025-09-15 19:00:00
89.4,SATURATION / EXCESS,Irrigation Prohibited (Risk of Waterlogging),None,Forecasted moisture (89.4%) indicates near-saturated conditions (> 65.0%).,2025-09-14 20:00:00,2025-09-15 20:00:00
89.48,SATURATION / EXCESS,Irrigation Prohibited (Risk of Waterlogging),None,Forecasted moisture (89.5%) indicates near-saturated conditions (> 65.0%).,2025-09-14 21:00:00,2025-09-15 21:00:00
89.79,SATURATION / EXCESS,Irrigation Prohibited (Risk of Waterlogging),None,Forecasted moisture (89.8%) indicates near-saturated conditions (> 65.0%).,2025-09-14 22:00:00,2025-09-15 22:00:00
90.85,SATURATION / EXCESS,Irrigation Prohibited (Risk of Waterlogging),None,Forecasted moisture (90.9%) indicates near-saturated conditions (> 65.0%).,2025-09-14 23:00:00,2025-09-15 23:00:00
90.72,SATURATION / EXCESS,Irrigation Prohibited (Risk of Waterlogging),None,Forecasted moisture (90.7%) indicates near-saturated conditions (> 65.0%).,2025-09-15 00:00:00,2025-09-16 00:00:00
90.78,SATURATION / EXCESS,Irrigation Prohibited (Risk of Waterlogging),None,Forecasted moisture (90.8%) indicates near-saturated conditions (> 65.0%).,2025-09-15 01:00:00,2025-09-16 01:00:00
89.57,SATURATION / EXCESS,Irrigation Prohibited (Risk of Waterlogging),None,Forecasted moisture (89.6%) indicates near-saturated conditions (> 65.0%).,2025-09-15 02:00:00,2025-09-16 02:00:00
89.35,SATURATION / EXCESS,Irrigation Prohibited (Risk of Waterlogging),None,Forecasted moisture (89.4%) indicates near-saturated conditions (> 65.0%).,2025-09-15 03:00:00,2025-09-16 03:00:00
89.57,SATURATION / EXCESS,Irrigation Prohibited (Risk of Waterlogging),None,Forecasted moisture (89.6%) indicates near-saturated conditions (> 65.0%).,2025-09-15 04:00:00,2025-09-16 04:00:00
89.01,SATURATION / EXCESS,Irrigation Prohibited (Risk of Waterlogging),None,Forecasted moisture (89.0%) indicates near-saturated conditions (> 65.0%).,2025-09-15 05:00:00,2025-09-16 05:00:00
88.94,SATURATION / EXCESS,Irrigation Prohibited (Risk of Waterlogging),None,Forecasted moisture (88.9%) indicates near-saturated conditions (> 65.0%).,2025-09-15 06:00:00,2025-09-16 06:00:00
89.73,SATURATION / EXCESS,Irrigation Prohibited (Risk of Waterlogging),None,Forecasted moisture (89.7%) indicates near-saturated conditions (> 65.0%).,2025-09-15 07:00:00,2025-09-16 07:00:00
82.69,SATURATION / EXCESS,Irrigation Prohibited (Risk of Waterlogging),None,Forecasted moisture (82.7%) indicates near-saturated conditions (> 65.0%).,2025-09-15 08:00:00,2025-09-16 08:00:00
81.02,SATURATION / EXCESS,Irrigation Prohibited (Risk of Waterlogging),None,Forecasted moisture (81.0%) indicates near-saturated conditions (> 65.0%).,2025-09-15 09:00:00,2025-09-16 09:00:00
78.74,SATURATION / EXCESS,Irrigation Prohibited (Risk of Waterlogging),None,Forecasted moisture (78.7%) indicates near-saturated conditions (> 65.0%).,2025-09-15 10:00:00,2025-09-16 10:00:00
77.34,SATURATION / EXCESS,Irrigation Prohibited (Risk of Waterlogging),None,Forecasted moisture (77.3%) indicates near-saturated conditions (> 65.0%).,2025-09-15 11:00:00,2025-09-16 11:00:00
77.63,SATURATION / EXCESS,Irrigation Prohibited (Risk of Waterlogging),None,Forecasted moisture (77.6%) indicates near-saturated conditions (> 65.0%).,2025-09-15 12:00:00,2025-09-16 12:00:00
77.47,SATURATION / EXCESS,Irrigation Prohibited (Risk of Waterlogging),None,Forecasted moisture (77.5%) indicates near-saturated conditions (> 65.0%).,2025-09-15 13:00:00,2025-09-16 13:00:00
76.89,SATURATION / EXCESS,Irrigation Prohibited (Risk of Waterlogging),None,Forecasted moisture (76.9%) indicates near-saturated conditions (> 65.0%).,2025-09-15 14:00:00,2025-09-16 14:00:00
78.28,SATURATION / EXCESS,Irrigation Prohibited (Risk of Waterlogging),None,Forecasted moisture (78.3%) indicates near-saturated conditions (> 65.0%).,2025-09-15 15:00:00,2025-09-16 15:00:00
84.99,SATURATION / EXCESS,Irrigation Prohibited (Risk of Waterlogging),None,Forecasted moisture (85.0%) indicates near-saturated conditions (> 65.0%).,2025-09-15 16:00:00,2025-09-16 16:00:00
85.23,SATURATION / EXCESS,Irrigation Prohibited (Risk of Waterlogging),None,Forecasted moisture (85.2%) indicates near-saturated conditions (> 65.0%).,2025-09-15 17:00:00,2025-09-16 17:00:00
85.19,SATURATION / EXCESS,Irrigation Prohibited (Risk of Waterlogging),None,Forecasted moisture (85.2%) indicates near-saturated conditions (> 65.0%).,2025-09-15 18:00:00,2025-09-16 18:00:00
84.02,SATURATION / EXCESS,Irrigation Prohibited (Risk of Waterlogging),None,Forecasted moisture (84.0%) indicates near-saturated conditions (> 65.0%).,2025-09-15 19:00:00,2025-09-16 19:00:00
83.89,SATURATION / EXCESS,Irrigation Prohibited (Risk of Waterlogging),None,Forecasted moisture (83.9%) indicates near-saturated conditions (> 65.0%).,2025-09-15 20:00:00,2025-09-16 20:00:00
85.65,SATURATION / EXCESS,Irrigation Prohibited (Risk of Waterlogging),None,Forecasted moisture (85.7%) indicates near-saturated conditions (> 65.0%).,2025-09-15 21:00:00,2025-09-16 21:00:00
78.84,SATURATION / EXCESS,Irrigation Prohibited (Risk of Waterlogging),None,Forecasted moisture (78.8%) indicates near-saturated conditions (> 65.0%).,2025-09-15 22:00:00,2025-09-16 22:00:00
77.15,SATURATION / EXCESS,Irrigation Prohibited (Risk of Waterlogging),None,Forecasted moisture (77.2%) indicates near-saturated conditions (> 65.0%).,2025-09-15 23:00:00,2025-09-16 23:00:00
74.48,SATURATION / EXCESS,Irrigation Prohibited (Risk of Waterlogging),None,Forecasted moisture (74.5%) indicates near-saturated conditions (> 65.0%).,2025-09-16 00:00:00,2025-09-17 00:00:00
72.31,SATURATION / EXCESS,Irrigation Prohibited (Risk of Waterlogging),None,Forecasted moisture (72.3%) indicates near-saturated conditions (> 65.0%).,2025-09-16 01:00:00,2025-09-17 01:00:00
64.45,OPTIMAL MOISTURE,No Irrigation Required,None,Forecasted moisture (64.4%) is within optimal agronomic field capacity (35.0% - 65.0%).,2025-09-16 02:00:00,2025-09-17 02:00:00
56.28,OPTIMAL MOISTURE,No Irrigation Required,None,Forecasted moisture (56.3%) is within optimal agronomic field capacity (35.0% - 65.0%).,2025-09-16 03:00:00,2025-09-17 03:00:00
54.82,OPTIMAL MOISTURE,No Irrigation Required,None,Forecasted moisture (54.8%) is within optimal agronomic field capacity (35.0% - 65.0%).,2025-09-16 04:00:00,2025-09-17 04:00:00
54.43,OPTIMAL MOISTURE,No Irrigation Required,None,Forecasted moisture (54.4%) is within optimal agronomic field capacity (35.0% - 65.0%).,2025-09-16 05:00:00,2025-09-17 05:00:00
52.74,OPTIMAL MOISTURE,No Irrigation Required,None,Forecasted moisture (52.7%) is within optimal agronomic field capacity (35.0% - 65.0%).,2025-09-16 06:00:00,2025-09-17 06:00:00
50.15,OPTIMAL MOISTURE,No Irrigation Required,None,Forecasted moisture (50.2%) is within optimal agronomic field capacity (35.0% - 65.0%).,2025-09-16 07:00:00,2025-09-17 07:00:00
49.92,OPTIMAL MOISTURE,No Irrigation Required,None,Forecasted moisture (49.9%) is within optimal agronomic field capacity (35.0% - 65.0%).,2025-09-16 08:00:00,2025-09-17 08:00:00
49.85,OPTIMAL MOISTURE,No Irrigation Required,None,Forecasted moisture (49.8%) is within optimal agronomic field capacity (35.0% - 65.0%).,2025-09-16 09:00:00,2025-09-17 09:00:00
42.96,OPTIMAL MOISTURE,No Irrigation Required,None,Forecasted moisture (43.0%) is within optimal agronomic field capacity (35.0% - 65.0%).,2025-09-16 10:00:00,2025-09-17 10:00:00
42.75,OPTIMAL MOISTURE,No Irrigation Required,None,Forecasted moisture (42.8%) is within optimal agronomic field capacity (35.0% - 65.0%).,2025-09-16 11:00:00,2025-09-17 11:00:00
42.93,OPTIMAL MOISTURE,No Irrigation Required,None,Forecasted moisture (42.9%) is within optimal agronomic field capacity (35.0% - 65.0%).,2025-09-16 12:00:00,2025-09-17 12:00:00
42.88,OPTIMAL MOISTURE,No Irrigation Required,None,Forecasted moisture (42.9%) is within optimal agronomic field capacity (35.0% - 65.0%).,2025-09-16 13:00:00,2025-09-17 13:00:00
42.97,OPTIMAL MOISTURE,No Irrigation Required,None,Forecasted moisture (43.0%) is within optimal agronomic field capacity (35.0% - 65.0%).,2025-09-16 14:00:00,2025-09-17 14:00:00
43.75,OPTIMAL MOISTURE,No Irrigation Required,None,Forecasted moisture (43.8%) is within optimal agronomic field capacity (35.0% - 65.0%).,2025-09-16 15:00:00,2025-09-17 15:00:00
43.9,OPTIMAL MOISTURE,No Irrigation Required,None,Forecasted moisture (43.9%) is within optimal agronomic field capacity (35.0% - 65.0%).,2025-09-16 16:00:00,2025-09-17 16:00:00
48.71,OPTIMAL MOISTURE,No Irrigation Required,None,Forecasted moisture (48.7%) is within optimal agronomic field capacity (35.0% - 65.0%).,2025-09-16 17:00:00,2025-09-17 17:00:00
45.56,OPTIMAL MOISTURE,No Irrigation Required,None,Forecasted moisture (45.6%) is within optimal agronomic field capacity (35.0% - 65.0%).,2025-09-16 18:00:00,2025-09-17 18:00:00
43.87,OPTIMAL MOISTURE,No Irrigation Required,None,Forecasted moisture (43.9%) is within optimal agronomic field capacity (35.0% - 65.0%).,2025-09-16 19:00:00,2025-09-17 19:00:00
49.68,OPTIMAL MOISTURE,No Irrigation Required,None,Forecasted moisture (49.7%) is within optimal agronomic field capacity (35.0% - 65.0%).,2025-09-16 20:00:00,2025-09-17 20:00:00
49.43,OPTIMAL MOISTURE,No Irrigation Required,None,Forecasted moisture (49.4%) is within optimal agronomic field capacity (35.0% - 65.0%).,2025-09-16 21:00:00,2025-09-17 21:00:00
49.44,OPTIMAL MOISTURE,No Irrigation Required,None,Forecasted moisture (49.4%) is within optimal agronomic field capacity (35.0% - 65.0%).,2025-09-16 22:00:00,2025-09-17 22:00:00
48.9,OPTIMAL MOISTURE,No Irrigation Required,None,Forecasted moisture (48.9%) is within optimal agronomic field capacity (35.0% - 65.0%).,2025-09-16 23:00:00,2025-09-17 23:00:00
48.97,OPTIMAL MOISTURE,No Irrigation Required,None,Forecasted moisture (49.0%) is within optimal agronomic field capacity (35.0% - 65.0%).,2025-09-17 00:00:00,2025-09-18 00:00:00
48.15,OPTIMAL MOISTURE,No Irrigation Required,None,Forecasted moisture (48.1%) is within optimal agronomic field capacity (35.0% - 65.0%).,2025-09-17 01:00:00,2025-09-18 01:00:00
47.65,OPTIMAL MOISTURE,No Irrigation Required,None,Forecasted moisture (47.6%) is within optimal agronomic field capacity (35.0% - 65.0%).,2025-09-17 02:00:00,2025-09-18 02:00:00
46.83,OPTIMAL MOISTURE,No Irrigation Required,None,Forecasted moisture (46.8%) is within optimal agronomic field capacity (35.0% - 65.0%).,2025-09-17 03:00:00,2025-09-18 03:00:00
46.12,OPTIMAL MOISTURE,No Irrigation Required,None,Forecasted moisture (46.1%) is within optimal agronomic field capacity (35.0% - 65.0%).,2025-09-17 04:00:00,2025-09-18 04:00:00
45.9,OPTIMAL MOISTURE,No Irrigation Required,None,Forecasted moisture (45.9%) is within optimal agronomic field capacity (35.0% - 65.0%).,2025-09-17 05:00:00,2025-09-18 05:00:00
36.8,OPTIMAL MOISTURE,No Irrigation Required,None,Forecasted moisture (36.8%) is within optimal agronomic field capacity (35.0% - 65.0%).,2025-09-17 06:00:00,2025-09-18 06:00:00
36.55,OPTIMAL MOISTURE,No Irrigation Required,None,Forecasted moisture (36.5%) is within optimal agronomic field capacity (35.0% - 65.0%).,2025-09-17 07:00:00,2025-09-18 07:00:00
33.3,MOISTURE DEFICIT,Irrigation Recommended,Medium,Forecasted moisture (33.3%) falls below optimal threshold (35.0%).,2025-09-17 08:00:00,2025-09-18 08:00:00
32.52,MOISTURE DEFICIT,Irrigation Recommended,Medium,Forecasted moisture (32.5%) falls below optimal threshold (35.0%).,2025-09-17 09:00:00,2025-09-18 09:00:00
29.07,MOISTURE DEFICIT,Irrigation Recommended,Medium,Forecasted moisture (29.1%) falls below optimal threshold (35.0%).,2025-09-17 10:00:00,2025-09-18 10:00:00
29.51,MOISTURE DEFICIT,Irrigation Recommended,Medium,Forecasted moisture (29.5%) falls below optimal threshold (35.0%).,2025-09-17 11:00:00,2025-09-18 11:00:00
29.37,MOISTURE DEFICIT,Irrigation Recommended,Medium,Forecasted moisture (29.4%) falls below optimal threshold (35.0%).,2025-09-17 12:00:00,2025-09-18 12:00:00
29.66,MOISTURE DEFICIT,Irrigation Recommended,Medium,Forecasted moisture (29.7%) falls below optimal threshold (35.0%).,2025-09-17 13:00:00,2025-09-18 13:00:00
29.28,MOISTURE DEFICIT,Irrigation Recommended,Medium,Forecasted moisture (29.3%) falls below optimal threshold (35.0%).,2025-09-17 14:00:00,2025-09-18 14:00:00
28.82,MOISTURE DEFICIT,Irrigation Recommended,Medium,Forecasted moisture (28.8%) falls below optimal threshold (35.0%).,2025-09-17 15:00:00,2025-09-18 15:00:00
28.39,MOISTURE DEFICIT,Irrigation Recommended,Medium,Forecasted moisture (28.4%) falls below optimal threshold (35.0%).,2025-09-17 16:00:00,2025-09-18 16:00:00
27.36,MOISTURE DEFICIT,Irrigation Recommended,Medium,Forecasted moisture (27.4%) falls below optimal threshold (35.0%).,2025-09-17 17:00:00,2025-09-18 17:00:00
16.09,CRITICAL DEFICIT,Immediate Irrigation Urgently Required,High,Forecasted moisture (16.1%) is below critical wilting threshold (20.0%).,2025-09-17 18:00:00,2025-09-18 18:00:00
16.13,CRITICAL DEFICIT,Immediate Irrigation Urgently Required,High,Forecasted moisture (16.1%) is below critical wilting threshold (20.0%).,2025-09-17 19:00:00,2025-09-18 19:00:00
16.15,CRITICAL DEFICIT,Immediate Irrigation Urgently Required,High,Forecasted moisture (16.2%) is below critical wilting threshold (20.0%).,2025-09-17 20:00:00,2025-09-18 20:00:00
15.75,CRITICAL DEFICIT,Immediate Irrigation Urgently Required,High,Forecasted moisture (15.7%) is below critical wilting threshold (20.0%).,2025-09-17 21:00:00,2025-09-18 21:00:00
14.09,CRITICAL DEFICIT,Immediate Irrigation Urgently Required,High,Forecasted moisture (14.1%) is below critical wilting threshold (20.0%).,2025-09-17 22:00:00,2025-09-18 22:00:00
13.62,CRITICAL DEFICIT,Immediate Irrigation Urgently Required,High,Forecasted moisture (13.6%) is below critical wilting threshold (20.0%).,2025-09-17 23:00:00,2025-09-18 23:00:00
12.36,CRITICAL DEFICIT,Immediate Irrigation Urgently Required,High,Forecasted moisture (12.4%) is below critical wilting threshold (20.0%).,2025-09-18 00:00:00,2025-09-19 00:00:00
12.29,CRITICAL DEFICIT,Immediate Irrigation Urgently Required,High,Forecasted moisture (12.3%) is below critical wilting threshold (20.0%).,2025-09-18 01:00:00,2025-09-19 01:00:00
11.98,CRITICAL DEFICIT,Immediate Irrigation Urgently Required,High,Forecasted moisture (12.0%) is below critical wilting threshold (20.0%).,2025-09-18 02:00:00,2025-09-19 02:00:00
11.91,CRITICAL DEFICIT,Immediate Irrigation Urgently Required,High,Forecasted moisture (11.9%) is below critical wilting threshold (20.0%).,2025-09-18 03:00:00,2025-09-19 03:00:00
11.12,CRITICAL DEFICIT,Immediate Irrigation Urgently Required,High,Forecasted moisture (11.1%) is below critical wilting threshold (20.0%).,2025-09-18 04:00:00,2025-09-19 04:00:00
9.37,CRITICAL DEFICIT,Immediate Irrigation Urgently Required,High,Forecasted moisture (9.4%) is below critical wilting threshold (20.0%).,2025-09-18 05:00:00,2025-09-19 05:00:00
9.63,CRITICAL DEFICIT,Immediate Irrigation Urgently Required,High,Forecasted moisture (9.6%) is below critical wilting threshold (20.0%).,2025-09-18 06:00:00,2025-09-19 06:00:00
9.22,CRITICAL DEFICIT,Immediate Irrigation Urgently Required,High,Forecasted moisture (9.2%) is below critical wilting threshold (20.0%).,2025-09-18 07:00:00,2025-09-19 07:00:00
8.27,CRITICAL DEFICIT,Immediate Irrigation Urgently Required,High,Forecasted moisture (8.3%) is below critical wilting threshold (20.0%).,2025-09-18 08:00:00,2025-09-19 08:00:00
20.52,MOISTURE DEFICIT,Irrigation Recommended,Medium,Forecasted moisture (20.5%) falls below optimal threshold (35.0%).,2025-09-18 09:00:00,2025-09-19 09:00:00
21.93,MOISTURE DEFICIT,Irrigation Recommended,Medium,Forecasted moisture (21.9%) falls below optimal threshold (35.0%).,2025-09-18 10:00:00,2025-09-19 10:00:00
12.26,CRITICAL DEFICIT,Immediate Irrigation Urgently Required,High,Forecasted moisture (12.3%) is below critical wilting threshold (20.0%).,2025-09-18 11:00:00,2025-09-19 11:00:00
12.76,CRITICAL DEFICIT,Immediate Irrigation Urgently Required,High,Forecasted moisture (12.8%) is below critical wilting threshold (20.0%).,2025-09-18 12:00:00,2025-09-19 12:00:00
10.11,CRITICAL DEFICIT,Immediate Irrigation Urgently Required,High,Forecasted moisture (10.1%) is below critical wilting threshold (20.0%).,2025-09-18 13:00:00,2025-09-19 13:00:00
10.07,CRITICAL DEFICIT,Immediate Irrigation Urgently Required,High,Forecasted moisture (10.1%) is below critical wilting threshold (20.0%).,2025-09-18 14:00:00,2025-09-19 14:00:00
10.22,CRITICAL DEFICIT,Immediate Irrigation Urgently Required,High,Forecasted moisture (10.2%) is below critical wilting threshold (20.0%).,2025-09-18 15:00:00,2025-09-19 15:00:00
10.05,CRITICAL DEFICIT,Immediate Irrigation Urgently Required,High,Forecasted moisture (10.0%) is below critical wilting threshold (20.0%).,2025-09-18 16:00:00,2025-09-19 16:00:00
9.52,CRITICAL DEFICIT,Immediate Irrigation Urgently Required,High,Forecasted moisture (9.5%) is below critical wilting threshold (20.0%).,2025-09-18 17:00:00,2025-09-19 17:00:00
6.65,CRITICAL DEFICIT,Immediate Irrigation Urgently Required,High,Forecasted moisture (6.7%) is below critical wilting threshold (20.0%).,2025-09-18 18:00:00,2025-09-19 18:00:00
7.42,CRITICAL DEFICIT,Immediate Irrigation Urgently Required,High,Forecasted moisture (7.4%) is below critical wilting threshold (20.0%).,2025-09-18 19:00:00,2025-09-19 19:00:00
7.28,CRITICAL DEFICIT,Immediate Irrigation Urgently Required,High,Forecasted moisture (7.3%) is below critical wilting threshold (20.0%).,2025-09-18 20:00:00,2025-09-19 20:00:00
7.76,CRITICAL DEFICIT,Immediate Irrigation Urgently Required,High,Forecasted moisture (7.8%) is below critical wilting threshold (20.0%).,2025-09-18 21:00:00,2025-09-19 21:00:00
7.6,CRITICAL DEFICIT,Immediate Irrigation Urgently Required,High,Forecasted moisture (7.6%) is below critical wilting threshold (20.0%).,2025-09-18 22:00:00,2025-09-19 22:00:00
8.05,CRITICAL DEFICIT,Immediate Irrigation Urgently Required,High,Forecasted moisture (8.0%) is below critical wilting threshold (20.0%).,2025-09-18 23:00:00,2025-09-19 23:00:00
7.61,CRITICAL DEFICIT,Immediate Irrigation Urgently Required,High,Forecasted moisture (7.6%) is below critical wilting threshold (20.0%).,2025-09-19 00:00:00,2025-09-20 00:00:00
6.81,CRITICAL DEFICIT,Immediate Irrigation Urgently Required,High,Forecasted moisture (6.8%) is below critical wilting threshold (20.0%).,2025-09-19 01:00:00,2025-09-20 01:00:00
6.44,CRITICAL DEFICIT,Immediate Irrigation Urgently Required,High,Forecasted moisture (6.4%) is below critical wilting threshold (20.0%).,2025-09-19 02:00:00,2025-09-20 02:00:00
6.47,CRITICAL DEFICIT,Immediate Irrigation Urgently Required,High,Forecasted moisture (6.5%) is below critical wilting threshold (20.0%).,2025-09-19 03:00:00,2025-09-20 03:00:00
6.74,CRITICAL DEFICIT,Immediate Irrigation Urgently Required,High,Forecasted moisture (6.7%) is below critical wilting threshold (20.0%).,2025-09-19 04:00:00,2025-09-20 04:00:00
6.36,CRITICAL DEFICIT,Immediate Irrigation Urgently Required,High,Forecasted moisture (6.4%) is below critical wilting threshold (20.0%).,2025-09-19 05:00:00,2025-09-20 05:00:00
6.25,CRITICAL DEFICIT,Immediate Irrigation Urgently Required,High,Forecasted moisture (6.3%) is below critical wilting threshold (20.0%).,2025-09-19 06:00:00,2025-09-20 06:00:00
6.41,CRITICAL DEFICIT,Immediate Irrigation Urgently Required,High,Forecasted moisture (6.4%) is below critical wilting threshold (20.0%).,2025-09-19 07:00:00,2025-09-20 07:00:00
6.3,CRITICAL DEFICIT,Immediate Irrigation Urgently Required,High,Forecasted moisture (6.3%) is below critical wilting threshold (20.0%).,2025-09-19 08:00:00,2025-09-20 08:00:00
6.38,CRITICAL DEFICIT,Immediate Irrigation Urgently Required,High,Forecasted moisture (6.4%) is below critical wilting threshold (20.0%).,2025-09-19 09:00:00,2025-09-20 09:00:00
6.35,CRITICAL DEFICIT,Immediate Irrigation Urgently Required,High,Forecasted moisture (6.3%) is below critical wilting threshold (20.0%).,2025-09-19 10:00:00,2025-09-20 10:00:00
7.97,CRITICAL DEFICIT,Immediate Irrigation Urgently Required,High,Forecasted moisture (8.0%) is below critical wilting threshold (20.0%).,2025-09-19 11:00:00,2025-09-20 11:00:00
8.74,CRITICAL DEFICIT,Immediate Irrigation Urgently Required,High,Forecasted moisture (8.7%) is below critical wilting threshold (20.0%).,2025-09-19 12:00:00,2025-09-20 12:00:00
8.91,CRITICAL DEFICIT,Immediate Irrigation Urgently Required,High,Forecasted moisture (8.9%) is below critical wilting threshold (20.0%).,2025-09-19 13:00:00,2025-09-20 13:00:00
7.52,CRITICAL DEFICIT,Immediate Irrigation Urgently Required,High,Forecasted moisture (7.5%) is below critical wilting threshold (20.0%).,2025-09-19 14:00:00,2025-09-20 14:00:00
7.81,CRITICAL DEFICIT,Immediate Irrigation Urgently Required,High,Forecasted moisture (7.8%) is below critical wilting threshold (20.0%).,2025-09-19 15:00:00,2025-09-20 15:00:00
7.51,CRITICAL DEFICIT,Immediate Irrigation Urgently Required,High,Forecasted moisture (7.5%) is below critical wilting threshold (20.0%).,2025-09-19 16:00:00,2025-09-20 16:00:00
7.36,CRITICAL DEFICIT,Immediate Irrigation Urgently Required,High,Forecasted moisture (7.4%) is below critical wilting threshold (20.0%).,2025-09-19 17:00:00,2025-09-20 17:00:00
7.59,CRITICAL DEFICIT,Immediate Irrigation Urgently Required,High,Forecasted moisture (7.6%) is below critical wilting threshold (20.0%).,2025-09-19 18:00:00,2025-09-20 18:00:00
3.3,CRITICAL DEFICIT,Immediate Irrigation Urgently Required,High,Forecasted moisture (3.3%) is below critical wilting threshold (20.0%).,2025-09-19 19:00:00,2025-09-20 19:00:00
2.82,CRITICAL DEFICIT,Immediate Irrigation Urgently Required,High,Forecasted moisture (2.8%) is below critical wilting threshold (20.0%).,2025-09-19 20:00:00,2025-09-20 20:00:00
1.78,CRITICAL DEFICIT,Immediate Irrigation Urgently Required,High,Forecasted moisture (1.8%) is below critical wilting threshold (20.0%).,2025-09-19 21:00:00,2025-09-20 21:00:00
1.44,CRITICAL DEFICIT,Immediate Irrigation Urgently Required,High,Forecasted moisture (1.4%) is below critical wilting threshold (20.0%).,2025-09-19 22:00:00,2025-09-20 22:00:00
1.44,CRITICAL DEFICIT,Immediate Irrigation Urgently Required,High,Forecasted moisture (1.4%) is below critical wilting threshold (20.0%).,2025-09-19 23:00:00,2025-09-20 23:00:00
1.37,CRITICAL DEFICIT,Immediate Irrigation Urgently Required,High,Forecasted moisture (1.4%) is below critical wilting threshold (20.0%).,2025-09-20 00:00:00,2025-09-21 00:00:00
1.55,CRITICAL DEFICIT,Immediate Irrigation Urgently Required,High,Forecasted moisture (1.6%) is below critical wilting threshold (20.0%).,2025-09-20 01:00:00,2025-09-21 01:00:00
1.51,CRITICAL DEFICIT,Immediate Irrigation Urgently Required,High,Forecasted moisture (1.5%) is below critical wilting threshold (20.0%).,2025-09-20 02:00:00,2025-09-21 02:00:00
1.32,CRITICAL DEFICIT,Immediate Irrigation Urgently Required,High,Forecasted moisture (1.3%) is below critical wilting threshold (20.0%).,2025-09-20 03:00:00,2025-09-21 03:00:00
1.34,CRITICAL DEFICIT,Immediate Irrigation Urgently Required,High,Forecasted moisture (1.3%) is below critical wilting threshold (20.0%).,2025-09-20 04:00:00,2025-09-21 04:00:00
1.03,CRITICAL DEFICIT,Immediate Irrigation Urgently Required,High,Forecasted moisture (1.0%) is below critical wilting threshold (20.0%).,2025-09-20 05:00:00,2025-09-21 05:00:00
1.33,CRITICAL DEFICIT,Immediate Irrigation Urgently Required,High,Forecasted moisture (1.3%) is below critical wilting threshold (20.0%).,2025-09-20 06:00:00,2025-09-21 06:00:00
1.15,CRITICAL DEFICIT,Immediate Irrigation Urgently Required,High,Forecasted moisture (1.1%) is below critical wilting threshold (20.0%).,2025-09-20 07:00:00,2025-09-21 07:00:00
1.09,CRITICAL DEFICIT,Immediate Irrigation Urgently Required,High,Forecasted moisture (1.1%) is below critical wilting threshold (20.0%).,2025-09-20 08:00:00,2025-09-21 08:00:00
2.31,CRITICAL DEFICIT,Immediate Irrigation Urgently Required,High,Forecasted moisture (2.3%) is below critical wilting threshold (20.0%).,2025-09-20 09:00:00,2025-09-21 09:00:00
2.38,CRITICAL DEFICIT,Immediate Irrigation Urgently Required,High,Forecasted moisture (2.4%) is below critical wilting threshold (20.0%).,2025-09-20 10:00:00,2025-09-21 10:00:00
2.38,CRITICAL DEFICIT,Immediate Irrigation Urgently Required,High,Forecasted moisture (2.4%) is below critical wilting threshold (20.0%).,2025-09-20 11:00:00,2025-09-21 11:00:00
2.35,CRITICAL DEFICIT,Immediate Irrigation Urgently Required,High,Forecasted moisture (2.4%) is below critical wilting threshold (20.0%).,2025-09-20 12:00:00,2025-09-21 12:00:00
1.97,CRITICAL DEFICIT,Immediate Irrigation Urgently Required,High,Forecasted moisture (2.0%) is below critical wilting threshold (20.0%).,2025-09-20 13:00:00,2025-09-21 13:00:00
2.07,CRITICAL DEFICIT,Immediate Irrigation Urgently Required,High,Forecasted moisture (2.1%) is below critical wilting threshold (20.0%).,2025-09-20 14:00:00,2025-09-21 14:00:00
2.13,CRITICAL DEFICIT,Immediate Irrigation Urgently Required,High,Forecasted moisture (2.1%) is below critical wilting threshold (20.0%).,2025-09-20 15:00:00,2025-09-21 15:00:00
2.16,CRITICAL DEFICIT,Immediate Irrigation Urgently Required,High,Forecasted moisture (2.2%) is below critical wilting threshold (20.0%).,2025-09-20 16:00:00,2025-09-21 16:00:00
1.81,CRITICAL DEFICIT,Immediate Irrigation Urgently Required,High,Forecasted moisture (1.8%) is below critical wilting threshold (20.0%).,2025-09-20 17:00:00,2025-09-21 17:00:00
1.89,CRITICAL DEFICIT,Immediate Irrigation Urgently Required,High,Forecasted moisture (1.9%) is below critical wilting threshold (20.0%).,2025-09-20 18:00:00,2025-09-21 18:00:00
1.43,CRITICAL DEFICIT,Immediate Irrigation Urgently Required,High,Forecasted moisture (1.4%) is below critical wilting threshold (20.0%).,2025-09-20 19:00:00,2025-09-21 19:00:00
1.16,CRITICAL DEFICIT,Immediate Irrigation Urgently Required,High,Forecasted moisture (1.2%) is below critical wilting threshold (20.0%).,2025-09-20 20:00:00,2025-09-21 20:00:00
1.5,CRITICAL DEFICIT,Immediate Irrigation Urgently Required,High,Forecasted moisture (1.5%) is below critical wilting threshold (20.0%).,2025-09-20 21:00:00,2025-09-21 21:00:00
1.54,CRITICAL DEFICIT,Immediate Irrigation Urgently Required,High,Forecasted moisture (1.5%) is below critical wilting threshold (20.0%).,2025-09-20 22:00:00,2025-09-21 22:00:00
1.54,CRITICAL DEFICIT,Immediate Irrigation Urgently Required,High,Forecasted moisture (1.5%) is below critical wilting threshold (20.0%).,2025-09-20 23:00:00,2025-09-21 23:00:00
1.6,CRITICAL DEFICIT,Immediate Irrigation Urgently Required,High,Forecasted moisture (1.6%) is below critical wilting threshold (20.0%).,2025-09-21 00:00:00,2025-09-22 00:00:00
1.56,CRITICAL DEFICIT,Immediate Irrigation Urgently Required,High,Forecasted moisture (1.6%) is below critical wilting threshold (20.0%).,2025-09-21 01:00:00,2025-09-22 01:00:00
1.62,CRITICAL DEFICIT,Immediate Irrigation Urgently Required,High,Forecasted moisture (1.6%) is below critical wilting threshold (20.0%).,2025-09-21 02:00:00,2025-09-22 02:00:00
1.51,CRITICAL DEFICIT,Immediate Irrigation Urgently Required,High,Forecasted moisture (1.5%) is below critical wilting threshold (20.0%).,2025-09-21 03:00:00,2025-09-22 03:00:00
1.67,CRITICAL DEFICIT,Immediate Irrigation Urgently Required,High,Forecasted moisture (1.7%) is below critical wilting threshold (20.0%).,2025-09-21 04:00:00,2025-09-22 04:00:00
1.71,CRITICAL DEFICIT,Immediate Irrigation Urgently Required,High,Forecasted moisture (1.7%) is below critical wilting threshold (20.0%).,2025-09-21 05:00:00,2025-09-22 05:00:00
1.31,CRITICAL DEFICIT,Immediate Irrigation Urgently Required,High,Forecasted moisture (1.3%) is below critical wilting threshold (20.0%).,2025-09-21 06:00:00,2025-09-22 06:00:00
1.38,CRITICAL DEFICIT,Immediate Irrigation Urgently Required,High,Forecasted moisture (1.4%) is below critical wilting threshold (20.0%).,2025-09-21 07:00:00,2025-09-22 07:00:00
1.65,CRITICAL DEFICIT,Immediate Irrigation Urgently Required,High,Forecasted moisture (1.6%) is below critical wilting threshold (20.0%).,2025-09-21 08:00:00,2025-09-22 08:00:00
2.0,CRITICAL DEFICIT,Immediate Irrigation Urgently Required,High,Forecasted moisture (2.0%) is below critical wilting threshold (20.0%).,2025-09-21 09:00:00,2025-09-22 09:00:00
2.03,CRITICAL DEFICIT,Immediate Irrigation Urgently Required,High,Forecasted moisture (2.0%) is below critical wilting threshold (20.0%).,2025-09-21 10:00:00,2025-09-22 10:00:00
2.01,CRITICAL DEFICIT,Immediate Irrigation Urgently Required,High,Forecasted moisture (2.0%) is below critical wilting threshold (20.0%).,2025-09-21 11:00:00,2025-09-22 11:00:00
2.0,CRITICAL DEFICIT,Immediate Irrigation Urgently Required,High,Forecasted moisture (2.0%) is below critical wilting threshold (20.0%).,2025-09-21 12:00:00,2025-09-22 12:00:00
2.01,CRITICAL DEFICIT,Immediate Irrigation Urgently Required,High,Forecasted moisture (2.0%) is below critical wilting threshold (20.0%).,2025-09-21 13:00:00,2025-09-22 13:00:00
2.05,CRITICAL DEFICIT,Immediate Irrigation Urgently Required,High,Forecasted moisture (2.1%) is below critical wilting threshold (20.0%).,2025-09-21 14:00:00,2025-09-22 14:00:00
2.14,CRITICAL DEFICIT,Immediate Irrigation Urgently Required,High,Forecasted moisture (2.1%) is below critical wilting threshold (20.0%).,2025-09-21 15:00:00,2025-09-22 15:00:00
2.17,CRITICAL DEFICIT,Immediate Irrigation Urgently Required,High,Forecasted moisture (2.2%) is below critical wilting threshold (20.0%).,2025-09-21 16:00:00,2025-09-22 16:00:00
2.16,CRITICAL DEFICIT,Immediate Irrigation Urgently Required,High,Forecasted moisture (2.2%) is below critical wilting threshold (20.0%).,2025-09-21 17:00:00,2025-09-22 17:00:00
1.82,CRITICAL DEFICIT,Immediate Irrigation Urgently Required,High,Forecasted moisture (1.8%) is below critical wilting threshold (20.0%).,2025-09-21 18:00:00,2025-09-22 18:00:00
1.51,CRITICAL DEFICIT,Immediate Irrigation Urgently Required,High,Forecasted moisture (1.5%) is below critical wilting threshold (20.0%).,2025-09-21 19:00:00,2025-09-22 19:00:00
1.27,CRITICAL DEFICIT,Immediate Irrigation Urgently Required,High,Forecasted moisture (1.3%) is below critical wilting threshold (20.0%).,2025-09-21 20:00:00,2025-09-22 20:00:00
1.56,CRITICAL DEFICIT,Immediate Irrigation Urgently Required,High,Forecasted moisture (1.6%) is below critical wilting threshold (20.0%).,2025-09-21 21:00:00,2025-09-22 21:00:00
1.58,CRITICAL DEFICIT,Immediate Irrigation Urgently Required,High,Forecasted moisture (1.6%) is below critical wilting threshold (20.0%).,2025-09-21 22:00:00,2025-09-22 22:00:00
1.59,CRITICAL DEFICIT,Immediate Irrigation Urgently Required,High,Forecasted moisture (1.6%) is below critical wilting threshold (20.0%).,2025-09-21 23:00:00,2025-09-22 23:00:00
1.65,CRITICAL DEFICIT,Immediate Irrigation Urgently Required,High,Forecasted moisture (1.7%) is below critical wilting threshold (20.0%).,2025-09-22 00:00:00,2025-09-23 00:00:00
1.62,CRITICAL DEFICIT,Immediate Irrigation Urgently Required,High,Forecasted moisture (1.6%) is below critical wilting threshold (20.0%).,2025-09-22 01:00:00,2025-09-23 01:00:00
1.55,CRITICAL DEFICIT,Immediate Irrigation Urgently Required,High,Forecasted moisture (1.5%) is below critical wilting threshold (20.0%).,2025-09-22 02:00:00,2025-09-23 02:00:00
1.56,CRITICAL DEFICIT,Immediate Irrigation Urgently Required,High,Forecasted moisture (1.6%) is below critical wilting threshold (20.0%).,2025-09-22 03:00:00,2025-09-23 03:00:00
1.58,CRITICAL DEFICIT,Immediate Irrigation Urgently Required,High,Forecasted moisture (1.6%) is below critical wilting threshold (20.0%).,2025-09-22 04:00:00,2025-09-23 04:00:00
1.56,CRITICAL DEFICIT,Immediate Irrigation Urgently Required,High,Forecasted moisture (1.6%) is below critical wilting threshold (20.0%).,2025-09-22 05:00:00,2025-09-23 05:00:00
1.24,CRITICAL DEFICIT,Immediate Irrigation Urgently Required,High,Forecasted moisture (1.2%) is below critical wilting threshold (20.0%).,2025-09-22 06:00:00,2025-09-23 06:00:00
1.28,CRITICAL DEFICIT,Immediate Irrigation Urgently Required,High,Forecasted moisture (1.3%) is below critical wilting threshold (20.0%).,2025-09-22 07:00:00,2025-09-23 07:00:00
1.56,CRITICAL DEFICIT,Immediate Irrigation Urgently Required,High,Forecasted moisture (1.6%) is below critical wilting threshold (20.0%).,2025-09-22 08:00:00,2025-09-23 08:00:00
2.3,CRITICAL DEFICIT,Immediate Irrigation Urgently Required,High,Forecasted moisture (2.3%) is below critical wilting threshold (20.0%).,2025-09-22 09:00:00,2025-09-23 09:00:00
2.31,CRITICAL DEFICIT,Immediate Irrigation Urgently Required,High,Forecasted moisture (2.3%) is below critical wilting threshold (20.0%).,2025-09-22 10:00:00,2025-09-23 10:00:00
2.04,CRITICAL DEFICIT,Immediate Irrigation Urgently Required,High,Forecasted moisture (2.0%) is below critical wilting threshold (20.0%).,2025-09-22 11:00:00,2025-09-23 11:00:00
2.03,CRITICAL DEFICIT,Immediate Irrigation Urgently Required,High,Forecasted moisture (2.0%) is below critical wilting threshold (20.0%).,2025-09-22 12:00:00,2025-09-23 12:00:00
2.05,CRITICAL DEFICIT,Immediate Irrigation Urgently Required,High,Forecasted moisture (2.1%) is below critical wilting threshold (20.0%).,2025-09-22 13:00:00,2025-09-23 13:00:00
2.1,CRITICAL DEFICIT,Immediate Irrigation Urgently Required,High,Forecasted moisture (2.1%) is below critical wilting threshold (20.0%).,2025-09-22 14:00:00,2025-09-23 14:00:00
2.13,CRITICAL DEFICIT,Immediate Irrigation Urgently Required,High,Forecasted moisture (2.1%) is below critical wilting threshold (20.0%).,2025-09-22 15:00:00,2025-09-23 15:00:00
2.22,CRITICAL DEFICIT,Immediate Irrigation Urgently Required,High,Forecasted moisture (2.2%) is below critical wilting threshold (20.0%).,2025-09-22 16:00:00,2025-09-23 16:00:00
2.2,CRITICAL DEFICIT,Immediate Irrigation Urgently Required,High,Forecasted moisture (2.2%) is below critical wilting threshold (20.0%).,2025-09-22 17:00:00,2025-09-23 17:00:00
1.83,CRITICAL DEFICIT,Immediate Irrigation Urgently Required,High,Forecasted moisture (1.8%) is below critical wilting threshold (20.0%).,2025-09-22 18:00:00,2025-09-23 18:00:00
1.56,CRITICAL DEFICIT,Immediate Irrigation Urgently Required,High,Forecasted moisture (1.6%) is below critical wilting threshold (20.0%).,2025-09-22 19:00:00,2025-09-23 19:00:00
1.31,CRITICAL DEFICIT,Immediate Irrigation Urgently Required,High,Forecasted moisture (1.3%) is below critical wilting threshold (20.0%).,2025-09-22 20:00:00,2025-09-23 20:00:00
1.85,CRITICAL DEFICIT,Immediate Irrigation Urgently Required,High,Forecasted moisture (1.9%) is below critical wilting threshold (20.0%).,2025-09-22 21:00:00,2025-09-23 21:00:00
1.63,CRITICAL DEFICIT,Immediate Irrigation Urgently Required,High,Forecasted moisture (1.6%) is below critical wilting threshold (20.0%).,2025-09-22 22:00:00,2025-09-23 22:00:00
1.65,CRITICAL DEFICIT,Immediate Irrigation Urgently Required,High,Forecasted moisture (1.7%) is below critical wilting threshold (20.0%).,2025-09-22 23:00:00,2025-09-23 23:00:00
1.55,CRITICAL DEFICIT,Immediate Irrigation Urgently Required,High,Forecasted moisture (1.5%) is below critical wilting threshold (20.0%).,2025-09-23 00:00:00,2025-09-24 00:00:00
1.6,CRITICAL DEFICIT,Immediate Irrigation Urgently Required,High,Forecasted moisture (1.6%) is below critical wilting threshold (20.0%).,2025-09-23 01:00:00,2025-09-24 01:00:00
1.64,CRITICAL DEFICIT,Immediate Irrigation Urgently Required,High,Forecasted moisture (1.6%) is below critical wilting threshold (20.0%).,2025-09-23 02:00:00,2025-09-24 02:00:00
1.65,CRITICAL DEFICIT,Immediate Irrigation Urgently Required,High,Forecasted moisture (1.7%) is below critical wilting threshold (20.0%).,2025-09-23 03:00:00,2025-09-24 03:00:00
1.2,CRITICAL DEFICIT,Immediate Irrigation Urgently Required,High,Forecasted moisture (1.2%) is below critical wilting threshold (20.0%).,2025-09-23 04:00:00,2025-09-24 04:00:00
1.15,CRITICAL DEFICIT,Immediate Irrigation Urgently Required,High,Forecasted moisture (1.1%) is below critical wilting threshold (20.0%).,2025-09-23 05:00:00,2025-09-24 05:00:00
1.18,CRITICAL DEFICIT,Immediate Irrigation Urgently Required,High,Forecasted moisture (1.2%) is below critical wilting threshold (20.0%).,2025-09-23 06:00:00,2025-09-24 06:00:00
1.02,CRITICAL DEFICIT,Immediate Irrigation Urgently Required,High,Forecasted moisture (1.0%) is below critical wilting threshold (20.0%).,2025-09-23 07:00:00,2025-09-24 07:00:00
1.0,CRITICAL DEFICIT,Immediate Irrigation Urgently Required,High,Forecasted moisture (1.0%) is below critical wilting threshold (20.0%).,2025-09-23 08:00:00,2025-09-24 08:00:00
2.23,CRITICAL DEFICIT,Immediate Irrigation Urgently Required,High,Forecasted moisture (2.2%) is below critical wilting threshold (20.0%).,2025-09-23 09:00:00,2025-09-24 09:00:00
2.33,CRITICAL DEFICIT,Immediate Irrigation Urgently Required,High,Forecasted moisture (2.3%) is below critical wilting threshold (20.0%).,2025-09-23 10:00:00,2025-09-24 10:00:00
2.4,CRITICAL DEFICIT,Immediate Irrigation Urgently Required,High,Forecasted moisture (2.4%) is below critical wilting threshold (20.0%).,2025-09-23 11:00:00,2025-09-24 11:00:00
2.85,CRITICAL DEFICIT,Immediate Irrigation Urgently Required,High,Forecasted moisture (2.8%) is below critical wilting threshold (20.0%).,2025-09-23 12:00:00,2025-09-24 12:00:00
3.17,CRITICAL DEFICIT,Immediate Irrigation Urgently Required,High,Forecasted moisture (3.2%) is below critical wilting threshold (20.0%).,2025-09-23 13:00:00,2025-09-24 13:00:00
2.95,CRITICAL DEFICIT,Immediate Irrigation Urgently Required,High,Forecasted moisture (3.0%) is below critical wilting threshold (20.0%).,2025-09-23 14:00:00,2025-09-24 14:00:00
3.05,CRITICAL DEFICIT,Immediate Irrigation Urgently Required,High,Forecasted moisture (3.1%) is below critical wilting threshold (20.0%).,2025-09-23 15:00:00,2025-09-24 15:00:00
1.99,CRITICAL DEFICIT,Immediate Irrigation Urgently Required,High,Forecasted moisture (2.0%) is below critical wilting threshold (20.0%).,2025-09-23 16:00:00,2025-09-24 16:00:00
2.01,CRITICAL DEFICIT,Immediate Irrigation Urgently Required,High,Forecasted moisture (2.0%) is below critical wilting threshold (20.0%).,2025-09-23 17:00:00,2025-09-24 17:00:00
2.01,CRITICAL DEFICIT,Immediate Irrigation Urgently Required,High,Forecasted moisture (2.0%) is below critical wilting threshold (20.0%).,2025-09-23 18:00:00,2025-09-24 18:00:00
2.66,CRITICAL DEFICIT,Immediate Irrigation Urgently Required,High,Forecasted moisture (2.7%) is below critical wilting threshold (20.0%).,2025-09-23 19:00:00,2025-09-24 19:00:00
2.73,CRITICAL DEFICIT,Immediate Irrigation Urgently Required,High,Forecasted moisture (2.7%) is below critical wilting threshold (20.0%).,2025-09-23 20:00:00,2025-09-24 20:00:00
2.46,CRITICAL DEFICIT,Immediate Irrigation Urgently Required,High,Forecasted moisture (2.5%) is below critical wilting threshold (20.0%).,2025-09-23 21:00:00,2025-09-24 21:00:00
2.78,CRITICAL DEFICIT,Immediate Irrigation Urgently Required,High,Forecasted moisture (2.8%) is below critical wilting threshold (20.0%).,2025-09-23 22:00:00,2025-09-24 22:00:00
2.84,CRITICAL DEFICIT,Immediate Irrigation Urgently Required,High,Forecasted moisture (2.8%) is below critical wilting threshold (20.0%).,2025-09-23 23:00:00,2025-09-24 23:00:00
2.79,CRITICAL DEFICIT,Immediate Irrigation Urgently Required,High,Forecasted moisture (2.8%) is below critical wilting threshold (20.0%).,2025-09-24 00:00:00,2025-09-25 00:00:00
2.54,CRITICAL DEFICIT,Immediate Irrigation Urgently Required,High,Forecasted moisture (2.5%) is below critical wilting threshold (20.0%).,2025-09-24 01:00:00,2025-09-25 01:00:00
2.39,CRITICAL DEFICIT,Immediate Irrigation Urgently Required,High,Forecasted moisture (2.4%) is below critical wilting threshold (20.0%).,2025-09-24 02:00:00,2025-09-25 02:00:00
2.49,CRITICAL DEFICIT,Immediate Irrigation Urgently Required,High,Forecasted moisture (2.5%) is below critical wilting threshold (20.0%).,2025-09-24 03:00:00,2025-09-25 03:00:00
2.47,CRITICAL DEFICIT,Immediate Irrigation Urgently Required,High,Forecasted moisture (2.5%) is below critical wilting threshold (20.0%).,2025-09-24 04:00:00,2025-09-25 04:00:00
2.36,CRITICAL DEFICIT,Immediate Irrigation Urgently Required,High,Forecasted moisture (2.4%) is below critical wilting threshold (20.0%).,2025-09-24 05:00:00,2025-09-25 05:00:00
2.38,CRITICAL DEFICIT,Immediate Irrigation Urgently Required,High,Forecasted moisture (2.4%) is below critical wilting threshold (20.0%).,2025-09-24 06:00:00,2025-09-25 06:00:00
2.33,CRITICAL DEFICIT,Immediate Irrigation Urgently Required,High,Forecasted moisture (2.3%) is below critical wilting threshold (20.0%).,2025-09-24 07:00:00,2025-09-25 07:00:00
2.55,CRITICAL DEFICIT,Immediate Irrigation Urgently Required,High,Forecasted moisture (2.6%) is below critical wilting threshold (20.0%).,2025-09-24 08:00:00,2025-09-25 08:00:00
3.15,CRITICAL DEFICIT,Immediate Irrigation Urgently Required,High,Forecasted moisture (3.1%) is below critical wilting threshold (20.0%).,2025-09-24 09:00:00,2025-09-25 09:00:00
3.48,CRITICAL DEFICIT,Immediate Irrigation Urgently Required,High,Forecasted moisture (3.5%) is below critical wilting threshold (20.0%).,2025-09-24 10:00:00,2025-09-25 10:00:00
3.51,CRITICAL DEFICIT,Immediate Irrigation Urgently Required,High,Forecasted moisture (3.5%) is below critical wilting threshold (20.0%).,2025-09-24 11:00:00,2025-09-25 11:00:00
3.48,CRITICAL DEFICIT,Immediate Irrigation Urgently Required,High,Forecasted moisture (3.5%) is below critical wilting threshold (20.0%).,2025-09-24 12:00:00,2025-09-25 12:00:00
2.88,CRITICAL DEFICIT,Immediate Irrigation Urgently Required,High,Forecasted moisture (2.9%) is below critical wilting threshold (20.0%).,2025-09-24 13:00:00,2025-09-25 13:00:00
2.42,CRITICAL DEFICIT,Immediate Irrigation Urgently Required,High,Forecasted moisture (2.4%) is below critical wilting threshold (20.0%).,2025-09-24 14:00:00,2025-09-25 14:00:00
2.39,CRITICAL DEFICIT,Immediate Irrigation Urgently Required,High,Forecasted moisture (2.4%) is below critical wilting threshold (20.0%).,2025-09-24 15:00:00,2025-09-25 15:00:00
2.39,CRITICAL DEFICIT,Immediate Irrigation Urgently Required,High,Forecasted moisture (2.4%) is below critical wilting threshold (20.0%).,2025-09-24 16:00:00,2025-09-25 16:00:00
2.62,CRITICAL DEFICIT,Immediate Irrigation Urgently Required,High,Forecasted moisture (2.6%) is below critical wilting threshold (20.0%).,2025-09-24 17:00:00,2025-09-25 17:00:00
2.47,CRITICAL DEFICIT,Immediate Irrigation Urgently Required,High,Forecasted moisture (2.5%) is below critical wilting threshold (20.0%).,2025-09-24 18:00:00,2025-09-25 18:00:00
2.47,CRITICAL DEFICIT,Immediate Irrigation Urgently Required,High,Forecasted moisture (2.5%) is below critical wilting threshold (20.0%).,2025-09-24 19:00:00,2025-09-25 19:00:00
2.47,CRITICAL DEFICIT,Immediate Irrigation Urgently Required,High,Forecasted moisture (2.5%) is below critical wilting threshold (20.0%).,2025-09-24 20:00:00,2025-09-25 20:00:00
2.49,CRITICAL DEFICIT,Immediate Irrigation Urgently Required,High,Forecasted moisture (2.5%) is below critical wilting threshold (20.0%).,2025-09-24 21:00:00,2025-09-25 21:00:00
2.51,CRITICAL DEFICIT,Immediate Irrigation Urgently Required,High,Forecasted moisture (2.5%) is below critical wilting threshold (20.0%).,2025-09-24 22:00:00,2025-09-25 22:00:00
2.5,CRITICAL DEFICIT,Immediate Irrigation Urgently Required,High,Forecasted moisture (2.5%) is below critical wilting threshold (20.0%).,2025-09-24 23:00:00,2025-09-25 23:00:00
1.99,CRITICAL DEFICIT,Immediate Irrigation Urgently Required,High,Forecasted moisture (2.0%) is below critical wilting threshold (20.0%).,2025-09-25 00:00:00,2025-09-26 00:00:00
1.94,CRITICAL DEFICIT,Immediate Irrigation Urgently Required,High,Forecasted moisture (1.9%) is below critical wilting threshold (20.0%).,2025-09-25 01:00:00,2025-09-26 01:00:00
2.07,CRITICAL DEFICIT,Immediate Irrigation Urgently Required,High,Forecasted moisture (2.1%) is below critical wilting threshold (20.0%).,2025-09-25 02:00:00,2025-09-26 02:00:00
2.09,CRITICAL DEFICIT,Immediate Irrigation Urgently Required,High,Forecasted moisture (2.1%) is below critical wilting threshold (20.0%).,2025-09-25 03:00:00,2025-09-26 03:00:00
2.22,CRITICAL DEFICIT,Immediate Irrigation Urgently Required,High,Forecasted moisture (2.2%) is below critical wilting threshold (20.0%).,2025-09-25 04:00:00,2025-09-26 04:00:00
2.24,CRITICAL DEFICIT,Immediate Irrigation Urgently Required,High,Forecasted moisture (2.2%) is below critical wilting threshold (20.0%).,2025-09-25 05:00:00,2025-09-26 05:00:00
2.23,CRITICAL DEFICIT,Immediate Irrigation Urgently Required,High,Forecasted moisture (2.2%) is below critical wilting threshold (20.0%).,2025-09-25 06:00:00,2025-09-26 06:00:00
2.24,CRITICAL DEFICIT,Immediate Irrigation Urgently Required,High,Forecasted moisture (2.2%) is below critical wilting threshold (20.0%).,2025-09-25 07:00:00,2025-09-26 07:00:00
2.36,CRITICAL DEFICIT,Immediate Irrigation Urgently Required,High,Forecasted moisture (2.4%) is below critical wilting threshold (20.0%).,2025-09-25 08:00:00,2025-09-26 08:00:00
2.54,CRITICAL DEFICIT,Immediate Irrigation Urgently Required,High,Forecasted moisture (2.5%) is below critical wilting threshold (20.0%).,2025-09-25 09:00:00,2025-09-26 09:00:00
2.49,CRITICAL DEFICIT,Immediate Irrigation Urgently Required,High,Forecasted moisture (2.5%) is below critical wilting threshold (20.0%).,2025-09-25 10:00:00,2025-09-26 10:00:00
2.43,CRITICAL DEFICIT,Immediate Irrigation Urgently Required,High,Forecasted moisture (2.4%) is below critical wilting threshold (20.0%).,2025-09-25 11:00:00,2025-09-26 11:00:00
1.83,CRITICAL DEFICIT,Immediate Irrigation Urgently Required,High,Forecasted moisture (1.8%) is below critical wilting threshold (20.0%).,2025-09-25 12:00:00,2025-09-26 12:00:00
1.39,CRITICAL DEFICIT,Immediate Irrigation Urgently Required,High,Forecasted moisture (1.4%) is below critical wilting threshold (20.0%).,2025-09-25 13:00:00,2025-09-26 13:00:00
1.47,CRITICAL DEFICIT,Immediate Irrigation Urgently Required,High,Forecasted moisture (1.5%) is below critical wilting threshold (20.0%).,2025-09-25 14:00:00,2025-09-26 14:00:00
1.39,CRITICAL DEFICIT,Immediate Irrigation Urgently Required,High,Forecasted moisture (1.4%) is below critical wilting threshold (20.0%).,2025-09-25 15:00:00,2025-09-26 15:00:00
1.53,CRITICAL DEFICIT,Immediate Irrigation Urgently Required,High,Forecasted moisture (1.5%) is below critical wilting threshold (20.0%).,2025-09-25 16:00:00,2025-09-26 16:00:00
1.53,CRITICAL DEFICIT,Immediate Irrigation Urgently Required,High,Forecasted moisture (1.5%) is below critical wilting threshold (20.0%).,2025-09-25 17:00:00,2025-09-26 17:00:00
1.65,CRITICAL DEFICIT,Immediate Irrigation Urgently Required,High,Forecasted moisture (1.6%) is below critical wilting threshold (20.0%).,2025-09-25 18:00:00,2025-09-26 18:00:00
1.65,CRITICAL DEFICIT,Immediate Irrigation Urgently Required,High,Forecasted moisture (1.7%) is below critical wilting threshold (20.0%).,2025-09-25 19:00:00,2025-09-26 19:00:00
1.62,CRITICAL DEFICIT,Immediate Irrigation Urgently Required,High,Forecasted moisture (1.6%) is below critical wilting threshold (20.0%).,2025-09-25 20:00:00,2025-09-26 20:00:00
1.66,CRITICAL DEFICIT,Immediate Irrigation Urgently Required,High,Forecasted moisture (1.7%) is below critical wilting threshold (20.0%).,2025-09-25 21:00:00,2025-09-26 21:00:00
1.64,CRITICAL DEFICIT,Immediate Irrigation Urgently Required,High,Forecasted moisture (1.6%) is below critical wilting threshold (20.0%).,2025-09-25 22:00:00,2025-09-26 22:00:00
1.78,CRITICAL DEFICIT,Immediate Irrigation Urgently Required,High,Forecasted moisture (1.8%) is below critical wilting threshold (20.0%).,2025-09-25 23:00:00,2025-09-26 23:00:00
1.77,CRITICAL DEFICIT,Immediate Irrigation Urgently Required,High,Forecasted moisture (1.8%) is below critical wilting threshold (20.0%).,2025-09-26 00:00:00,2025-09-27 00:00:00
1.71,CRITICAL DEFICIT,Immediate Irrigation Urgently Required,High,Forecasted moisture (1.7%) is below critical wilting threshold (20.0%).,2025-09-26 01:00:00,2025-09-27 01:00:00
1.64,CRITICAL DEFICIT,Immediate Irrigation Urgently Required,High,Forecasted moisture (1.6%) is below critical wilting threshold (20.0%).,2025-09-26 02:00:00,2025-09-27 02:00:00
1.67,CRITICAL DEFICIT,Immediate Irrigation Urgently Required,High,Forecasted moisture (1.7%) is below critical wilting threshold (20.0%).,2025-09-26 03:00:00,2025-09-27 03:00:00
1.64,CRITICAL DEFICIT,Immediate Irrigation Urgently Required,High,Forecasted moisture (1.6%) is below critical wilting threshold (20.0%).,2025-09-26 04:00:00,2025-09-27 04:00:00
1.68,CRITICAL DEFICIT,Immediate Irrigation Urgently Required,High,Forecasted moisture (1.7%) is below critical wilting threshold (20.0%).,2025-09-26 05:00:00,2025-09-27 05:00:00
1.73,CRITICAL DEFICIT,Immediate Irrigation Urgently Required,High,Forecasted moisture (1.7%) is below critical wilting threshold (20.0%).,2025-09-26 06:00:00,2025-09-27 06:00:00
1.65,CRITICAL DEFICIT,Immediate Irrigation Urgently Required,High,Forecasted moisture (1.7%) is below critical wilting threshold (20.0%).,2025-09-26 07:00:00,2025-09-27 07:00:00
1.73,CRITICAL DEFICIT,Immediate Irrigation Urgently Required,High,Forecasted moisture (1.7%) is below critical wilting threshold (20.0%).,2025-09-26 08:00:00,2025-09-27 08:00:00
1.26,CRITICAL DEFICIT,Immediate Irrigation Urgently Required,High,Forecasted moisture (1.3%) is below critical wilting threshold (20.0%).,2025-09-26 09:00:00,2025-09-27 09:00:00
1.16,CRITICAL DEFICIT,Immediate Irrigation Urgently Required,High,Forecasted moisture (1.2%) is below critical wilting threshold (20.0%).,2025-09-26 10:00:00,2025-09-27 10:00:00
1.18,CRITICAL DEFICIT,Immediate Irrigation Urgently Required,High,Forecasted moisture (1.2%) is below critical wilting threshold (20.0%).,2025-09-26 11:00:00,2025-09-27 11:00:00
1.11,CRITICAL DEFICIT,Immediate Irrigation Urgently Required,High,Forecasted moisture (1.1%) is below critical wilting threshold (20.0%).,2025-09-26 12:00:00,2025-09-27 12:00:00
1.07,CRITICAL DEFICIT,Immediate Irrigation Urgently Required,High,Forecasted moisture (1.1%) is below critical wilting threshold (20.0%).,2025-09-26 13:00:00,2025-09-27 13:00:00
1.11,CRITICAL DEFICIT,Immediate Irrigation Urgently Required,High,Forecasted moisture (1.1%) is below critical wilting threshold (20.0%).,2025-09-26 14:00:00,2025-09-27 14:00:00
1.11,CRITICAL DEFICIT,Immediate Irrigation Urgently Required,High,Forecasted moisture (1.1%) is below critical wilting threshold (20.0%).,2025-09-26 15:00:00,2025-09-27 15:00:00
1.2,CRITICAL DEFICIT,Immediate Irrigation Urgently Required,High,Forecasted moisture (1.2%) is below critical wilting threshold (20.0%).,2025-09-26 16:00:00,2025-09-27 16:00:00
1.1,CRITICAL DEFICIT,Immediate Irrigation Urgently Required,High,Forecasted moisture (1.1%) is below critical wilting threshold (20.0%).,2025-09-26 17:00:00,2025-09-27 17:00:00
1.16,CRITICAL DEFICIT,Immediate Irrigation Urgently Required,High,Forecasted moisture (1.2%) is below critical wilting threshold (20.0%).,2025-09-26 18:00:00,2025-09-27 18:00:00
1.15,CRITICAL DEFICIT,Immediate Irrigation Urgently Required,High,Forecasted moisture (1.1%) is below critical wilting threshold (20.0%).,2025-09-26 19:00:00,2025-09-27 19:00:00
1.08,CRITICAL DEFICIT,Immediate Irrigation Urgently Required,High,Forecasted moisture (1.1%) is below critical wilting threshold (20.0%).,2025-09-26 20:00:00,2025-09-27 20:00:00
1.06,CRITICAL DEFICIT,Immediate Irrigation Urgently Required,High,Forecasted moisture (1.1%) is below critical wilting threshold (20.0%).,2025-09-26 21:00:00,2025-09-27 21:00:00
1.12,CRITICAL DEFICIT,Immediate Irrigation Urgently Required,High,Forecasted moisture (1.1%) is below critical wilting threshold (20.0%).,2025-09-26 22:00:00,2025-09-27 22:00:00
1.06,CRITICAL DEFICIT,Immediate Irrigation Urgently Required,High,Forecasted moisture (1.1%) is below critical wilting threshold (20.0%).,2025-09-26 23:00:00,2025-09-27 23:00:00
1.06,CRITICAL DEFICIT,Immediate Irrigation Urgently Required,High,Forecasted moisture (1.1%) is below critical wilting threshold (20.0%).,2025-09-27 00:00:00,2025-09-28 00:00:00
1.16,CRITICAL DEFICIT,Immediate Irrigation Urgently Required,High,Forecasted moisture (1.2%) is below critical wilting threshold (20.0%).,2025-09-27 01:00:00,2025-09-28 01:00:00
1.18,CRITICAL DEFICIT,Immediate Irrigation Urgently Required,High,Forecasted moisture (1.2%) is below critical wilting threshold (20.0%).,2025-09-27 02:00:00,2025-09-28 02:00:00
1.17,CRITICAL DEFICIT,Immediate Irrigation Urgently Required,High,Forecasted moisture (1.2%) is below critical wilting threshold (20.0%).,2025-09-27 03:00:00,2025-09-28 03:00:00
1.17,CRITICAL DEFICIT,Immediate Irrigation Urgently Required,High,Forecasted moisture (1.2%) is below critical wilting threshold (20.0%).,2025-09-27 04:00:00,2025-09-28 04:00:00
1.24,CRITICAL DEFICIT,Immediate Irrigation Urgently Required,High,Forecasted moisture (1.2%) is below critical wilting threshold (20.0%).,2025-09-27 05:00:00,2025-09-28 05:00:00
1.24,CRITICAL DEFICIT,Immediate Irrigation Urgently Required,High,Forecasted moisture (1.2%) is below critical wilting threshold (20.0%).,2025-09-27 06:00:00,2025-09-28 06:00:00
1.14,CRITICAL DEFICIT,Immediate Irrigation Urgently Required,High,Forecasted moisture (1.1%) is below critical wilting threshold (20.0%).,2025-09-27 07:00:00,2025-09-28 07:00:00
1.14,CRITICAL DEFICIT,Immediate Irrigation Urgently Required,High,Forecasted moisture (1.1%) is below critical wilting threshold (20.0%).,2025-09-27 08:00:00,2025-09-28 08:00:00
1.04,CRITICAL DEFICIT,Immediate Irrigation Urgently Required,High,Forecasted moisture (1.0%) is below critical wilting threshold (20.0%).,2025-09-27 09:00:00,2025-09-28 09:00:00
1.06,CRITICAL DEFICIT,Immediate Irrigation Urgently Required,High,Forecasted moisture (1.1%) is below critical wilting threshold (20.0%).,2025-09-27 10:00:00,2025-09-28 10:00:00
1.05,CRITICAL DEFICIT,Immediate Irrigation Urgently Required,High,Forecasted moisture (1.1%) is below critical wilting threshold (20.0%).,2025-09-27 11:00:00,2025-09-28 11:00:00
1.03,CRITICAL DEFICIT,Immediate Irrigation Urgently Required,High,Forecasted moisture (1.0%) is below critical wilting threshold (20.0%).,2025-09-27 12:00:00,2025-09-28 12:00:00
1.03,CRITICAL DEFICIT,Immediate Irrigation Urgently Required,High,Forecasted moisture (1.0%) is below critical wilting threshold (20.0%).,2025-09-27 13:00:00,2025-09-28 13:00:00
1.14,CRITICAL DEFICIT,Immediate Irrigation Urgently Required,High,Forecasted moisture (1.1%) is below critical wilting threshold (20.0%).,2025-09-27 14:00:00,2025-09-28 14:00:00
1.07,CRITICAL DEFICIT,Immediate Irrigation Urgently Required,High,Forecasted moisture (1.1%) is below critical wilting threshold (20.0%).,2025-09-27 15:00:00,2025-09-28 15:00:00
1.17,CRITICAL DEFICIT,Immediate Irrigation Urgently Required,High,Forecasted moisture (1.2%) is below critical wilting threshold (20.0%).,2025-09-27 16:00:00,2025-09-28 16:00:00
1.16,CRITICAL DEFICIT,Immediate Irrigation Urgently Required,High,Forecasted moisture (1.2%) is below critical wilting threshold (20.0%).,2025-09-27 17:00:00,2025-09-28 17:00:00
1.08,CRITICAL DEFICIT,Immediate Irrigation Urgently Required,High,Forecasted moisture (1.1%) is below critical wilting threshold (20.0%).,2025-09-27 18:00:00,2025-09-28 18:00:00
1.11,CRITICAL DEFICIT,Immediate Irrigation Urgently Required,High,Forecasted moisture (1.1%) is below critical wilting threshold (20.0%).,2025-09-27 19:00:00,2025-09-28 19:00:00
1.06,CRITICAL DEFICIT,Immediate Irrigation Urgently Required,High,Forecasted moisture (1.1%) is below critical wilting threshold (20.0%).,2025-09-27 20:00:00,2025-09-28 20:00:00
1.11,CRITICAL DEFICIT,Immediate Irrigation Urgently Required,High,Forecasted moisture (1.1%) is below critical wilting threshold (20.0%).,2025-09-27 21:00:00,2025-09-28 21:00:00
1.09,CRITICAL DEFICIT,Immediate Irrigation Urgently Required,High,Forecasted moisture (1.1%) is below critical wilting threshold (20.0%).,2025-09-27 22:00:00,2025-09-28 22:00:00
1.09,CRITICAL DEFICIT,Immediate Irrigation Urgently Required,High,Forecasted moisture (1.1%) is below critical wilting threshold (20.0%).,2025-09-27 23:00:00,2025-09-28 23:00:00
1.09,CRITICAL DEFICIT,Immediate Irrigation Urgently Required,High,Forecasted moisture (1.1%) is below critical wilting threshold (20.0%).,2025-09-28 00:00:00,2025-09-29 00:00:00
1.08,CRITICAL DEFICIT,Immediate Irrigation Urgently Required,High,Forecasted moisture (1.1%) is below critical wilting threshold (20.0%).,2025-09-28 01:00:00,2025-09-29 01:00:00
1.08,CRITICAL DEFICIT,Immediate Irrigation Urgently Required,High,Forecasted moisture (1.1%) is below critical wilting threshold (20.0%).,2025-09-28 02:00:00,2025-09-29 02:00:00
1.07,CRITICAL DEFICIT,Immediate Irrigation Urgently Required,High,Forecasted moisture (1.1%) is below critical wilting threshold (20.0%).,2025-09-28 03:00:00,2025-09-29 03:00:00
1.16,CRITICAL DEFICIT,Immediate Irrigation Urgently Required,High,Forecasted moisture (1.2%) is below critical wilting threshold (20.0%).,2025-09-28 04:00:00,2025-09-29 04:00:00
1.17,CRITICAL DEFICIT,Immediate Irrigation Urgently Required,High,Forecasted moisture (1.2%) is below critical wilting threshold (20.0%).,2025-09-28 05:00:00,2025-09-29 05:00:00
1.17,CRITICAL DEFICIT,Immediate Irrigation Urgently Required,High,Forecasted moisture (1.2%) is below critical wilting threshold (20.0%).,2025-09-28 06:00:00,2025-09-29 06:00:00
1.07,CRITICAL DEFICIT,Immediate Irrigation Urgently Required,High,Forecasted moisture (1.1%) is below critical wilting threshold (20.0%).,2025-09-28 07:00:00,2025-09-29 07:00:00
1.1,CRITICAL DEFICIT,Immediate Irrigation Urgently Required,High,Forecasted moisture (1.1%) is below critical wilting threshold (20.0%).,2025-09-28 08:00:00,2025-09-29 08:00:00
1.01,CRITICAL DEFICIT,Immediate Irrigation Urgently Required,High,Forecasted moisture (1.0%) is below critical wilting threshold (20.0%).,2025-09-28 09:00:00,2025-09-29 09:00:00
1.16,CRITICAL DEFICIT,Immediate Irrigation Urgently Required,High,Forecasted moisture (1.2%) is below critical wilting threshold (20.0%).,2025-09-28 10:00:00,2025-09-29 10:00:00
1.04,CRITICAL DEFICIT,Immediate Irrigation Urgently Required,High,Forecasted moisture (1.0%) is below critical wilting threshold (20.0%).,2025-09-28 11:00:00,2025-09-29 11:00:00
1.02,CRITICAL DEFICIT,Immediate Irrigation Urgently Required,High,Forecasted moisture (1.0%) is below critical wilting threshold (20.0%).,2025-09-28 12:00:00,2025-09-29 12:00:00
1.04,CRITICAL DEFICIT,Immediate Irrigation Urgently Required,High,Forecasted moisture (1.0%) is below critical wilting threshold (20.0%).,2025-09-28 13:00:00,2025-09-29 13:00:00
1.0,CRITICAL DEFICIT,Immediate Irrigation Urgently Required,High,Forecasted moisture (1.0%) is below critical wilting threshold (20.0%).,2025-09-28 14:00:00,2025-09-29 14:00:00
1.09,CRITICAL DEFICIT,Immediate Irrigation Urgently Required,High,Forecasted moisture (1.1%) is below critical wilting threshold (20.0%).,2025-09-28 15:00:00,2025-09-29 15:00:00
1.1,CRITICAL DEFICIT,Immediate Irrigation Urgently Required,High,Forecasted moisture (1.1%) is below critical wilting threshold (20.0%).,2025-09-28 16:00:00,2025-09-29 16:00:00
1.07,CRITICAL DEFICIT,Immediate Irrigation Urgently Required,High,Forecasted moisture (1.1%) is below critical wilting threshold (20.0%).,2025-09-28 17:00:00,2025-09-29 17:00:00
1.21,CRITICAL DEFICIT,Immediate Irrigation Urgently Required,High,Forecasted moisture (1.2%) is below critical wilting threshold (20.0%).,2025-09-28 18:00:00,2025-09-29 18:00:00
1.18,CRITICAL DEFICIT,Immediate Irrigation Urgently Required,High,Forecasted moisture (1.2%) is below critical wilting threshold (20.0%).,2025-09-28 19:00:00,2025-09-29 19:00:00
1.22,CRITICAL DEFICIT,Immediate Irrigation Urgently Required,High,Forecasted moisture (1.2%) is below critical wilting threshold (20.0%).,2025-09-28 20:00:00,2025-09-29 20:00:00
1.25,CRITICAL DEFICIT,Immediate Irrigation Urgently Required,High,Forecasted moisture (1.3%) is below critical wilting threshold (20.0%).,2025-09-28 21:00:00,2025-09-29 21:00:00
1.21,CRITICAL DEFICIT,Immediate Irrigation Urgently Required,High,Forecasted moisture (1.2%) is below critical wilting threshold (20.0%).,2025-09-28 22:00:00,2025-09-29 22:00:00
1.23,CRITICAL DEFICIT,Immediate Irrigation Urgently Required,High,Forecasted moisture (1.2%) is below critical wilting threshold (20.0%).,2025-09-28 23:00:00,2025-09-29 23:00:00
1.24,CRITICAL DEFICIT,Immediate Irrigation Urgently Required,High,Forecasted moisture (1.2%) is below critical wilting threshold (20.0%).,2025-09-29 00:00:00,2025-09-30 00:00:00
1.24,CRITICAL DEFICIT,Immediate Irrigation Urgently Required,High,Forecasted moisture (1.2%) is below critical wilting threshold (20.0%).,2025-09-29 01:00:00,2025-09-30 01:00:00
1.26,CRITICAL DEFICIT,Immediate Irrigation Urgently Required,High,Forecasted moisture (1.3%) is below critical wilting threshold (20.0%).,2025-09-29 02:00:00,2025-09-30 02:00:00
1.28,CRITICAL DEFICIT,Immediate Irrigation Urgently Required,High,Forecasted moisture (1.3%) is below critical wilting threshold (20.0%).,2025-09-29 03:00:00,2025-09-30 03:00:00
1.23,CRITICAL DEFICIT,Immediate Irrigation Urgently Required,High,Forecasted moisture (1.2%) is below critical wilting threshold (20.0%).,2025-09-29 04:00:00,2025-09-30 04:00:00
1.23,CRITICAL DEFICIT,Immediate Irrigation Urgently Required,High,Forecasted moisture (1.2%) is below critical wilting threshold (20.0%).,2025-09-29 05:00:00,2025-09-30 05:00:00
1.14,CRITICAL DEFICIT,Immediate Irrigation Urgently Required,High,Forecasted moisture (1.1%) is below critical wilting threshold (20.0%).,2025-09-29 06:00:00,2025-09-30 06:00:00
1.14,CRITICAL DEFICIT,Immediate Irrigation Urgently Required,High,Forecasted moisture (1.1%) is below critical wilting threshold (20.0%).,2025-09-29 07:00:00,2025-09-30 07:00:00
1.15,CRITICAL DEFICIT,Immediate Irrigation Urgently Required,High,Forecasted moisture (1.1%) is below critical wilting threshold (20.0%).,2025-09-29 08:00:00,2025-09-30 08:00:00
1.12,CRITICAL DEFICIT,Immediate Irrigation Urgently Required,High,Forecasted moisture (1.1%) is below critical wilting threshold (20.0%).,2025-09-29 09:00:00,2025-09-30 09:00:00
1.09,CRITICAL DEFICIT,Immediate Irrigation Urgently Required,High,Forecasted moisture (1.1%) is below critical wilting threshold (20.0%).,2025-09-29 10:00:00,2025-09-30 10:00:00
1.17,CRITICAL DEFICIT,Immediate Irrigation Urgently Required,High,Forecasted moisture (1.2%) is below critical wilting threshold (20.0%).,2025-09-29 11:00:00,2025-09-30 11:00:00
1.5,CRITICAL DEFICIT,Immediate Irrigation Urgently Required,High,Forecasted moisture (1.5%) is below critical wilting threshold (20.0%).,2025-09-29 12:00:00,2025-09-30 12:00:00
1.1,CRITICAL DEFICIT,Immediate Irrigation Urgently Required,High,Forecasted moisture (1.1%) is below critical wilting threshold (20.0%).,2025-09-29 13:00:00,2025-09-30 13:00:00
1.05,CRITICAL DEFICIT,Immediate Irrigation Urgently Required,High,Forecasted moisture (1.1%) is below critical wilting threshold (20.0%).,2025-09-29 14:00:00,2025-09-30 14:00:00
1.07,CRITICAL DEFICIT,Immediate Irrigation Urgently Required,High,Forecasted moisture (1.1%) is below critical wilting threshold (20.0%).,2025-09-29 15:00:00,2025-09-30 15:00:00
1.07,CRITICAL DEFICIT,Immediate Irrigation Urgently Required,High,Forecasted moisture (1.1%) is below critical wilting threshold (20.0%).,2025-09-29 16:00:00,2025-09-30 16:00:00
1.08,CRITICAL DEFICIT,Immediate Irrigation Urgently Required,High,Forecasted moisture (1.1%) is below critical wilting threshold (20.0%).,2025-09-29 17:00:00,2025-09-30 17:00:00
1.07,CRITICAL DEFICIT,Immediate Irrigation Urgently Required,High,Forecasted moisture (1.1%) is below critical wilting threshold (20.0%).,2025-09-29 18:00:00,2025-09-30 18:00:00
1.03,CRITICAL DEFICIT,Immediate Irrigation Urgently Required,High,Forecasted moisture (1.0%) is below critical wilting threshold (20.0%).,2025-09-29 19:00:00,2025-09-30 19:00:00
1.0,CRITICAL DEFICIT,Immediate Irrigation Urgently Required,High,Forecasted moisture (1.0%) is below critical wilting threshold (20.0%).,2025-09-29 20:00:00,2025-09-30 20:00:00
1.0,CRITICAL DEFICIT,Immediate Irrigation Urgently Required,High,Forecasted moisture (1.0%) is below critical wilting threshold (20.0%).,2025-09-29 21:00:00,2025-09-30 21:00:00
1.02,CRITICAL DEFICIT,Immediate Irrigation Urgently Required,High,Forecasted moisture (1.0%) is below critical wilting threshold (20.0%).,2025-09-29 22:00:00,2025-09-30 22:00:00
1.09,CRITICAL DEFICIT,Immediate Irrigation Urgently Required,High,Forecasted moisture (1.1%) is below critical wilting threshold (20.0%).,2025-09-29 23:00:00,2025-09-30 23:00:00
1.09,CRITICAL DEFICIT,Immediate Irrigation Urgently Required,High,Forecasted moisture (1.1%) is below critical wilting threshold (20.0%).,2025-09-30 00:00:00,2025-10-01 00:00:00
1.1,CRITICAL DEFICIT,Immediate Irrigation Urgently Required,High,Forecasted moisture (1.1%) is below critical wilting threshold (20.0%).,2025-09-30 01:00:00,2025-10-01 01:00:00
1.18,CRITICAL DEFICIT,Immediate Irrigation Urgently Required,High,Forecasted moisture (1.2%) is below critical wilting threshold (20.0%).,2025-09-30 02:00:00,2025-10-01 02:00:00
1.18,CRITICAL DEFICIT,Immediate Irrigation Urgently Required,High,Forecasted moisture (1.2%) is below critical wilting threshold (20.0%).,2025-09-30 03:00:00,2025-10-01 03:00:00
1.18,CRITICAL DEFICIT,Immediate Irrigation Urgently Required,High,Forecasted moisture (1.2%) is below critical wilting threshold (20.0%).,2025-09-30 04:00:00,2025-10-01 04:00:00
1.13,CRITICAL DEFICIT,Immediate Irrigation Urgently Required,High,Forecasted moisture (1.1%) is below critical wilting threshold (20.0%).,2025-09-30 05:00:00,2025-10-01 05:00:00
1.11,CRITICAL DEFICIT,Immediate Irrigation Urgently Required,High,Forecasted moisture (1.1%) is below critical wilting threshold (20.0%).,2025-09-30 06:00:00,2025-10-01 06:00:00
1.12,CRITICAL DEFICIT,Immediate Irrigation Urgently Required,High,Forecasted moisture (1.1%) is below critical wilting threshold (20.0%).,2025-09-30 07:00:00,2025-10-01 07:00:00
1.09,CRITICAL DEFICIT,Immediate Irrigation Urgently Required,High,Forecasted moisture (1.1%) is below critical wilting threshold (20.0%).,2025-09-30 08:00:00,2025-10-01 08:00:00
1.08,CRITICAL DEFICIT,Immediate Irrigation Urgently Required,High,Forecasted moisture (1.1%) is below critical wilting threshold (20.0%).,2025-09-30 09:00:00,2025-10-01 09:00:00
1.08,CRITICAL DEFICIT,Immediate Irrigation Urgently Required,High,Forecasted moisture (1.1%) is below critical wilting threshold (20.0%).,2025-09-30 10:00:00,2025-10-01 10:00:00
1.08,CRITICAL DEFICIT,Immediate Irrigation Urgently Required,High,Forecasted moisture (1.1%) is below critical wilting threshold (20.0%).,2025-09-30 11:00:00,2025-10-01 11:00:00
1.05,CRITICAL DEFICIT,Immediate Irrigation Urgently Required,High,Forecasted moisture (1.1%) is below critical wilting threshold (20.0%).,2025-09-30 12:00:00,2025-10-01 12:00:00
1.04,CRITICAL DEFICIT,Immediate Irrigation Urgently Required,High,Forecasted moisture (1.0%) is below critical wilting threshold (20.0%).,2025-09-30 13:00:00,2025-10-01 13:00:00
1.04,CRITICAL DEFICIT,Immediate Irrigation Urgently Required,High,Forecasted moisture (1.0%) is below critical wilting threshold (20.0%).,2025-09-30 14:00:00,2025-10-01 14:00:00
1.04,CRITICAL DEFICIT,Immediate Irrigation Urgently Required,High,Forecasted moisture (1.0%) is below critical wilting threshold (20.0%).,2025-09-30 15:00:00,2025-10-01 15:00:00
1.06,CRITICAL DEFICIT,Immediate Irrigation Urgently Required,High,Forecasted moisture (1.1%) is below critical wilting threshold (20.0%).,2025-09-30 16:00:00,2025-10-01 16:00:00
1.61,CRITICAL DEFICIT,Immediate Irrigation Urgently Required,High,Forecasted moisture (1.6%) is below critical wilting threshold (20.0%).,2025-09-30 17:00:00,2025-10-01 17:00:00
2.15,CRITICAL DEFICIT,Immediate Irrigation Urgently Required,High,Forecasted moisture (2.1%) is below critical wilting threshold (20.0%).,2025-09-30 18:00:00,2025-10-01 18:00:00
3.23,CRITICAL DEFICIT,Immediate Irrigation Urgently Required,High,Forecasted moisture (3.2%) is below critical wilting threshold (20.0%).,2025-09-30 19:00:00,2025-10-01 19:00:00
3.04,CRITICAL DEFICIT,Immediate Irrigation Urgently Required,High,Forecasted moisture (3.0%) is below critical wilting threshold (20.0%).,2025-09-30 20:00:00,2025-10-01 20:00:00
3.04,CRITICAL DEFICIT,Immediate Irrigation Urgently Required,High,Forecasted moisture (3.0%) is below critical wilting threshold (20.0%).,2025-09-30 21:00:00,2025-10-01 21:00:00
2.91,CRITICAL DEFICIT,Immediate Irrigation Urgently Required,High,Forecasted moisture (2.9%) is below critical wilting threshold (20.0%).,2025-09-30 22:00:00,2025-10-01 22:00:00
7.09,CRITICAL DEFICIT,Immediate Irrigation Urgently Required,High,Forecasted moisture (7.1%) is below critical wilting threshold (20.0%).,2025-09-30 23:00:00,2025-10-01 23:00:00
7.61,CRITICAL DEFICIT,Immediate Irrigation Urgently Required,High,Forecasted moisture (7.6%) is below critical wilting threshold (20.0%).,2025-10-01 00:00:00,2025-10-02 00:00:00
7.79,CRITICAL DEFICIT,Immediate Irrigation Urgently Required,High,Forecasted moisture (7.8%) is below critical wilting threshold (20.0%).,2025-10-01 01:00:00,2025-10-02 01:00:00
8.04,CRITICAL DEFICIT,Immediate Irrigation Urgently Required,High,Forecasted moisture (8.0%) is below critical wilting threshold (20.0%).,2025-10-01 02:00:00,2025-10-02 02:00:00
7.9,CRITICAL DEFICIT,Immediate Irrigation Urgently Required,High,Forecasted moisture (7.9%) is below critical wilting threshold (20.0%).,2025-10-01 03:00:00,2025-10-02 03:00:00
7.92,CRITICAL DEFICIT,Immediate Irrigation Urgently Required,High,Forecasted moisture (7.9%) is below critical wilting threshold (20.0%).,2025-10-01 04:00:00,2025-10-02 04:00:00
8.18,CRITICAL DEFICIT,Immediate Irrigation Urgently Required,High,Forecasted moisture (8.2%) is below critical wilting threshold (20.0%).,2025-10-01 05:00:00,2025-10-02 05:00:00
8.22,CRITICAL DEFICIT,Immediate Irrigation Urgently Required,High,Forecasted moisture (8.2%) is below critical wilting threshold (20.0%).,2025-10-01 06:00:00,2025-10-02 06:00:00
8.13,CRITICAL DEFICIT,Immediate Irrigation Urgently Required,High,Forecasted moisture (8.1%) is below critical wilting threshold (20.0%).,2025-10-01 07:00:00,2025-10-02 07:00:00
8.02,CRITICAL DEFICIT,Immediate Irrigation Urgently Required,High,Forecasted moisture (8.0%) is below critical wilting threshold (20.0%).,2025-10-01 08:00:00,2025-10-02 08:00:00
7.92,CRITICAL DEFICIT,Immediate Irrigation Urgently Required,High,Forecasted moisture (7.9%) is below critical wilting threshold (20.0%).,2025-10-01 09:00:00,2025-10-02 09:00:00
8.56,CRITICAL DEFICIT,Immediate Irrigation Urgently Required,High,Forecasted moisture (8.6%) is below critical wilting threshold (20.0%).,2025-10-01 10:00:00,2025-10-02 10:00:00
8.5,CRITICAL DEFICIT,Immediate Irrigation Urgently Required,High,Forecasted moisture (8.5%) is below critical wilting threshold (20.0%).,2025-10-01 11:00:00,2025-10-02 11:00:00
8.49,CRITICAL DEFICIT,Immediate Irrigation Urgently Required,High,Forecasted moisture (8.5%) is below critical wilting threshold (20.0%).,2025-10-01 12:00:00,2025-10-02 12:00:00
8.29,CRITICAL DEFICIT,Immediate Irrigation Urgently Required,High,Forecasted moisture (8.3%) is below critical wilting threshold (20.0%).,2025-10-01 13:00:00,2025-10-02 13:00:00
8.22,CRITICAL DEFICIT,Immediate Irrigation Urgently Required,High,Forecasted moisture (8.2%) is below critical wilting threshold (20.0%).,2025-10-01 14:00:00,2025-10-02 14:00:00
8.48,CRITICAL DEFICIT,Immediate Irrigation Urgently Required,High,Forecasted moisture (8.5%) is below critical wilting threshold (20.0%).,2025-10-01 15:00:00,2025-10-02 15:00:00
8.59,CRITICAL DEFICIT,Immediate Irrigation Urgently Required,High,Forecasted moisture (8.6%) is below critical wilting threshold (20.0%).,2025-10-01 16:00:00,2025-10-02 16:00:00
8.63,CRITICAL DEFICIT,Immediate Irrigation Urgently Required,High,Forecasted moisture (8.6%) is below critical wilting threshold (20.0%).,2025-10-01 17:00:00,2025-10-02 17:00:00
8.91,CRITICAL DEFICIT,Immediate Irrigation Urgently Required,High,Forecasted moisture (8.9%) is below critical wilting threshold (20.0%).,2025-10-01 18:00:00,2025-10-02 18:00:00
9.14,CRITICAL DEFICIT,Immediate Irrigation Urgently Required,High,Forecasted moisture (9.1%) is below critical wilting threshold (20.0%).,2025-10-01 19:00:00,2025-10-02 19:00:00
9.01,CRITICAL DEFICIT,Immediate Irrigation Urgently Required,High,Forecasted moisture (9.0%) is below critical wilting threshold (20.0%).,2025-10-01 20:00:00,2025-10-02 20:00:00
9.16,CRITICAL DEFICIT,Immediate Irrigation Urgently Required,High,Forecasted moisture (9.2%) is below critical wilting threshold (20.0%).,2025-10-01 21:00:00,2025-10-02 21:00:00
9.56,CRITICAL DEFICIT,Immediate Irrigation Urgently Required,High,Forecasted moisture (9.6%) is below critical wilting threshold (20.0%).,2025-10-02 00:00:00,2025-10-03 00:00:00
9.46,CRITICAL DEFICIT,Immediate Irrigation Urgently Required,High,Forecasted moisture (9.5%) is below critical wilting threshold (20.0%).,2025-10-02 01:00:00,2025-10-03 01:00:00
8.89,CRITICAL DEFICIT,Immediate Irrigation Urgently Required,High,Forecasted moisture (8.9%) is below critical wilting threshold (20.0%).,2025-10-02 02:00:00,2025-10-03 02:00:00
8.56,CRITICAL DEFICIT,Immediate Irrigation Urgently Required,High,Forecasted moisture (8.6%) is below critical wilting threshold (20.0%).,2025-10-02 03:00:00,2025-10-03 03:00:00
8.58,CRITICAL DEFICIT,Immediate Irrigation Urgently Required,High,Forecasted moisture (8.6%) is below critical wilting threshold (20.0%).,2025-10-02 04:00:00,2025-10-03 04:00:00
16.01,CRITICAL DEFICIT,Immediate Irrigation Urgently Required,High,Forecasted moisture (16.0%) is below critical wilting threshold (20.0%).,2025-10-02 05:00:00,2025-10-03 05:00:00
15.69,CRITICAL DEFICIT,Immediate Irrigation Urgently Required,High,Forecasted moisture (15.7%) is below critical wilting threshold (20.0%).,2025-10-02 06:00:00,2025-10-03 06:00:00
14.9,CRITICAL DEFICIT,Immediate Irrigation Urgently Required,High,Forecasted moisture (14.9%) is below critical wilting threshold (20.0%).,2025-10-02 07:00:00,2025-10-03 07:00:00
14.81,CRITICAL DEFICIT,Immediate Irrigation Urgently Required,High,Forecasted moisture (14.8%) is below critical wilting threshold (20.0%).,2025-10-02 08:00:00,2025-10-03 08:00:00
14.4,CRITICAL DEFICIT,Immediate Irrigation Urgently Required,High,Forecasted moisture (14.4%) is below critical wilting threshold (20.0%).,2025-10-02 09:00:00,2025-10-03 09:00:00
12.85,CRITICAL DEFICIT,Immediate Irrigation Urgently Required,High,Forecasted moisture (12.8%) is below critical wilting threshold (20.0%).,2025-10-02 10:00:00,2025-10-03 10:00:00
17.3,CRITICAL DEFICIT,Immediate Irrigation Urgently Required,High,Forecasted moisture (17.3%) is below critical wilting threshold (20.0%).,2025-10-02 11:00:00,2025-10-03 11:00:00
17.17,CRITICAL DEFICIT,Immediate Irrigation Urgently Required,High,Forecasted moisture (17.2%) is below critical wilting threshold (20.0%).,2025-10-02 12:00:00,2025-10-03 12:00:00
19.44,CRITICAL DEFICIT,Immediate Irrigation Urgently Required,High,Forecasted moisture (19.4%) is below critical wilting threshold (20.0%).,2025-10-02 13:00:00,2025-10-03 13:00:00
19.61,CRITICAL DEFICIT,Immediate Irrigation Urgently Required,High,Forecasted moisture (19.6%) is below critical wilting threshold (20.0%).,2025-10-02 14:00:00,2025-10-03 14:00:00
19.7,CRITICAL DEFICIT,Immediate Irrigation Urgently Required,High,Forecasted moisture (19.7%) is below critical wilting threshold (20.0%).,2025-10-02 15:00:00,2025-10-03 15:00:00
20.03,MOISTURE DEFICIT,Irrigation Recommended,Medium,Forecasted moisture (20.0%) falls below optimal threshold (35.0%).,2025-10-02 16:00:00,2025-10-03 16:00:00
19.95,CRITICAL DEFICIT,Immediate Irrigation Urgently Required,High,Forecasted moisture (20.0%) is below critical wilting threshold (20.0%).,2025-10-02 17:00:00,2025-10-03 17:00:00
19.93,CRITICAL DEFICIT,Immediate Irrigation Urgently Required,High,Forecasted moisture (19.9%) is below critical wilting threshold (20.0%).,2025-10-02 18:00:00,2025-10-03 18:00:00
20.21,MOISTURE DEFICIT,Irrigation Recommended,Medium,Forecasted moisture (20.2%) falls below optimal threshold (35.0%).,2025-10-02 19:00:00,2025-10-03 19:00:00
20.41,MOISTURE DEFICIT,Irrigation Recommended,Medium,Forecasted moisture (20.4%) falls below optimal threshold (35.0%).,2025-10-02 20:00:00,2025-10-03 20:00:00
21.33,MOISTURE DEFICIT,Irrigation Recommended,Medium,Forecasted moisture (21.3%) falls below optimal threshold (35.0%).,2025-10-02 21:00:00,2025-10-03 21:00:00
21.49,MOISTURE DEFICIT,Irrigation Recommended,Medium,Forecasted moisture (21.5%) falls below optimal threshold (35.0%).,2025-10-02 22:00:00,2025-10-03 22:00:00
21.52,MOISTURE DEFICIT,Irrigation Recommended,Medium,Forecasted moisture (21.5%) falls below optimal threshold (35.0%).,2025-10-02 23:00:00,2025-10-03 23:00:00
21.76,MOISTURE DEFICIT,Irrigation Recommended,Medium,Forecasted moisture (21.8%) falls below optimal threshold (35.0%).,2025-10-03 00:00:00,2025-10-04 00:00:00
21.82,MOISTURE DEFICIT,Irrigation Recommended,Medium,Forecasted moisture (21.8%) falls below optimal threshold (35.0%).,2025-10-03 01:00:00,2025-10-04 01:00:00
21.84,MOISTURE DEFICIT,Irrigation Recommended,Medium,Forecasted moisture (21.8%) falls below optimal threshold (35.0%).,2025-10-03 02:00:00,2025-10-04 02:00:00
21.59,MOISTURE DEFICIT,Irrigation Recommended,Medium,Forecasted moisture (21.6%) falls below optimal threshold (35.0%).,2025-10-03 03:00:00,2025-10-04 03:00:00
27.8,MOISTURE DEFICIT,Irrigation Recommended,Medium,Forecasted moisture (27.8%) falls below optimal threshold (35.0%).,2025-10-03 04:00:00,2025-10-04 04:00:00
25.72,MOISTURE DEFICIT,Irrigation Recommended,Medium,Forecasted moisture (25.7%) falls below optimal threshold (35.0%).,2025-10-03 05:00:00,2025-10-04 05:00:00
28.03,MOISTURE DEFICIT,Irrigation Recommended,Medium,Forecasted moisture (28.0%) falls below optimal threshold (35.0%).,2025-10-03 06:00:00,2025-10-04 06:00:00
28.18,MOISTURE DEFICIT,Irrigation Recommended,Medium,Forecasted moisture (28.2%) falls below optimal threshold (35.0%).,2025-10-03 07:00:00,2025-10-04 07:00:00
28.24,MOISTURE DEFICIT,Irrigation Recommended,Medium,Forecasted moisture (28.2%) falls below optimal threshold (35.0%).,2025-10-03 08:00:00,2025-10-04 08:00:00
28.16,MOISTURE DEFICIT,Irrigation Recommended,Medium,Forecasted moisture (28.2%) falls below optimal threshold (35.0%).,2025-10-03 09:00:00,2025-10-04 09:00:00
26.97,MOISTURE DEFICIT,Irrigation Recommended,Medium,Forecasted moisture (27.0%) falls below optimal threshold (35.0%).,2025-10-03 10:00:00,2025-10-04 10:00:00
24.65,MOISTURE DEFICIT,Irrigation Recommended,Medium,Forecasted moisture (24.6%) falls below optimal threshold (35.0%).,2025-10-03 11:00:00,2025-10-04 11:00:00
24.52,MOISTURE DEFICIT,Irrigation Recommended,Medium,Forecasted moisture (24.5%) falls below optimal threshold (35.0%).,2025-10-03 12:00:00,2025-10-04 12:00:00
24.62,MOISTURE DEFICIT,Irrigation Recommended,Medium,Forecasted moisture (24.6%) falls below optimal threshold (35.0%).,2025-10-03 13:00:00,2025-10-04 13:00:00
24.58,MOISTURE DEFICIT,Irrigation Recommended,Medium,Forecasted moisture (24.6%) falls below optimal threshold (35.0%).,2025-10-03 14:00:00,2025-10-04 14:00:00
26.78,MOISTURE DEFICIT,Irrigation Recommended,Medium,Forecasted moisture (26.8%) falls below optimal threshold (35.0%).,2025-10-03 15:00:00,2025-10-04 15:00:00
26.82,MOISTURE DEFICIT,Irrigation Recommended,Medium,Forecasted moisture (26.8%) falls below optimal threshold (35.0%).,2025-10-03 16:00:00,2025-10-04 16:00:00
26.89,MOISTURE DEFICIT,Irrigation Recommended,Medium,Forecasted moisture (26.9%) falls below optimal threshold (35.0%).,2025-10-03 17:00:00,2025-10-04 17:00:00
26.53,MOISTURE DEFICIT,Irrigation Recommended,Medium,Forecasted moisture (26.5%) falls below optimal threshold (35.0%).,2025-10-03 18:00:00,2025-10-04 18:00:00
26.31,MOISTURE DEFICIT,Irrigation Recommended,Medium,Forecasted moisture (26.3%) falls below optimal threshold (35.0%).,2025-10-03 19:00:00,2025-10-04 19:00:00
24.88,MOISTURE DEFICIT,Irrigation Recommended,Medium,Forecasted moisture (24.9%) falls below optimal threshold (35.0%).,2025-10-03 20:00:00,2025-10-04 20:00:00
24.88,MOISTURE DEFICIT,Irrigation Recommended,Medium,Forecasted moisture (24.9%) falls below optimal threshold (35.0%).,2025-10-03 21:00:00,2025-10-04 21:00:00
25.35,MOISTURE DEFICIT,Irrigation Recommended,Medium,Forecasted moisture (25.4%) falls below optimal threshold (35.0%).,2025-10-03 22:00:00,2025-10-04 22:00:00
25.12,MOISTURE DEFICIT,Irrigation Recommended,Medium,Forecasted moisture (25.1%) falls below optimal threshold (35.0%).,2025-10-03 23:00:00,2025-10-04 23:00:00
25.05,MOISTURE DEFICIT,Irrigation Recommended,Medium,Forecasted moisture (25.1%) falls below optimal threshold (35.0%).,2025-10-04 00:00:00,2025-10-05 00:00:00
24.36,MOISTURE DEFICIT,Irrigation Recommended,Medium,Forecasted moisture (24.4%) falls below optimal threshold (35.0%).,2025-10-04 01:00:00,2025-10-05 01:00:00
24.68,MOISTURE DEFICIT,Irrigation Recommended,Medium,Forecasted moisture (24.7%) falls below optimal threshold (35.0%).,2025-10-04 02:00:00,2025-10-05 02:00:00
25.0,MOISTURE DEFICIT,Irrigation Recommended,Medium,Forecasted moisture (25.0%) falls below optimal threshold (35.0%).,2025-10-04 03:00:00,2025-10-05 03:00:00
25.02,MOISTURE DEFICIT,Irrigation Recommended,Medium,Forecasted moisture (25.0%) falls below optimal threshold (35.0%).,2025-10-04 04:00:00,2025-10-05 04:00:00
24.75,MOISTURE DEFICIT,Irrigation Recommended,Medium,Forecasted moisture (24.7%) falls below optimal threshold (35.0%).,2025-10-04 05:00:00,2025-10-05 05:00:00
22.56,MOISTURE DEFICIT,Irrigation Recommended,Medium,Forecasted moisture (22.6%) falls below optimal threshold (35.0%).,2025-10-04 06:00:00,2025-10-05 06:00:00
24.66,MOISTURE DEFICIT,Irrigation Recommended,Medium,Forecasted moisture (24.7%) falls below optimal threshold (35.0%).,2025-10-04 07:00:00,2025-10-05 07:00:00
24.49,MOISTURE DEFICIT,Irrigation Recommended,Medium,Forecasted moisture (24.5%) falls below optimal threshold (35.0%).,2025-10-04 08:00:00,2025-10-05 08:00:00
24.12,MOISTURE DEFICIT,Irrigation Recommended,Medium,Forecasted moisture (24.1%) falls below optimal threshold (35.0%).,2025-10-04 09:00:00,2025-10-05 09:00:00
19.2,CRITICAL DEFICIT,Immediate Irrigation Urgently Required,High,Forecasted moisture (19.2%) is below critical wilting threshold (20.0%).,2025-10-04 10:00:00,2025-10-05 10:00:00
19.11,CRITICAL DEFICIT,Immediate Irrigation Urgently Required,High,Forecasted moisture (19.1%) is below critical wilting threshold (20.0%).,2025-10-04 11:00:00,2025-10-05 11:00:00
17.13,CRITICAL DEFICIT,Immediate Irrigation Urgently Required,High,Forecasted moisture (17.1%) is below critical wilting threshold (20.0%).,2025-10-04 12:00:00,2025-10-05 12:00:00
17.67,CRITICAL DEFICIT,Immediate Irrigation Urgently Required,High,Forecasted moisture (17.7%) is below critical wilting threshold (20.0%).,2025-10-04 13:00:00,2025-10-05 13:00:00
18.1,CRITICAL DEFICIT,Immediate Irrigation Urgently Required,High,Forecasted moisture (18.1%) is below critical wilting threshold (20.0%).,2025-10-04 14:00:00,2025-10-05 14:00:00
14.97,CRITICAL DEFICIT,Immediate Irrigation Urgently Required,High,Forecasted moisture (15.0%) is below critical wilting threshold (20.0%).,2025-10-04 15:00:00,2025-10-05 15:00:00
14.74,CRITICAL DEFICIT,Immediate Irrigation Urgently Required,High,Forecasted moisture (14.7%) is below critical wilting threshold (20.0%).,2025-10-04 16:00:00,2025-10-05 16:00:00
14.71,CRITICAL DEFICIT,Immediate Irrigation Urgently Required,High,Forecasted moisture (14.7%) is below critical wilting threshold (20.0%).,2025-10-04 17:00:00,2025-10-05 17:00:00
14.26,CRITICAL DEFICIT,Immediate Irrigation Urgently Required,High,Forecasted moisture (14.3%) is below critical wilting threshold (20.0%).,2025-10-04 18:00:00,2025-10-05 18:00:00
14.29,CRITICAL DEFICIT,Immediate Irrigation Urgently Required,High,Forecasted moisture (14.3%) is below critical wilting threshold (20.0%).,2025-10-04 19:00:00,2025-10-05 19:00:00
14.49,CRITICAL DEFICIT,Immediate Irrigation Urgently Required,High,Forecasted moisture (14.5%) is below critical wilting threshold (20.0%).,2025-10-04 20:00:00,2025-10-05 20:00:00
14.05,CRITICAL DEFICIT,Immediate Irrigation Urgently Required,High,Forecasted moisture (14.0%) is below critical wilting threshold (20.0%).,2025-10-04 21:00:00,2025-10-05 21:00:00
9.1,CRITICAL DEFICIT,Immediate Irrigation Urgently Required,High,Forecasted moisture (9.1%) is below critical wilting threshold (20.0%).,2025-10-04 22:00:00,2025-10-05 22:00:00
9.76,CRITICAL DEFICIT,Immediate Irrigation Urgently Required,High,Forecasted moisture (9.8%) is below critical wilting threshold (20.0%).,2025-10-04 23:00:00,2025-10-05 23:00:00
9.59,CRITICAL DEFICIT,Immediate Irrigation Urgently Required,High,Forecasted moisture (9.6%) is below critical wilting threshold (20.0%).,2025-10-05 00:00:00,2025-10-06 00:00:00
9.52,CRITICAL DEFICIT,Immediate Irrigation Urgently Required,High,Forecasted moisture (9.5%) is below critical wilting threshold (20.0%).,2025-10-05 01:00:00,2025-10-06 01:00:00
13.52,CRITICAL DEFICIT,Immediate Irrigation Urgently Required,High,Forecasted moisture (13.5%) is below critical wilting threshold (20.0%).,2025-10-05 02:00:00,2025-10-06 02:00:00
13.04,CRITICAL DEFICIT,Immediate Irrigation Urgently Required,High,Forecasted moisture (13.0%) is below critical wilting threshold (20.0%).,2025-10-05 03:00:00,2025-10-06 03:00:00
12.13,CRITICAL DEFICIT,Immediate Irrigation Urgently Required,High,Forecasted moisture (12.1%) is below critical wilting threshold (20.0%).,2025-10-05 04:00:00,2025-10-06 04:00:00
12.13,CRITICAL DEFICIT,Immediate Irrigation Urgently Required,High,Forecasted moisture (12.1%) is below critical wilting threshold (20.0%).,2025-10-05 05:00:00,2025-10-06 05:00:00
8.22,CRITICAL DEFICIT,Immediate Irrigation Urgently Required,High,Forecasted moisture (8.2%) is below critical wilting threshold (20.0%).,2025-10-05 06:00:00,2025-10-06 06:00:00
8.38,CRITICAL DEFICIT,Immediate Irrigation Urgently Required,High,Forecasted moisture (8.4%) is below critical wilting threshold (20.0%).,2025-10-05 07:00:00,2025-10-06 07:00:00
8.52,CRITICAL DEFICIT,Immediate Irrigation Urgently Required,High,Forecasted moisture (8.5%) is below critical wilting threshold (20.0%).,2025-10-05 08:00:00,2025-10-06 08:00:00
8.01,CRITICAL DEFICIT,Immediate Irrigation Urgently Required,High,Forecasted moisture (8.0%) is below critical wilting threshold (20.0%).,2025-10-05 09:00:00,2025-10-06 09:00:00
8.1,CRITICAL DEFICIT,Immediate Irrigation Urgently Required,High,Forecasted moisture (8.1%) is below critical wilting threshold (20.0%).,2025-10-05 10:00:00,2025-10-06 10:00:00
7.42,CRITICAL DEFICIT,Immediate Irrigation Urgently Required,High,Forecasted moisture (7.4%) is below critical wilting threshold (20.0%).,2025-10-05 11:00:00,2025-10-06 11:00:00
7.65,CRITICAL DEFICIT,Immediate Irrigation Urgently Required,High,Forecasted moisture (7.7%) is below critical wilting threshold (20.0%).,2025-10-05 12:00:00,2025-10-06 12:00:00
7.48,CRITICAL DEFICIT,Immediate Irrigation Urgently Required,High,Forecasted moisture (7.5%) is below critical wilting threshold (20.0%).,2025-10-05 13:00:00,2025-10-06 13:00:00
7.63,CRITICAL DEFICIT,Immediate Irrigation Urgently Required,High,Forecasted moisture (7.6%) is below critical wilting threshold (20.0%).,2025-10-05 14:00:00,2025-10-06 14:00:00
8.21,CRITICAL DEFICIT,Immediate Irrigation Urgently Required,High,Forecasted moisture (8.2%) is below critical wilting threshold (20.0%).,2025-10-05 15:00:00,2025-10-06 15:00:00
8.28,CRITICAL DEFICIT,Immediate Irrigation Urgently Required,High,Forecasted moisture (8.3%) is below critical wilting threshold (20.0%).,2025-10-05 16:00:00,2025-10-06 16:00:00
8.29,CRITICAL DEFICIT,Immediate Irrigation Urgently Required,High,Forecasted moisture (8.3%) is below critical wilting threshold (20.0%).,2025-10-05 17:00:00,2025-10-06 17:00:00
8.28,CRITICAL DEFICIT,Immediate Irrigation Urgently Required,High,Forecasted moisture (8.3%) is below critical wilting threshold (20.0%).,2025-10-05 18:00:00,2025-10-06 18:00:00
8.54,CRITICAL DEFICIT,Immediate Irrigation Urgently Required,High,Forecasted moisture (8.5%) is below critical wilting threshold (20.0%).,2025-10-05 19:00:00,2025-10-06 19:00:00
8.8,CRITICAL DEFICIT,Immediate Irrigation Urgently Required,High,Forecasted moisture (8.8%) is below critical wilting threshold (20.0%).,2025-10-05 20:00:00,2025-10-06 20:00:00
7.95,CRITICAL DEFICIT,Immediate Irrigation Urgently Required,High,Forecasted moisture (7.9%) is below critical wilting threshold (20.0%).,2025-10-05 21:00:00,2025-10-06 21:00:00
8.11,CRITICAL DEFICIT,Immediate Irrigation Urgently Required,High,Forecasted moisture (8.1%) is below critical wilting threshold (20.0%).,2025-10-05 22:00:00,2025-10-06 22:00:00
7.9,CRITICAL DEFICIT,Immediate Irrigation Urgently Required,High,Forecasted moisture (7.9%) is below critical wilting threshold (20.0%).,2025-10-05 23:00:00,2025-10-06 23:00:00
3.57,CRITICAL DEFICIT,Immediate Irrigation Urgently Required,High,Forecasted moisture (3.6%) is below critical wilting threshold (20.0%).,2025-10-06 00:00:00,2025-10-07 00:00:00
3.16,CRITICAL DEFICIT,Immediate Irrigation Urgently Required,High,Forecasted moisture (3.2%) is below critical wilting threshold (20.0%).,2025-10-06 01:00:00,2025-10-07 01:00:00
3.26,CRITICAL DEFICIT,Immediate Irrigation Urgently Required,High,Forecasted moisture (3.3%) is below critical wilting threshold (20.0%).,2025-10-06 02:00:00,2025-10-07 02:00:00
2.65,CRITICAL DEFICIT,Immediate Irrigation Urgently Required,High,Forecasted moisture (2.7%) is below critical wilting threshold (20.0%).,2025-10-06 03:00:00,2025-10-07 03:00:00
2.02,CRITICAL DEFICIT,Immediate Irrigation Urgently Required,High,Forecasted moisture (2.0%) is below critical wilting threshold (20.0%).,2025-10-06 04:00:00,2025-10-07 04:00:00
1.62,CRITICAL DEFICIT,Immediate Irrigation Urgently Required,High,Forecasted moisture (1.6%) is below critical wilting threshold (20.0%).,2025-10-06 05:00:00,2025-10-07 05:00:00
0.88,CRITICAL DEFICIT,Immediate Irrigation Urgently Required,High,Forecasted moisture (0.9%) is below critical wilting threshold (20.0%).,2025-10-06 06:00:00,2025-10-07 06:00:00
0.7,CRITICAL DEFICIT,Immediate Irrigation Urgently Required,High,Forecasted moisture (0.7%) is below critical wilting threshold (20.0%).,2025-10-06 07:00:00,2025-10-07 07:00:00
1.03,CRITICAL DEFICIT,Immediate Irrigation Urgently Required,High,Forecasted moisture (1.0%) is below critical wilting threshold (20.0%).,2025-10-06 08:00:00,2025-10-07 08:00:00
1.05,CRITICAL DEFICIT,Immediate Irrigation Urgently Required,High,Forecasted moisture (1.0%) is below critical wilting threshold (20.0%).,2025-10-06 09:00:00,2025-10-07 09:00:00
1.11,CRITICAL DEFICIT,Immediate Irrigation Urgently Required,High,Forecasted moisture (1.1%) is below critical wilting threshold (20.0%).,2025-10-06 10:00:00,2025-10-07 10:00:00
1.19,CRITICAL DEFICIT,Immediate Irrigation Urgently Required,High,Forecasted moisture (1.2%) is below critical wilting threshold (20.0%).,2025-10-06 11:00:00,2025-10-07 11:00:00
1.02,CRITICAL DEFICIT,Immediate Irrigation Urgently Required,High,Forecasted moisture (1.0%) is below critical wilting threshold (20.0%).,2025-10-06 12:00:00,2025-10-07 12:00:00
1.07,CRITICAL DEFICIT,Immediate Irrigation Urgently Required,High,Forecasted moisture (1.1%) is below critical wilting threshold (20.0%).,2025-10-06 13:00:00,2025-10-07 13:00:00
1.13,CRITICAL DEFICIT,Immediate Irrigation Urgently Required,High,Forecasted moisture (1.1%) is below critical wilting threshold (20.0%).,2025-10-06 14:00:00,2025-10-07 14:00:00
1.18,CRITICAL DEFICIT,Immediate Irrigation Urgently Required,High,Forecasted moisture (1.2%) is below critical wilting threshold (20.0%).,2025-10-06 15:00:00,2025-10-07 15:00:00
1.09,CRITICAL DEFICIT,Immediate Irrigation Urgently Required,High,Forecasted moisture (1.1%) is below critical wilting threshold (20.0%).,2025-10-06 16:00:00,2025-10-07 16:00:00
1.15,CRITICAL DEFICIT,Immediate Irrigation Urgently Required,High,Forecasted moisture (1.1%) is below critical wilting threshold (20.0%).,2025-10-06 17:00:00,2025-10-07 17:00:00
1.22,CRITICAL DEFICIT,Immediate Irrigation Urgently Required,High,Forecasted moisture (1.2%) is below critical wilting threshold (20.0%).,2025-10-06 18:00:00,2025-10-07 18:00:00
1.23,CRITICAL DEFICIT,Immediate Irrigation Urgently Required,High,Forecasted moisture (1.2%) is below critical wilting threshold (20.0%).,2025-10-06 19:00:00,2025-10-07 19:00:00
1.12,CRITICAL DEFICIT,Immediate Irrigation Urgently Required,High,Forecasted moisture (1.1%) is below critical wilting threshold (20.0%).,2025-10-06 20:00:00,2025-10-07 20:00:00
1.21,CRITICAL DEFICIT,Immediate Irrigation Urgently Required,High,Forecasted moisture (1.2%) is below critical wilting threshold (20.0%).,2025-10-06 21:00:00,2025-10-07 21:00:00
1.23,CRITICAL DEFICIT,Immediate Irrigation Urgently Required,High,Forecasted moisture (1.2%) is below critical wilting threshold (20.0%).,2025-10-06 22:00:00,2025-10-07 22:00:00
1.21,CRITICAL DEFICIT,Immediate Irrigation Urgently Required,High,Forecasted moisture (1.2%) is below critical wilting threshold (20.0%).,2025-10-06 23:00:00,2025-10-07 23:00:00
1.2,CRITICAL DEFICIT,Immediate Irrigation Urgently Required,High,Forecasted moisture (1.2%) is below critical wilting threshold (20.0%).,2025-10-07 00:00:00,2025-10-08 00:00:00
1.27,CRITICAL DEFICIT,Immediate Irrigation Urgently Required,High,Forecasted moisture (1.3%) is below critical wilting threshold (20.0%).,2025-10-07 01:00:00,2025-10-08 01:00:00
1.22,CRITICAL DEFICIT,Immediate Irrigation Urgently Required,High,Forecasted moisture (1.2%) is below critical wilting threshold (20.0%).,2025-10-07 02:00:00,2025-10-08 02:00:00
1.22,CRITICAL DEFICIT,Immediate Irrigation Urgently Required,High,Forecasted moisture (1.2%) is below critical wilting threshold (20.0%).,2025-10-07 03:00:00,2025-10-08 03:00:00
1.23,CRITICAL DEFICIT,Immediate Irrigation Urgently Required,High,Forecasted moisture (1.2%) is below critical wilting threshold (20.0%).,2025-10-07 04:00:00,2025-10-08 04:00:00
1.11,CRITICAL DEFICIT,Immediate Irrigation Urgently Required,High,Forecasted moisture (1.1%) is below critical wilting threshold (20.0%).,2025-10-07 05:00:00,2025-10-08 05:00:00
1.05,CRITICAL DEFICIT,Immediate Irrigation Urgently Required,High,Forecasted moisture (1.0%) is below critical wilting threshold (20.0%).,2025-10-07 06:00:00,2025-10-08 06:00:00
1.04,CRITICAL DEFICIT,Immediate Irrigation Urgently Required,High,Forecasted moisture (1.0%) is below critical wilting threshold (20.0%).,2025-10-07 07:00:00,2025-10-08 07:00:00
1.0,CRITICAL DEFICIT,Immediate Irrigation Urgently Required,High,Forecasted moisture (1.0%) is below critical wilting threshold (20.0%).,2025-10-07 08:00:00,2025-10-08 08:00:00
1.35,CRITICAL DEFICIT,Immediate Irrigation Urgently Required,High,Forecasted moisture (1.4%) is below critical wilting threshold (20.0%).,2025-10-07 09:00:00,2025-10-08 09:00:00
1.1,CRITICAL DEFICIT,Immediate Irrigation Urgently Required,High,Forecasted moisture (1.1%) is below critical wilting threshold (20.0%).,2025-10-07 10:00:00,2025-10-08 10:00:00
1.13,CRITICAL DEFICIT,Immediate Irrigation Urgently Required,High,Forecasted moisture (1.1%) is below critical wilting threshold (20.0%).,2025-10-07 11:00:00,2025-10-08 11:00:00
1.23,CRITICAL DEFICIT,Immediate Irrigation Urgently Required,High,Forecasted moisture (1.2%) is below critical wilting threshold (20.0%).,2025-10-07 12:00:00,2025-10-08 12:00:00
1.21,CRITICAL DEFICIT,Immediate Irrigation Urgently Required,High,Forecasted moisture (1.2%) is below critical wilting threshold (20.0%).,2025-10-07 13:00:00,2025-10-08 13:00:00
1.17,CRITICAL DEFICIT,Immediate Irrigation Urgently Required,High,Forecasted moisture (1.2%) is below critical wilting threshold (20.0%).,2025-10-07 14:00:00,2025-10-08 14:00:00
1.16,CRITICAL DEFICIT,Immediate Irrigation Urgently Required,High,Forecasted moisture (1.2%) is below critical wilting threshold (20.0%).,2025-10-07 15:00:00,2025-10-08 15:00:00
1.14,CRITICAL DEFICIT,Immediate Irrigation Urgently Required,High,Forecasted moisture (1.1%) is below critical wilting threshold (20.0%).,2025-10-07 16:00:00,2025-10-08 16:00:00
1.27,CRITICAL DEFICIT,Immediate Irrigation Urgently Required,High,Forecasted moisture (1.3%) is below critical wilting threshold (20.0%).,2025-10-07 17:00:00,2025-10-08 17:00:00
1.15,CRITICAL DEFICIT,Immediate Irrigation Urgently Required,High,Forecasted moisture (1.2%) is below critical wilting threshold (20.0%).,2025-10-07 18:00:00,2025-10-08 18:00:00
1.11,CRITICAL DEFICIT,Immediate Irrigation Urgently Required,High,Forecasted moisture (1.1%) is below critical wilting threshold (20.0%).,2025-10-07 19:00:00,2025-10-08 19:00:00
1.15,CRITICAL DEFICIT,Immediate Irrigation Urgently Required,High,Forecasted moisture (1.2%) is below critical wilting threshold (20.0%).,2025-10-07 20:00:00,2025-10-08 20:00:00
1.26,CRITICAL DEFICIT,Immediate Irrigation Urgently Required,High,Forecasted moisture (1.3%) is below critical wilting threshold (20.0%).,2025-10-07 21:00:00,2025-10-08 21:00:00
1.12,CRITICAL DEFICIT,Immediate Irrigation Urgently Required,High,Forecasted moisture (1.1%) is below critical wilting threshold (20.0%).,2025-10-07 22:00:00,2025-10-08 22:00:00
1.46,CRITICAL DEFICIT,Immediate Irrigation Urgently Required,High,Forecasted moisture (1.5%) is below critical wilting threshold (20.0%).,2025-10-07 23:00:00,2025-10-08 23:00:00
1.64,CRITICAL DEFICIT,Immediate Irrigation Urgently Required,High,Forecasted moisture (1.6%) is below critical wilting threshold (20.0%).,2025-10-08 00:00:00,2025-10-09 00:00:00
1.2,CRITICAL DEFICIT,Immediate Irrigation Urgently Required,High,Forecasted moisture (1.2%) is below critical wilting threshold (20.0%).,2025-10-08 01:00:00,2025-10-09 01:00:00
1.27,CRITICAL DEFICIT,Immediate Irrigation Urgently Required,High,Forecasted moisture (1.3%) is below critical wilting threshold (20.0%).,2025-10-08 02:00:00,2025-10-09 02:00:00
1.27,CRITICAL DEFICIT,Immediate Irrigation Urgently Required,High,Forecasted moisture (1.3%) is below critical wilting threshold (20.0%).,2025-10-08 03:00:00,2025-10-09 03:00:00
1.24,CRITICAL DEFICIT,Immediate Irrigation Urgently Required,High,Forecasted moisture (1.2%) is below critical wilting threshold (20.0%).,2025-10-08 04:00:00,2025-10-09 04:00:00
1.27,CRITICAL DEFICIT,Immediate Irrigation Urgently Required,High,Forecasted moisture (1.3%) is below critical wilting threshold (20.0%).,2025-10-08 05:00:00,2025-10-09 05:00:00
1.1,CRITICAL DEFICIT,Immediate Irrigation Urgently Required,High,Forecasted moisture (1.1%) is below critical wilting threshold (20.0%).,2025-10-08 06:00:00,2025-10-09 06:00:00
1.02,CRITICAL DEFICIT,Immediate Irrigation Urgently Required,High,Forecasted moisture (1.0%) is below critical wilting threshold (20.0%).,2025-10-08 07:00:00,2025-10-09 07:00:00
1.04,CRITICAL DEFICIT,Immediate Irrigation Urgently Required,High,Forecasted moisture (1.0%) is below critical wilting threshold (20.0%).,2025-10-08 08:00:00,2025-10-09 08:00:00
1.11,CRITICAL DEFICIT,Immediate Irrigation Urgently Required,High,Forecasted moisture (1.1%) is below critical wilting threshold (20.0%).,2025-10-08 09:00:00,2025-10-09 09:00:00
1.09,CRITICAL DEFICIT,Immediate Irrigation Urgently Required,High,Forecasted moisture (1.1%) is below critical wilting threshold (20.0%).,2025-10-08 10:00:00,2025-10-09 10:00:00
1.98,CRITICAL DEFICIT,Immediate Irrigation Urgently Required,High,Forecasted moisture (2.0%) is below critical wilting threshold (20.0%).,2025-10-08 11:00:00,2025-10-09 11:00:00
2.01,CRITICAL DEFICIT,Immediate Irrigation Urgently Required,High,Forecasted moisture (2.0%) is below critical wilting threshold (20.0%).,2025-10-08 12:00:00,2025-10-09 12:00:00
1.18,CRITICAL DEFICIT,Immediate Irrigation Urgently Required,High,Forecasted moisture (1.2%) is below critical wilting threshold (20.0%).,2025-10-08 13:00:00,2025-10-09 13:00:00
1.1,CRITICAL DEFICIT,Immediate Irrigation Urgently Required,High,Forecasted moisture (1.1%) is below critical wilting threshold (20.0%).,2025-10-08 14:00:00,2025-10-09 14:00:00
1.07,CRITICAL DEFICIT,Immediate Irrigation Urgently Required,High,Forecasted moisture (1.1%) is below critical wilting threshold (20.0%).,2025-10-08 15:00:00,2025-10-09 15:00:00
1.19,CRITICAL DEFICIT,Immediate Irrigation Urgently Required,High,Forecasted moisture (1.2%) is below critical wilting threshold (20.0%).,2025-10-08 16:00:00,2025-10-09 16:00:00
1.31,CRITICAL DEFICIT,Immediate Irrigation Urgently Required,High,Forecasted moisture (1.3%) is below critical wilting threshold (20.0%).,2025-10-08 17:00:00,2025-10-09 17:00:00
1.31,CRITICAL DEFICIT,Immediate Irrigation Urgently Required,High,Forecasted moisture (1.3%) is below critical wilting threshold (20.0%).,2025-10-08 18:00:00,2025-10-09 18:00:00
1.2,CRITICAL DEFICIT,Immediate Irrigation Urgently Required,High,Forecasted moisture (1.2%) is below critical wilting threshold (20.0%).,2025-10-08 19:00:00,2025-10-09 19:00:00
1.04,CRITICAL DEFICIT,Immediate Irrigation Urgently Required,High,Forecasted moisture (1.0%) is below critical wilting threshold (20.0%).,2025-10-08 20:00:00,2025-10-09 20:00:00
1.13,CRITICAL DEFICIT,Immediate Irrigation Urgently Required,High,Forecasted moisture (1.1%) is below critical wilting threshold (20.0%).,2025-10-08 21:00:00,2025-10-09 21:00:00
1.08,CRITICAL DEFICIT,Immediate Irrigation Urgently Required,High,Forecasted moisture (1.1%) is below critical wilting threshold (20.0%).,2025-10-08 22:00:00,2025-10-09 22:00:00
5.5,CRITICAL DEFICIT,Immediate Irrigation Urgently Required,High,Forecasted moisture (5.5%) is below critical wilting threshold (20.0%).,2025-10-08 23:00:00,2025-10-09 23:00:00
6.4,CRITICAL DEFICIT,Immediate Irrigation Urgently Required,High,Forecasted moisture (6.4%) is below critical wilting threshold (20.0%).,2025-10-09 00:00:00,2025-10-10 00:00:00
7.12,CRITICAL DEFICIT,Immediate Irrigation Urgently Required,High,Forecasted moisture (7.1%) is below critical wilting threshold (20.0%).,2025-10-09 01:00:00,2025-10-10 01:00:00
7.13,CRITICAL DEFICIT,Immediate Irrigation Urgently Required,High,Forecasted moisture (7.1%) is below critical wilting threshold (20.0%).,2025-10-09 02:00:00,2025-10-10 02:00:00
7.17,CRITICAL DEFICIT,Immediate Irrigation Urgently Required,High,Forecasted moisture (7.2%) is below critical wilting threshold (20.0%).,2025-10-09 03:00:00,2025-10-10 03:00:00
7.16,CRITICAL DEFICIT,Immediate Irrigation Urgently Required,High,Forecasted moisture (7.2%) is below critical wilting threshold (20.0%).,2025-10-09 04:00:00,2025-10-10 04:00:00
7.15,CRITICAL DEFICIT,Immediate Irrigation Urgently Required,High,Forecasted moisture (7.2%) is below critical wilting threshold (20.0%).,2025-10-09 05:00:00,2025-10-10 05:00:00
7.11,CRITICAL DEFICIT,Immediate Irrigation Urgently Required,High,Forecasted moisture (7.1%) is below critical wilting threshold (20.0%).,2025-10-09 06:00:00,2025-10-10 06:00:00
7.21,CRITICAL DEFICIT,Immediate Irrigation Urgently Required,High,Forecasted moisture (7.2%) is below critical wilting threshold (20.0%).,2025-10-09 07:00:00,2025-10-10 07:00:00
7.21,CRITICAL DEFICIT,Immediate Irrigation Urgently Required,High,Forecasted moisture (7.2%) is below critical wilting threshold (20.0%).,2025-10-09 08:00:00,2025-10-10 08:00:00
2.09,CRITICAL DEFICIT,Immediate Irrigation Urgently Required,High,Forecasted moisture (2.1%) is below critical wilting threshold (20.0%).,2025-10-09 09:00:00,2025-10-10 09:00:00
2.62,CRITICAL DEFICIT,Immediate Irrigation Urgently Required,High,Forecasted moisture (2.6%) is below critical wilting threshold (20.0%).,2025-10-09 10:00:00,2025-10-10 10:00:00
2.91,CRITICAL DEFICIT,Immediate Irrigation Urgently Required,High,Forecasted moisture (2.9%) is below critical wilting threshold (20.0%).,2025-10-09 11:00:00,2025-10-10 11:00:00
2.91,CRITICAL DEFICIT,Immediate Irrigation Urgently Required,High,Forecasted moisture (2.9%) is below critical wilting threshold (20.0%).,2025-10-09 12:00:00,2025-10-10 12:00:00
5.93,CRITICAL DEFICIT,Immediate Irrigation Urgently Required,High,Forecasted moisture (5.9%) is below critical wilting threshold (20.0%).,2025-10-09 13:00:00,2025-10-10 13:00:00
5.92,CRITICAL DEFICIT,Immediate Irrigation Urgently Required,High,Forecasted moisture (5.9%) is below critical wilting threshold (20.0%).,2025-10-09 14:00:00,2025-10-10 14:00:00
5.43,CRITICAL DEFICIT,Immediate Irrigation Urgently Required,High,Forecasted moisture (5.4%) is below critical wilting threshold (20.0%).,2025-10-09 15:00:00,2025-10-10 15:00:00
5.39,CRITICAL DEFICIT,Immediate Irrigation Urgently Required,High,Forecasted moisture (5.4%) is below critical wilting threshold (20.0%).,2025-10-09 16:00:00,2025-10-10 16:00:00
5.29,CRITICAL DEFICIT,Immediate Irrigation Urgently Required,High,Forecasted moisture (5.3%) is below critical wilting threshold (20.0%).,2025-10-09 17:00:00,2025-10-10 17:00:00
5.44,CRITICAL DEFICIT,Immediate Irrigation Urgently Required,High,Forecasted moisture (5.4%) is below critical wilting threshold (20.0%).,2025-10-09 18:00:00,2025-10-10 18:00:00
1.46,CRITICAL DEFICIT,Immediate Irrigation Urgently Required,High,Forecasted moisture (1.5%) is below critical wilting threshold (20.0%).,2025-10-09 19:00:00,2025-10-10 19:00:00
1.23,CRITICAL DEFICIT,Immediate Irrigation Urgently Required,High,Forecasted moisture (1.2%) is below critical wilting threshold (20.0%).,2025-10-09 20:00:00,2025-10-10 20:00:00
1.24,CRITICAL DEFICIT,Immediate Irrigation Urgently Required,High,Forecasted moisture (1.2%) is below critical wilting threshold (20.0%).,2025-10-09 21:00:00,2025-10-10 21:00:00
1.23,CRITICAL DEFICIT,Immediate Irrigation Urgently Required,High,Forecasted moisture (1.2%) is below critical wilting threshold (20.0%).,2025-10-09 22:00:00,2025-10-10 22:00:00
1.12,CRITICAL DEFICIT,Immediate Irrigation Urgently Required,High,Forecasted moisture (1.1%) is below critical wilting threshold (20.0%).,2025-10-09 23:00:00,2025-10-10 23:00:00
1.22,CRITICAL DEFICIT,Immediate Irrigation Urgently Required,High,Forecasted moisture (1.2%) is below critical wilting threshold (20.0%).,2025-10-10 00:00:00,2025-10-11 00:00:00
1.21,CRITICAL DEFICIT,Immediate Irrigation Urgently Required,High,Forecasted moisture (1.2%) is below critical wilting threshold (20.0%).,2025-10-10 01:00:00,2025-10-11 01:00:00
1.2,CRITICAL DEFICIT,Immediate Irrigation Urgently Required,High,Forecasted moisture (1.2%) is below critical wilting threshold (20.0%).,2025-10-10 02:00:00,2025-10-11 02:00:00
1.12,CRITICAL DEFICIT,Immediate Irrigation Urgently Required,High,Forecasted moisture (1.1%) is below critical wilting threshold (20.0%).,2025-10-10 03:00:00,2025-10-11 03:00:00
1.12,CRITICAL DEFICIT,Immediate Irrigation Urgently Required,High,Forecasted moisture (1.1%) is below critical wilting threshold (20.0%).,2025-10-10 04:00:00,2025-10-11 04:00:00
1.11,CRITICAL DEFICIT,Immediate Irrigation Urgently Required,High,Forecasted moisture (1.1%) is below critical wilting threshold (20.0%).,2025-10-10 05:00:00,2025-10-11 05:00:00
1.11,CRITICAL DEFICIT,Immediate Irrigation Urgently Required,High,Forecasted moisture (1.1%) is below critical wilting threshold (20.0%).,2025-10-10 06:00:00,2025-10-11 06:00:00
1.11,CRITICAL DEFICIT,Immediate Irrigation Urgently Required,High,Forecasted moisture (1.1%) is below critical wilting threshold (20.0%).,2025-10-10 07:00:00,2025-10-11 07:00:00
1.12,CRITICAL DEFICIT,Immediate Irrigation Urgently Required,High,Forecasted moisture (1.1%) is below critical wilting threshold (20.0%).,2025-10-10 08:00:00,2025-10-11 08:00:00
1.11,CRITICAL DEFICIT,Immediate Irrigation Urgently Required,High,Forecasted moisture (1.1%) is below critical wilting threshold (20.0%).,2025-10-10 09:00:00,2025-10-11 09:00:00
1.15,CRITICAL DEFICIT,Immediate Irrigation Urgently Required,High,Forecasted moisture (1.2%) is below critical wilting threshold (20.0%).,2025-10-10 10:00:00,2025-10-11 10:00:00
1.1,CRITICAL DEFICIT,Immediate Irrigation Urgently Required,High,Forecasted moisture (1.1%) is below critical wilting threshold (20.0%).,2025-10-10 11:00:00,2025-10-11 11:00:00
1.18,CRITICAL DEFICIT,Immediate Irrigation Urgently Required,High,Forecasted moisture (1.2%) is below critical wilting threshold (20.0%).,2025-10-10 12:00:00,2025-10-11 12:00:00
1.13,CRITICAL DEFICIT,Immediate Irrigation Urgently Required,High,Forecasted moisture (1.1%) is below critical wilting threshold (20.0%).,2025-10-10 13:00:00,2025-10-11 13:00:00
1.17,CRITICAL DEFICIT,Immediate Irrigation Urgently Required,High,Forecasted moisture (1.2%) is below critical wilting threshold (20.0%).,2025-10-10 14:00:00,2025-10-11 14:00:00
1.18,CRITICAL DEFICIT,Immediate Irrigation Urgently Required,High,Forecasted moisture (1.2%) is below critical wilting threshold (20.0%).,2025-10-10 15:00:00,2025-10-11 15:00:00
1.09,CRITICAL DEFICIT,Immediate Irrigation Urgently Required,High,Forecasted moisture (1.1%) is below critical wilting threshold (20.0%).,2025-10-10 16:00:00,2025-10-11 16:00:00
1.07,CRITICAL DEFICIT,Immediate Irrigation Urgently Required,High,Forecasted moisture (1.1%) is below critical wilting threshold (20.0%).,2025-10-10 17:00:00,2025-10-11 17:00:00
1.09,CRITICAL DEFICIT,Immediate Irrigation Urgently Required,High,Forecasted moisture (1.1%) is below critical wilting threshold (20.0%).,2025-10-10 18:00:00,2025-10-11 18:00:00
0.98,CRITICAL DEFICIT,Immediate Irrigation Urgently Required,High,Forecasted moisture (1.0%) is below critical wilting threshold (20.0%).,2025-10-10 19:00:00,2025-10-11 19:00:00
1.09,CRITICAL DEFICIT,Immediate Irrigation Urgently Required,High,Forecasted moisture (1.1%) is below critical wilting threshold (20.0%).,2025-10-10 20:00:00,2025-10-11 20:00:00
1.16,CRITICAL DEFICIT,Immediate Irrigation Urgently Required,High,Forecasted moisture (1.2%) is below critical wilting threshold (20.0%).,2025-10-10 21:00:00,2025-10-11 21:00:00
1.17,CRITICAL DEFICIT,Immediate Irrigation Urgently Required,High,Forecasted moisture (1.2%) is below critical wilting threshold (20.0%).,2025-10-10 22:00:00,2025-10-11 22:00:00
1.12,CRITICAL DEFICIT,Immediate Irrigation Urgently Required,High,Forecasted moisture (1.1%) is below critical wilting threshold (20.0%).,2025-10-10 23:00:00,2025-10-11 23:00:00
1.24,CRITICAL DEFICIT,Immediate Irrigation Urgently Required,High,Forecasted moisture (1.2%) is below critical wilting threshold (20.0%).,2025-10-11 00:00:00,2025-10-12 00:00:00
0.98,CRITICAL DEFICIT,Immediate Irrigation Urgently Required,High,Forecasted moisture (1.0%) is below critical wilting threshold (20.0%).,2025-10-11 01:00:00,2025-10-12 01:00:00
1.01,CRITICAL DEFICIT,Immediate Irrigation Urgently Required,High,Forecasted moisture (1.0%) is below critical wilting threshold (20.0%).,2025-10-11 02:00:00,2025-10-12 02:00:00
0.9,CRITICAL DEFICIT,Immediate Irrigation Urgently Required,High,Forecasted moisture (0.9%) is below critical wilting threshold (20.0%).,2025-10-11 03:00:00,2025-10-12 03:00:00
0.84,CRITICAL DEFICIT,Immediate Irrigation Urgently Required,High,Forecasted moisture (0.8%) is below critical wilting threshold (20.0%).,2025-10-11 04:00:00,2025-10-12 04:00:00
1.06,CRITICAL DEFICIT,Immediate Irrigation Urgently Required,High,Forecasted moisture (1.1%) is below critical wilting threshold (20.0%).,2025-10-11 05:00:00,2025-10-12 05:00:00
1.46,CRITICAL DEFICIT,Immediate Irrigation Urgently Required,High,Forecasted moisture (1.5%) is below critical wilting threshold (20.0%).,2025-10-11 06:00:00,2025-10-12 06:00:00
1.46,CRITICAL DEFICIT,Immediate Irrigation Urgently Required,High,Forecasted moisture (1.5%) is below critical wilting threshold (20.0%).,2025-10-11 07:00:00,2025-10-12 07:00:00
1.46,CRITICAL DEFICIT,Immediate Irrigation Urgently Required,High,Forecasted moisture (1.5%) is below critical wilting threshold (20.0%).,2025-10-11 08:00:00,2025-10-12 08:00:00
0.85,CRITICAL DEFICIT,Immediate Irrigation Urgently Required,High,Forecasted moisture (0.9%) is below critical wilting threshold (20.0%).,2025-10-11 09:00:00,2025-10-12 09:00:00
1.22,CRITICAL DEFICIT,Immediate Irrigation Urgently Required,High,Forecasted moisture (1.2%) is below critical wilting threshold (20.0%).,2025-10-11 10:00:00,2025-10-12 10:00:00
1.19,CRITICAL DEFICIT,Immediate Irrigation Urgently Required,High,Forecasted moisture (1.2%) is below critical wilting threshold (20.0%).,2025-10-11 11:00:00,2025-10-12 11:00:00
1.07,CRITICAL DEFICIT,Immediate Irrigation Urgently Required,High,Forecasted moisture (1.1%) is below critical wilting threshold (20.0%).,2025-10-11 12:00:00,2025-10-12 12:00:00
1.12,CRITICAL DEFICIT,Immediate Irrigation Urgently Required,High,Forecasted moisture (1.1%) is below critical wilting threshold (20.0%).,2025-10-11 13:00:00,2025-10-12 13:00:00
1.18,CRITICAL DEFICIT,Immediate Irrigation Urgently Required,High,Forecasted moisture (1.2%) is below critical wilting threshold (20.0%).,2025-10-11 14:00:00,2025-10-12 14:00:00
1.09,CRITICAL DEFICIT,Immediate Irrigation Urgently Required,High,Forecasted moisture (1.1%) is below critical wilting threshold (20.0%).,2025-10-11 15:00:00,2025-10-12 15:00:00
1.18,CRITICAL DEFICIT,Immediate Irrigation Urgently Required,High,Forecasted moisture (1.2%) is below critical wilting threshold (20.0%).,2025-10-11 16:00:00,2025-10-12 16:00:00
1.09,CRITICAL DEFICIT,Immediate Irrigation Urgently Required,High,Forecasted moisture (1.1%) is below critical wilting threshold (20.0%).,2025-10-11 17:00:00,2025-10-12 17:00:00
1.01,CRITICAL DEFICIT,Immediate Irrigation Urgently Required,High,Forecasted moisture (1.0%) is below critical wilting threshold (20.0%).,2025-10-11 18:00:00,2025-10-12 18:00:00
1.12,CRITICAL DEFICIT,Immediate Irrigation Urgently Required,High,Forecasted moisture (1.1%) is below critical wilting threshold (20.0%).,2025-10-11 19:00:00,2025-10-12 19:00:00
1.23,CRITICAL DEFICIT,Immediate Irrigation Urgently Required,High,Forecasted moisture (1.2%) is below critical wilting threshold (20.0%).,2025-10-11 20:00:00,2025-10-12 20:00:00
1.12,CRITICAL DEFICIT,Immediate Irrigation Urgently Required,High,Forecasted moisture (1.1%) is below critical wilting threshold (20.0%).,2025-10-11 21:00:00,2025-10-12 21:00:00
1.16,CRITICAL DEFICIT,Immediate Irrigation Urgently Required,High,Forecasted moisture (1.2%) is below critical wilting threshold (20.0%).,2025-10-11 22:00:00,2025-10-12 22:00:00
6.12,CRITICAL DEFICIT,Immediate Irrigation Urgently Required,High,Forecasted moisture (6.1%) is below critical wilting threshold (20.0%).,2025-10-11 23:00:00,2025-10-12 23:00:00
9.57,CRITICAL DEFICIT,Immediate Irrigation Urgently Required,High,Forecasted moisture (9.6%) is below critical wilting threshold (20.0%).,2025-10-12 00:00:00,2025-10-13 00:00:00
